date,data,stationary,det_lin_up,det_lin_down,det_quad,det_cubic,det_exp,det_damped,stoc_trend,volatility,single_seas,multiple_seas,point_anom_single,point_anom_multi,collect_anom,context_anom,mean_shift,var_shift,trend_shift,point_anom_count,point_anom_location,point_anom_point,collect_anom_count,collect_anom_location,collect_anom_start,collect_anom_end,context_anom_start,context_anom_end,mean_shift_count,mean_shift_location,mean_shift_point,variance_shift_count,variance_shift_location,variance_shift_points,trend_shift_count,trend_shift_location,trend_shift_points,trend_shift_type,is_multi_characteristic,characteristic_1_type,characteristic_2_type,is_point_anomaly_active,is_collective_anomaly_active,is_contextual_anomaly_active,is_mean_shift_active,is_variance_shift_active,is_trend_shift_active,is_linear_trend_active,is_quadratic_trend_active,is_cubic_trend_active,is_exponential_trend_active,is_damped_trend_active,is_single_seasonality_active,is_multiple_seasonality_active,is_seasonal_base_active,is_stochastic_base_active,is_volatility_base_active
2020-01-01,1.7159899973893722,0,0,1,0,0,0,0,0,0,0,0,0,0,0,0,0,0,0,0,none,,0,none,,,0,0,0,none,,0,none,,0,none,,none,0,Linear Trend,none,0,0,0,0,0,0,1,0,0,0,0,0,0,0,0,0
2020-01-02,1.6661117640224192,0,0,1,0,0,0,0,0,0,0,0,0,0,0,0,0,0,0,0,none,,0,none,,,0,0,0,none,,0,none,,0,none,,none,0,Linear Trend,none,0,0,0,0,0,0,1,0,0,0,0,0,0,0,0,0
2020-01-03,1.6677263690289263,0,0,1,0,0,0,0,0,0,0,0,0,0,0,0,0,0,0,0,none,,0,none,,,0,0,0,none,,0,none,,0,none,,none,0,Linear Trend,none,0,0,0,0,0,0,1,0,0,0,0,0,0,0,0,0
2020-01-04,1.6607104182100052,0,0,1,0,0,0,0,0,0,0,0,0,0,0,0,0,0,0,0,none,,0,none,,,0,0,0,none,,0,none,,0,none,,none,0,Linear Trend,none,0,0,0,0,0,0,1,0,0,0,0,0,0,0,0,0
2020-01-05,1.673667399922835,0,0,1,0,0,0,0,0,0,0,0,0,0,0,0,0,0,0,0,none,,0,none,,,0,0,0,none,,0,none,,0,none,,none,0,Linear Trend,none,0,0,0,0,0,0,1,0,0,0,0,0,0,0,0,0
2020-01-06,1.6257653483004286,0,0,1,0,0,0,0,0,0,0,0,0,0,0,0,0,0,0,0,none,,0,none,,,0,0,0,none,,0,none,,0,none,,none,0,Linear Trend,none,0,0,0,0,0,0,1,0,0,0,0,0,0,0,0,0
2020-01-07,1.6373252846220367,0,0,1,0,0,0,0,0,0,0,0,0,0,0,0,0,0,0,0,none,,0,none,,,0,0,0,none,,0,none,,0,none,,none,0,Linear Trend,none,0,0,0,0,0,0,1,0,0,0,0,0,0,0,0,0
2020-01-08,1.6509436891511382,0,0,1,0,0,0,0,0,0,0,0,0,0,0,0,0,0,0,0,none,,0,none,,,0,0,0,none,,0,none,,0,none,,none,0,Linear Trend,none,0,0,0,0,0,0,1,0,0,0,0,0,0,0,0,0
2020-01-09,1.615481822481194,0,0,1,0,0,0,0,0,0,0,0,0,0,0,0,0,0,0,0,none,,0,none,,,0,0,0,none,,0,none,,0,none,,none,0,Linear Trend,none,0,0,0,0,0,0,1,0,0,0,0,0,0,0,0,0
2020-01-10,1.6130278922258323,0,0,1,0,0,0,0,0,0,0,0,0,0,0,0,0,0,0,0,none,,0,none,,,0,0,0,none,,0,none,,0,none,,none,0,Linear Trend,none,0,0,0,0,0,0,1,0,0,0,0,0,0,0,0,0
2020-01-11,1.5937473450220445,0,0,1,0,0,0,0,0,0,0,0,0,0,0,0,0,0,0,0,none,,0,none,,,0,0,0,none,,0,none,,0,none,,none,0,Linear Trend,none,0,0,0,0,0,0,1,0,0,0,0,0,0,0,0,0
2020-01-12,1.6076456715390242,0,0,1,0,0,0,0,0,0,0,0,0,0,0,0,0,0,0,0,none,,0,none,,,0,0,0,none,,0,none,,0,none,,none,0,Linear Trend,none,0,0,0,0,0,0,1,0,0,0,0,0,0,0,0,0
2020-01-13,1.5572098136508443,0,0,1,0,0,0,0,0,0,0,0,0,0,0,0,0,0,0,0,none,,0,none,,,0,0,0,none,,0,none,,0,none,,none,0,Linear Trend,none,0,0,0,0,0,0,1,0,0,0,0,0,0,0,0,0
2020-01-14,1.5560882619579595,0,0,1,0,0,0,0,0,0,0,0,0,0,0,0,0,0,0,0,none,,0,none,,,0,0,0,none,,0,none,,0,none,,none,0,Linear Trend,none,0,0,0,0,0,0,1,0,0,0,0,0,0,0,0,0
2020-01-15,1.5481046467188793,0,0,1,0,0,0,0,0,0,0,0,0,0,0,0,0,0,0,0,none,,0,none,,,0,0,0,none,,0,none,,0,none,,none,0,Linear Trend,none,0,0,0,0,0,0,1,0,0,0,0,0,0,0,0,0
2020-01-16,1.573428516646923,0,0,1,0,0,0,0,0,0,0,0,0,0,0,0,0,0,0,0,none,,0,none,,,0,0,0,none,,0,none,,0,none,,none,0,Linear Trend,none,0,0,0,0,0,0,1,0,0,0,0,0,0,0,0,0
2020-01-17,1.587006991555888,0,0,1,0,0,0,0,0,0,0,0,0,0,0,0,0,0,0,0,none,,0,none,,,0,0,0,none,,0,none,,0,none,,none,0,Linear Trend,none,0,0,0,0,0,0,1,0,0,0,0,0,0,0,0,0
2020-01-18,1.4937489648620301,0,0,1,0,0,0,0,0,0,0,0,0,0,0,0,0,0,0,0,none,,0,none,,,0,0,0,none,,0,none,,0,none,,none,0,Linear Trend,none,0,0,0,0,0,0,1,0,0,0,0,0,0,0,0,0
2020-01-19,1.5304768543311171,0,0,1,0,0,0,0,0,0,0,0,0,0,0,0,0,0,0,0,none,,0,none,,,0,0,0,none,,0,none,,0,none,,none,0,Linear Trend,none,0,0,0,0,0,0,1,0,0,0,0,0,0,0,0,0
2020-01-20,1.4851775329917682,0,0,1,0,0,0,0,0,0,0,0,0,0,0,0,0,0,0,0,none,,0,none,,,0,0,0,none,,0,none,,0,none,,none,0,Linear Trend,none,0,0,0,0,0,0,1,0,0,0,0,0,0,0,0,0
2020-01-21,1.513030586651983,0,0,1,0,0,0,0,0,0,0,0,0,0,0,0,0,0,0,0,none,,0,none,,,0,0,0,none,,0,none,,0,none,,none,0,Linear Trend,none,0,0,0,0,0,0,1,0,0,0,0,0,0,0,0,0
2020-01-22,1.4607981715738532,0,0,1,0,0,0,0,0,0,0,0,0,0,0,0,0,0,0,0,none,,0,none,,,0,0,0,none,,0,none,,0,none,,none,0,Linear Trend,none,0,0,0,0,0,0,1,0,0,0,0,0,0,0,0,0
2020-01-23,1.4519111881421454,0,0,1,0,0,0,0,0,0,0,0,0,0,0,0,0,0,0,0,none,,0,none,,,0,0,0,none,,0,none,,0,none,,none,0,Linear Trend,none,0,0,0,0,0,0,1,0,0,0,0,0,0,0,0,0
2020-01-24,1.4725528602052957,0,0,1,0,0,0,0,0,0,0,0,0,0,0,0,0,0,0,0,none,,0,none,,,0,0,0,none,,0,none,,0,none,,none,0,Linear Trend,none,0,0,0,0,0,0,1,0,0,0,0,0,0,0,0,0
2020-01-25,1.400221129152456,0,0,1,0,0,0,0,0,0,0,0,0,0,0,0,0,0,0,0,none,,0,none,,,0,0,0,none,,0,none,,0,none,,none,0,Linear Trend,none,0,0,0,0,0,0,1,0,0,0,0,0,0,0,0,0
2020-01-26,1.3986931989069455,0,0,1,0,0,0,0,0,0,0,0,0,0,0,0,0,0,0,0,none,,0,none,,,0,0,0,none,,0,none,,0,none,,none,0,Linear Trend,none,0,0,0,0,0,0,1,0,0,0,0,0,0,0,0,0
2020-01-27,1.3805883423695429,0,0,1,0,0,0,0,0,0,0,0,0,0,0,0,0,0,0,0,none,,0,none,,,0,0,0,none,,0,none,,0,none,,none,0,Linear Trend,none,0,0,0,0,0,0,1,0,0,0,0,0,0,0,0,0
2020-01-28,1.3910564004391077,0,0,1,0,0,0,0,0,0,0,0,0,0,0,0,0,0,0,0,none,,0,none,,,0,0,0,none,,0,none,,0,none,,none,0,Linear Trend,none,0,0,0,0,0,0,1,0,0,0,0,0,0,0,0,0
2020-01-29,1.3778613870988201,0,0,1,0,0,0,0,0,0,0,0,0,0,0,0,0,0,0,0,none,,0,none,,,0,0,0,none,,0,none,,0,none,,none,0,Linear Trend,none,0,0,0,0,0,0,1,0,0,0,0,0,0,0,0,0
2020-01-30,1.4069243706699748,0,0,1,0,0,0,0,0,0,0,0,0,0,0,0,0,0,0,0,none,,0,none,,,0,0,0,none,,0,none,,0,none,,none,0,Linear Trend,none,0,0,0,0,0,0,1,0,0,0,0,0,0,0,0,0
2020-01-31,1.416139503639214,0,0,1,0,0,0,0,0,0,0,0,0,0,0,0,0,0,0,0,none,,0,none,,,0,0,0,none,,0,none,,0,none,,none,0,Linear Trend,none,0,0,0,0,0,0,1,0,0,0,0,0,0,0,0,0
2020-02-01,1.353054231337473,0,0,1,0,0,0,0,0,0,0,0,0,0,0,0,0,0,0,0,none,,0,none,,,0,0,0,none,,0,none,,0,none,,none,0,Linear Trend,none,0,0,0,0,0,0,1,0,0,0,0,0,0,0,0,0
2020-02-02,1.3670248633770092,0,0,1,0,0,0,0,0,0,0,0,0,0,0,0,0,0,0,0,none,,0,none,,,0,0,0,none,,0,none,,0,none,,none,0,Linear Trend,none,0,0,0,0,0,0,1,0,0,0,0,0,0,0,0,0
2020-02-03,1.3219262690796123,0,0,1,0,0,0,0,0,0,0,0,0,0,0,0,0,0,0,0,none,,0,none,,,0,0,0,none,,0,none,,0,none,,none,0,Linear Trend,none,0,0,0,0,0,0,1,0,0,0,0,0,0,0,0,0
2020-02-04,1.3226077631712783,0,0,1,0,0,0,0,0,0,0,0,0,0,0,0,0,0,0,0,none,,0,none,,,0,0,0,none,,0,none,,0,none,,none,0,Linear Trend,none,0,0,0,0,0,0,1,0,0,0,0,0,0,0,0,0
2020-02-05,1.3045237774111387,0,0,1,0,0,0,0,0,0,0,0,0,0,0,0,0,0,0,0,none,,0,none,,,0,0,0,none,,0,none,,0,none,,none,0,Linear Trend,none,0,0,0,0,0,0,1,0,0,0,0,0,0,0,0,0
2020-02-06,1.220594911158995,0,0,1,0,0,0,0,0,0,0,0,0,0,0,0,0,0,0,0,none,,0,none,,,0,0,0,none,,0,none,,0,none,,none,0,Linear Trend,none,0,0,0,0,0,0,1,0,0,0,0,0,0,0,0,0
2020-02-07,1.2920079381568927,0,0,1,0,0,0,0,0,0,0,0,0,0,0,0,0,0,0,0,none,,0,none,,,0,0,0,none,,0,none,,0,none,,none,0,Linear Trend,none,0,0,0,0,0,0,1,0,0,0,0,0,0,0,0,0
2020-02-08,1.2447980091107853,0,0,1,0,0,0,0,0,0,0,0,0,0,0,0,0,0,0,0,none,,0,none,,,0,0,0,none,,0,none,,0,none,,none,0,Linear Trend,none,0,0,0,0,0,0,1,0,0,0,0,0,0,0,0,0
2020-02-09,1.2304588319482275,0,0,1,0,0,0,0,0,0,0,0,0,0,0,0,0,0,0,0,none,,0,none,,,0,0,0,none,,0,none,,0,none,,none,0,Linear Trend,none,0,0,0,0,0,0,1,0,0,0,0,0,0,0,0,0
2020-02-10,1.2439150351981474,0,0,1,0,0,0,0,0,0,0,0,0,0,0,0,0,0,0,0,none,,0,none,,,0,0,0,none,,0,none,,0,none,,none,0,Linear Trend,none,0,0,0,0,0,0,1,0,0,0,0,0,0,0,0,0
2020-02-11,1.1920467282012075,0,0,1,0,0,0,0,0,0,0,0,0,0,0,0,0,0,0,0,none,,0,none,,,0,0,0,none,,0,none,,0,none,,none,0,Linear Trend,none,0,0,0,0,0,0,1,0,0,0,0,0,0,0,0,0
2020-02-12,1.2299717376424357,0,0,1,0,0,0,0,0,0,0,0,0,0,0,0,0,0,0,0,none,,0,none,,,0,0,0,none,,0,none,,0,none,,none,0,Linear Trend,none,0,0,0,0,0,0,1,0,0,0,0,0,0,0,0,0
2020-02-13,1.2210064161956091,0,0,1,0,0,0,0,0,0,0,0,0,0,0,0,0,0,0,0,none,,0,none,,,0,0,0,none,,0,none,,0,none,,none,0,Linear Trend,none,0,0,0,0,0,0,1,0,0,0,0,0,0,0,0,0
2020-02-14,1.1892039419410572,0,0,1,0,0,0,0,0,0,0,0,0,0,0,0,0,0,0,0,none,,0,none,,,0,0,0,none,,0,none,,0,none,,none,0,Linear Trend,none,0,0,0,0,0,0,1,0,0,0,0,0,0,0,0,0
2020-02-15,1.1943679351960874,0,0,1,0,0,0,0,0,0,0,0,0,0,0,0,0,0,0,0,none,,0,none,,,0,0,0,none,,0,none,,0,none,,none,0,Linear Trend,none,0,0,0,0,0,0,1,0,0,0,0,0,0,0,0,0
2020-02-16,1.2307664708473887,0,0,1,0,0,0,0,0,0,0,0,0,0,0,0,0,0,0,0,none,,0,none,,,0,0,0,none,,0,none,,0,none,,none,0,Linear Trend,none,0,0,0,0,0,0,1,0,0,0,0,0,0,0,0,0
2020-02-17,1.164367282885358,0,0,1,0,0,0,0,0,0,0,0,0,0,0,0,0,0,0,0,none,,0,none,,,0,0,0,none,,0,none,,0,none,,none,0,Linear Trend,none,0,0,0,0,0,0,1,0,0,0,0,0,0,0,0,0
2020-02-18,1.1481428571960826,0,0,1,0,0,0,0,0,0,0,0,0,0,0,0,0,0,0,0,none,,0,none,,,0,0,0,none,,0,none,,0,none,,none,0,Linear Trend,none,0,0,0,0,0,0,1,0,0,0,0,0,0,0,0,0
2020-02-19,1.1972200027749842,0,0,1,0,0,0,0,0,0,0,0,0,0,0,0,0,0,0,0,none,,0,none,,,0,0,0,none,,0,none,,0,none,,none,0,Linear Trend,none,0,0,0,0,0,0,1,0,0,0,0,0,0,0,0,0
2020-02-20,1.1677283430114525,0,0,1,0,0,0,0,0,0,0,0,0,0,0,0,0,0,0,0,none,,0,none,,,0,0,0,none,,0,none,,0,none,,none,0,Linear Trend,none,0,0,0,0,0,0,1,0,0,0,0,0,0,0,0,0
2020-02-21,1.1435343974183845,0,0,1,0,0,0,0,0,0,0,0,0,0,0,0,0,0,0,0,none,,0,none,,,0,0,0,none,,0,none,,0,none,,none,0,Linear Trend,none,0,0,0,0,0,0,1,0,0,0,0,0,0,0,0,0
2020-02-22,1.075849941537642,0,0,1,0,0,0,0,0,0,0,0,0,0,0,0,0,0,0,0,none,,0,none,,,0,0,0,none,,0,none,,0,none,,none,0,Linear Trend,none,0,0,0,0,0,0,1,0,0,0,0,0,0,0,0,0
2020-02-23,1.0629958420540482,0,0,1,0,0,0,0,0,0,0,0,0,0,0,0,0,0,0,0,none,,0,none,,,0,0,0,none,,0,none,,0,none,,none,0,Linear Trend,none,0,0,0,0,0,0,1,0,0,0,0,0,0,0,0,0
2020-02-24,1.0809314561856453,0,0,1,0,0,0,0,0,0,0,0,0,0,0,0,0,0,0,0,none,,0,none,,,0,0,0,none,,0,none,,0,none,,none,0,Linear Trend,none,0,0,0,0,0,0,1,0,0,0,0,0,0,0,0,0
2020-02-25,1.0477805044731048,0,0,1,0,0,0,0,0,0,0,0,0,0,0,0,0,0,0,0,none,,0,none,,,0,0,0,none,,0,none,,0,none,,none,0,Linear Trend,none,0,0,0,0,0,0,1,0,0,0,0,0,0,0,0,0
2020-02-26,1.0471130934099433,0,0,1,0,0,0,0,0,0,0,0,0,0,0,0,0,0,0,0,none,,0,none,,,0,0,0,none,,0,none,,0,none,,none,0,Linear Trend,none,0,0,0,0,0,0,1,0,0,0,0,0,0,0,0,0
2020-02-27,1.0330430735925213,0,0,1,0,0,0,0,0,0,0,0,0,0,0,0,0,0,0,0,none,,0,none,,,0,0,0,none,,0,none,,0,none,,none,0,Linear Trend,none,0,0,0,0,0,0,1,0,0,0,0,0,0,0,0,0
2020-02-28,1.036061630968223,0,0,1,0,0,0,0,0,0,0,0,0,0,0,0,0,0,0,0,none,,0,none,,,0,0,0,none,,0,none,,0,none,,none,0,Linear Trend,none,0,0,0,0,0,0,1,0,0,0,0,0,0,0,0,0
2020-02-29,1.037756404594148,0,0,1,0,0,0,0,0,0,0,0,0,0,0,0,0,0,0,0,none,,0,none,,,0,0,0,none,,0,none,,0,none,,none,0,Linear Trend,none,0,0,0,0,0,0,1,0,0,0,0,0,0,0,0,0
2020-03-01,1.01285263714316,0,0,1,0,0,0,0,0,0,0,0,0,0,0,0,0,0,0,0,none,,0,none,,,0,0,0,none,,0,none,,0,none,,none,0,Linear Trend,none,0,0,0,0,0,0,1,0,0,0,0,0,0,0,0,0
2020-03-02,0.9628265071747764,0,0,1,0,0,0,0,0,0,0,0,0,0,0,0,0,0,0,0,none,,0,none,,,0,0,0,none,,0,none,,0,none,,none,0,Linear Trend,none,0,0,0,0,0,0,1,0,0,0,0,0,0,0,0,0
2020-03-03,0.9633000714904516,0,0,1,0,0,0,0,0,0,0,0,0,0,0,0,0,0,0,0,none,,0,none,,,0,0,0,none,,0,none,,0,none,,none,0,Linear Trend,none,0,0,0,0,0,0,1,0,0,0,0,0,0,0,0,0
2020-03-04,0.9348706713995834,0,0,1,0,0,0,0,0,0,0,0,0,0,0,0,0,0,0,0,none,,0,none,,,0,0,0,none,,0,none,,0,none,,none,0,Linear Trend,none,0,0,0,0,0,0,1,0,0,0,0,0,0,0,0,0
2020-03-05,0.9443172184972668,0,0,1,0,0,0,0,0,0,0,0,0,0,0,0,0,0,0,0,none,,0,none,,,0,0,0,none,,0,none,,0,none,,none,0,Linear Trend,none,0,0,0,0,0,0,1,0,0,0,0,0,0,0,0,0
2020-03-06,0.8911268840617358,0,0,1,0,0,0,0,0,0,0,0,0,0,0,0,0,0,0,0,none,,0,none,,,0,0,0,none,,0,none,,0,none,,none,0,Linear Trend,none,0,0,0,0,0,0,1,0,0,0,0,0,0,0,0,0
2020-03-07,0.9299779448004695,0,0,1,0,0,0,0,0,0,0,0,0,0,0,0,0,0,0,0,none,,0,none,,,0,0,0,none,,0,none,,0,none,,none,0,Linear Trend,none,0,0,0,0,0,0,1,0,0,0,0,0,0,0,0,0
2020-03-08,0.9212423229884852,0,0,1,0,0,0,0,0,0,0,0,0,0,0,0,0,0,0,0,none,,0,none,,,0,0,0,none,,0,none,,0,none,,none,0,Linear Trend,none,0,0,0,0,0,0,1,0,0,0,0,0,0,0,0,0
2020-03-09,0.8523692490933955,0,0,1,0,0,0,0,0,0,0,0,0,0,0,0,0,0,0,0,none,,0,none,,,0,0,0,none,,0,none,,0,none,,none,0,Linear Trend,none,0,0,0,0,0,0,1,0,0,0,0,0,0,0,0,0
2020-03-10,0.8780034248813618,0,0,1,0,0,0,0,0,0,0,0,0,0,0,0,0,0,0,0,none,,0,none,,,0,0,0,none,,0,none,,0,none,,none,0,Linear Trend,none,0,0,0,0,0,0,1,0,0,0,0,0,0,0,0,0
2020-03-11,0.8679719109498837,0,0,1,0,0,0,0,0,0,0,0,0,0,0,0,0,0,0,0,none,,0,none,,,0,0,0,none,,0,none,,0,none,,none,0,Linear Trend,none,0,0,0,0,0,0,1,0,0,0,0,0,0,0,0,0
2020-03-12,0.8610170018923884,0,0,1,0,0,0,0,0,0,0,0,0,0,0,0,0,0,0,0,none,,0,none,,,0,0,0,none,,0,none,,0,none,,none,0,Linear Trend,none,0,0,0,0,0,0,1,0,0,0,0,0,0,0,0,0
2020-03-13,0.8268153025583901,0,0,1,0,0,0,0,0,0,0,0,0,0,0,0,0,0,0,0,none,,0,none,,,0,0,0,none,,0,none,,0,none,,none,0,Linear Trend,none,0,0,0,0,0,0,1,0,0,0,0,0,0,0,0,0
2020-03-14,0.8315051321783333,0,0,1,0,0,0,0,0,0,0,0,0,0,0,0,0,0,0,0,none,,0,none,,,0,0,0,none,,0,none,,0,none,,none,0,Linear Trend,none,0,0,0,0,0,0,1,0,0,0,0,0,0,0,0,0
2020-03-15,0.848030414020167,0,0,1,0,0,0,0,0,0,0,0,0,0,0,0,0,0,0,0,none,,0,none,,,0,0,0,none,,0,none,,0,none,,none,0,Linear Trend,none,0,0,0,0,0,0,1,0,0,0,0,0,0,0,0,0
2020-03-16,0.84451345575026,0,0,1,0,0,0,0,0,0,0,0,0,0,0,0,0,0,0,0,none,,0,none,,,0,0,0,none,,0,none,,0,none,,none,0,Linear Trend,none,0,0,0,0,0,0,1,0,0,0,0,0,0,0,0,0
2020-03-17,0.832286692234882,0,0,1,0,0,0,0,0,0,0,0,0,0,0,0,0,0,0,0,none,,0,none,,,0,0,0,none,,0,none,,0,none,,none,0,Linear Trend,none,0,0,0,0,0,0,1,0,0,0,0,0,0,0,0,0
2020-03-18,0.8437757239209865,0,0,1,0,0,0,0,0,0,0,0,0,0,0,0,0,0,0,0,none,,0,none,,,0,0,0,none,,0,none,,0,none,,none,0,Linear Trend,none,0,0,0,0,0,0,1,0,0,0,0,0,0,0,0,0
2020-03-19,0.8180566463906986,0,0,1,0,0,0,0,0,0,0,0,0,0,0,0,0,0,0,0,none,,0,none,,,0,0,0,none,,0,none,,0,none,,none,0,Linear Trend,none,0,0,0,0,0,0,1,0,0,0,0,0,0,0,0,0
2020-03-20,0.7989143953378693,0,0,1,0,0,0,0,0,0,0,0,0,0,0,0,0,0,0,0,none,,0,none,,,0,0,0,none,,0,none,,0,none,,none,0,Linear Trend,none,0,0,0,0,0,0,1,0,0,0,0,0,0,0,0,0
2020-03-21,0.7956883958037754,0,0,1,0,0,0,0,0,0,0,0,0,0,0,0,0,0,0,0,none,,0,none,,,0,0,0,none,,0,none,,0,none,,none,0,Linear Trend,none,0,0,0,0,0,0,1,0,0,0,0,0,0,0,0,0
2020-03-22,0.7456022769817807,0,0,1,0,0,0,0,0,0,0,0,0,0,0,0,0,0,0,0,none,,0,none,,,0,0,0,none,,0,none,,0,none,,none,0,Linear Trend,none,0,0,0,0,0,0,1,0,0,0,0,0,0,0,0,0
2020-03-23,0.7226850531948307,0,0,1,0,0,0,0,0,0,0,0,0,0,0,0,0,0,0,0,none,,0,none,,,0,0,0,none,,0,none,,0,none,,none,0,Linear Trend,none,0,0,0,0,0,0,1,0,0,0,0,0,0,0,0,0
2020-03-24,0.7197837681515664,0,0,1,0,0,0,0,0,0,0,0,0,0,0,0,0,0,0,0,none,,0,none,,,0,0,0,none,,0,none,,0,none,,none,0,Linear Trend,none,0,0,0,0,0,0,1,0,0,0,0,0,0,0,0,0
2020-03-25,0.7154005558088792,0,0,1,0,0,0,0,0,0,0,0,0,0,0,0,0,0,0,0,none,,0,none,,,0,0,0,none,,0,none,,0,none,,none,0,Linear Trend,none,0,0,0,0,0,0,1,0,0,0,0,0,0,0,0,0
2020-03-26,0.7087628180378132,0,0,1,0,0,0,0,0,0,0,0,0,0,0,0,0,0,0,0,none,,0,none,,,0,0,0,none,,0,none,,0,none,,none,0,Linear Trend,none,0,0,0,0,0,0,1,0,0,0,0,0,0,0,0,0
2020-03-27,0.6997711946276203,0,0,1,0,0,0,0,0,0,0,0,0,0,0,0,0,0,0,0,none,,0,none,,,0,0,0,none,,0,none,,0,none,,none,0,Linear Trend,none,0,0,0,0,0,0,1,0,0,0,0,0,0,0,0,0
2020-03-28,0.695712371129214,0,0,1,0,0,0,0,0,0,0,0,0,0,0,0,0,0,0,0,none,,0,none,,,0,0,0,none,,0,none,,0,none,,none,0,Linear Trend,none,0,0,0,0,0,0,1,0,0,0,0,0,0,0,0,0
2020-03-29,0.6749154341309105,0,0,1,0,0,0,0,0,0,0,0,0,0,0,0,0,0,0,0,none,,0,none,,,0,0,0,none,,0,none,,0,none,,none,0,Linear Trend,none,0,0,0,0,0,0,1,0,0,0,0,0,0,0,0,0
2020-03-30,0.620615360781862,0,0,1,0,0,0,0,0,0,0,0,0,0,0,0,0,0,0,0,none,,0,none,,,0,0,0,none,,0,none,,0,none,,none,0,Linear Trend,none,0,0,0,0,0,0,1,0,0,0,0,0,0,0,0,0
2020-03-31,0.5866423940302544,0,0,1,0,0,0,0,0,0,0,0,0,0,0,0,0,0,0,0,none,,0,none,,,0,0,0,none,,0,none,,0,none,,none,0,Linear Trend,none,0,0,0,0,0,0,1,0,0,0,0,0,0,0,0,0
2020-04-01,0.6653884705139659,0,0,1,0,0,0,0,0,0,0,0,0,0,0,0,0,0,0,0,none,,0,none,,,0,0,0,none,,0,none,,0,none,,none,0,Linear Trend,none,0,0,0,0,0,0,1,0,0,0,0,0,0,0,0,0
2020-04-02,0.5698221463301529,0,0,1,0,0,0,0,0,0,0,0,0,0,0,0,0,0,0,0,none,,0,none,,,0,0,0,none,,0,none,,0,none,,none,0,Linear Trend,none,0,0,0,0,0,0,1,0,0,0,0,0,0,0,0,0
2020-04-03,0.5876500563869926,0,0,1,0,0,0,0,0,0,0,0,0,0,0,0,0,0,0,0,none,,0,none,,,0,0,0,none,,0,none,,0,none,,none,0,Linear Trend,none,0,0,0,0,0,0,1,0,0,0,0,0,0,0,0,0
2020-04-04,0.593590798509705,0,0,1,0,0,0,0,0,0,0,0,0,0,0,0,0,0,0,0,none,,0,none,,,0,0,0,none,,0,none,,0,none,,none,0,Linear Trend,none,0,0,0,0,0,0,1,0,0,0,0,0,0,0,0,0
2020-04-05,0.625364658013552,0,0,1,0,0,0,0,0,0,0,0,0,0,0,0,0,0,0,0,none,,0,none,,,0,0,0,none,,0,none,,0,none,,none,0,Linear Trend,none,0,0,0,0,0,0,1,0,0,0,0,0,0,0,0,0
2020-04-06,0.5363762493481707,0,0,1,0,0,0,0,0,0,0,0,0,0,0,0,0,0,0,0,none,,0,none,,,0,0,0,none,,0,none,,0,none,,none,0,Linear Trend,none,0,0,0,0,0,0,1,0,0,0,0,0,0,0,0,0
2020-04-07,0.5551515171016317,0,0,1,0,0,0,0,0,0,0,0,0,0,0,0,0,0,0,0,none,,0,none,,,0,0,0,none,,0,none,,0,none,,none,0,Linear Trend,none,0,0,0,0,0,0,1,0,0,0,0,0,0,0,0,0
2020-04-08,0.5464653575497409,0,0,1,0,0,0,0,0,0,0,0,0,0,0,0,0,0,0,0,none,,0,none,,,0,0,0,none,,0,none,,0,none,,none,0,Linear Trend,none,0,0,0,0,0,0,1,0,0,0,0,0,0,0,0,0
2020-04-09,0.5254955393013087,0,0,1,0,0,0,0,0,0,0,0,0,0,0,0,0,0,0,0,none,,0,none,,,0,0,0,none,,0,none,,0,none,,none,0,Linear Trend,none,0,0,0,0,0,0,1,0,0,0,0,0,0,0,0,0
2020-04-10,0.43444671750094543,0,0,1,0,0,0,0,0,0,0,0,0,0,0,0,0,0,0,0,none,,0,none,,,0,0,0,none,,0,none,,0,none,,none,0,Linear Trend,none,0,0,0,0,0,0,1,0,0,0,0,0,0,0,0,0
2020-04-11,0.4634876921788608,0,0,1,0,0,0,0,0,0,0,0,0,0,0,0,0,0,0,0,none,,0,none,,,0,0,0,none,,0,none,,0,none,,none,0,Linear Trend,none,0,0,0,0,0,0,1,0,0,0,0,0,0,0,0,0
2020-04-12,0.48566512816528207,0,0,1,0,0,0,0,0,0,0,0,0,0,0,0,0,0,0,0,none,,0,none,,,0,0,0,none,,0,none,,0,none,,none,0,Linear Trend,none,0,0,0,0,0,0,1,0,0,0,0,0,0,0,0,0
2020-04-13,0.4502548906801463,0,0,1,0,0,0,0,0,0,0,0,0,0,0,0,0,0,0,0,none,,0,none,,,0,0,0,none,,0,none,,0,none,,none,0,Linear Trend,none,0,0,0,0,0,0,1,0,0,0,0,0,0,0,0,0
2020-04-14,0.45877199378917355,0,0,1,0,0,0,0,0,0,0,0,0,0,0,0,0,0,0,0,none,,0,none,,,0,0,0,none,,0,none,,0,none,,none,0,Linear Trend,none,0,0,0,0,0,0,1,0,0,0,0,0,0,0,0,0
2020-04-15,0.48738429654120086,0,0,1,0,0,0,0,0,0,0,0,0,0,0,0,0,0,0,0,none,,0,none,,,0,0,0,none,,0,none,,0,none,,none,0,Linear Trend,none,0,0,0,0,0,0,1,0,0,0,0,0,0,0,0,0
2020-04-16,0.4547743975510468,0,0,1,0,0,0,0,0,0,0,0,0,0,0,0,0,0,0,0,none,,0,none,,,0,0,0,none,,0,none,,0,none,,none,0,Linear Trend,none,0,0,0,0,0,0,1,0,0,0,0,0,0,0,0,0
2020-04-17,0.4606343212822671,0,0,1,0,0,0,0,0,0,0,0,0,0,0,0,0,0,0,0,none,,0,none,,,0,0,0,none,,0,none,,0,none,,none,0,Linear Trend,none,0,0,0,0,0,0,1,0,0,0,0,0,0,0,0,0
2020-04-18,0.44230730960491305,0,0,1,0,0,0,0,0,0,0,0,0,0,0,0,0,0,0,0,none,,0,none,,,0,0,0,none,,0,none,,0,none,,none,0,Linear Trend,none,0,0,0,0,0,0,1,0,0,0,0,0,0,0,0,0
2020-04-19,0.4276043962296619,0,0,1,0,0,0,0,0,0,0,0,0,0,0,0,0,0,0,0,none,,0,none,,,0,0,0,none,,0,none,,0,none,,none,0,Linear Trend,none,0,0,0,0,0,0,1,0,0,0,0,0,0,0,0,0
2020-04-20,0.38114142903232445,0,0,1,0,0,0,0,0,0,0,0,0,0,0,0,0,0,0,0,none,,0,none,,,0,0,0,none,,0,none,,0,none,,none,0,Linear Trend,none,0,0,0,0,0,0,1,0,0,0,0,0,0,0,0,0
2020-04-21,0.3651840173478836,0,0,1,0,0,0,0,0,0,0,0,0,0,0,0,0,0,0,0,none,,0,none,,,0,0,0,none,,0,none,,0,none,,none,0,Linear Trend,none,0,0,0,0,0,0,1,0,0,0,0,0,0,0,0,0
2020-04-22,0.35056739409104914,0,0,1,0,0,0,0,0,0,0,0,0,0,0,0,0,0,0,0,none,,0,none,,,0,0,0,none,,0,none,,0,none,,none,0,Linear Trend,none,0,0,0,0,0,0,1,0,0,0,0,0,0,0,0,0
2020-04-23,0.36280905980084854,0,0,1,0,0,0,0,0,0,0,0,0,0,0,0,0,0,0,0,none,,0,none,,,0,0,0,none,,0,none,,0,none,,none,0,Linear Trend,none,0,0,0,0,0,0,1,0,0,0,0,0,0,0,0,0
2020-04-24,0.34348379239202037,0,0,1,0,0,0,0,0,0,0,0,0,0,0,0,0,0,0,0,none,,0,none,,,0,0,0,none,,0,none,,0,none,,none,0,Linear Trend,none,0,0,0,0,0,0,1,0,0,0,0,0,0,0,0,0
2020-04-25,0.3174290167731914,0,0,1,0,0,0,0,0,0,0,0,0,0,0,0,0,0,0,0,none,,0,none,,,0,0,0,none,,0,none,,0,none,,none,0,Linear Trend,none,0,0,0,0,0,0,1,0,0,0,0,0,0,0,0,0
2020-04-26,0.26246727835923733,0,0,1,0,0,0,0,0,0,0,0,0,0,0,0,0,0,0,0,none,,0,none,,,0,0,0,none,,0,none,,0,none,,none,0,Linear Trend,none,0,0,0,0,0,0,1,0,0,0,0,0,0,0,0,0
2020-04-27,0.28514101912735007,0,0,1,0,0,0,0,0,0,0,0,0,0,0,0,0,0,0,0,none,,0,none,,,0,0,0,none,,0,none,,0,none,,none,0,Linear Trend,none,0,0,0,0,0,0,1,0,0,0,0,0,0,0,0,0
2020-04-28,0.2557664102898081,0,0,1,0,0,0,0,0,0,0,0,0,0,0,0,0,0,0,0,none,,0,none,,,0,0,0,none,,0,none,,0,none,,none,0,Linear Trend,none,0,0,0,0,0,0,1,0,0,0,0,0,0,0,0,0
2020-04-29,0.321105872250525,0,0,1,0,0,0,0,0,0,0,0,0,0,0,0,0,0,0,0,none,,0,none,,,0,0,0,none,,0,none,,0,none,,none,0,Linear Trend,none,0,0,0,0,0,0,1,0,0,0,0,0,0,0,0,0
2020-04-30,0.30086118606681783,0,0,1,0,0,0,0,0,0,0,0,0,0,0,0,0,0,0,0,none,,0,none,,,0,0,0,none,,0,none,,0,none,,none,0,Linear Trend,none,0,0,0,0,0,0,1,0,0,0,0,0,0,0,0,0
2020-05-01,0.22385621121706895,0,0,1,0,0,0,0,0,0,0,0,0,0,0,0,0,0,0,0,none,,0,none,,,0,0,0,none,,0,none,,0,none,,none,0,Linear Trend,none,0,0,0,0,0,0,1,0,0,0,0,0,0,0,0,0
2020-05-02,0.2569473896739038,0,0,1,0,0,0,0,0,0,0,0,0,0,0,0,0,0,0,0,none,,0,none,,,0,0,0,none,,0,none,,0,none,,none,0,Linear Trend,none,0,0,0,0,0,0,1,0,0,0,0,0,0,0,0,0
2020-05-03,0.2200909667412731,0,0,1,0,0,0,0,0,0,0,0,0,0,0,0,0,0,0,0,none,,0,none,,,0,0,0,none,,0,none,,0,none,,none,0,Linear Trend,none,0,0,0,0,0,0,1,0,0,0,0,0,0,0,0,0
2020-05-04,0.2004392923662357,0,0,1,0,0,0,0,0,0,0,0,0,0,0,0,0,0,0,0,none,,0,none,,,0,0,0,none,,0,none,,0,none,,none,0,Linear Trend,none,0,0,0,0,0,0,1,0,0,0,0,0,0,0,0,0
2020-05-05,0.27061103513153395,0,0,1,0,0,0,0,0,0,0,0,0,0,0,0,0,0,0,0,none,,0,none,,,0,0,0,none,,0,none,,0,none,,none,0,Linear Trend,none,0,0,0,0,0,0,1,0,0,0,0,0,0,0,0,0
2020-05-06,0.16867962250011895,0,0,1,0,0,0,0,0,0,0,0,0,0,0,0,0,0,0,0,none,,0,none,,,0,0,0,none,,0,none,,0,none,,none,0,Linear Trend,none,0,0,0,0,0,0,1,0,0,0,0,0,0,0,0,0
2020-05-07,0.14953908848833417,0,0,1,0,0,0,0,0,0,0,0,0,0,0,0,0,0,0,0,none,,0,none,,,0,0,0,none,,0,none,,0,none,,none,0,Linear Trend,none,0,0,0,0,0,0,1,0,0,0,0,0,0,0,0,0
2020-05-08,0.16130297957772163,0,0,1,0,0,0,0,0,0,0,0,0,0,0,0,0,0,0,0,none,,0,none,,,0,0,0,none,,0,none,,0,none,,none,0,Linear Trend,none,0,0,0,0,0,0,1,0,0,0,0,0,0,0,0,0
2020-05-09,0.22605162324018221,0,0,1,0,0,0,0,0,0,0,0,0,0,0,0,0,0,0,0,none,,0,none,,,0,0,0,none,,0,none,,0,none,,none,0,Linear Trend,none,0,0,0,0,0,0,1,0,0,0,0,0,0,0,0,0
2020-05-10,0.14909713348686257,0,0,1,0,0,0,0,0,0,0,0,0,0,0,0,0,0,0,0,none,,0,none,,,0,0,0,none,,0,none,,0,none,,none,0,Linear Trend,none,0,0,0,0,0,0,1,0,0,0,0,0,0,0,0,0
2020-05-11,0.17993407346620174,0,0,1,0,0,0,0,0,0,0,0,0,0,0,0,0,0,0,0,none,,0,none,,,0,0,0,none,,0,none,,0,none,,none,0,Linear Trend,none,0,0,0,0,0,0,1,0,0,0,0,0,0,0,0,0
2020-05-12,0.13644943163224266,0,0,1,0,0,0,0,0,0,0,0,0,0,0,0,0,0,0,0,none,,0,none,,,0,0,0,none,,0,none,,0,none,,none,0,Linear Trend,none,0,0,0,0,0,0,1,0,0,0,0,0,0,0,0,0
2020-05-13,0.06189259408144785,0,0,1,0,0,0,0,0,0,0,0,0,0,0,0,0,0,0,0,none,,0,none,,,0,0,0,none,,0,none,,0,none,,none,0,Linear Trend,none,0,0,0,0,0,0,1,0,0,0,0,0,0,0,0,0
2020-05-14,0.1329005376820443,0,0,1,0,0,0,0,0,0,0,0,0,0,0,0,0,0,0,0,none,,0,none,,,0,0,0,none,,0,none,,0,none,,none,0,Linear Trend,none,0,0,0,0,0,0,1,0,0,0,0,0,0,0,0,0
2020-05-15,0.13745562953471901,0,0,1,0,0,0,0,0,0,0,0,0,0,0,0,0,0,0,0,none,,0,none,,,0,0,0,none,,0,none,,0,none,,none,0,Linear Trend,none,0,0,0,0,0,0,1,0,0,0,0,0,0,0,0,0
2020-05-16,0.08028235768756024,0,0,1,0,0,0,0,0,0,0,0,0,0,0,0,0,0,0,0,none,,0,none,,,0,0,0,none,,0,none,,0,none,,none,0,Linear Trend,none,0,0,0,0,0,0,1,0,0,0,0,0,0,0,0,0
2020-05-17,0.054645170111336384,0,0,1,0,0,0,0,0,0,0,0,0,0,0,0,0,0,0,0,none,,0,none,,,0,0,0,none,,0,none,,0,none,,none,0,Linear Trend,none,0,0,0,0,0,0,1,0,0,0,0,0,0,0,0,0
2020-05-18,-0.007279741176184354,0,0,1,0,0,0,0,0,0,0,0,0,0,0,0,0,0,0,0,none,,0,none,,,0,0,0,none,,0,none,,0,none,,none,0,Linear Trend,none,0,0,0,0,0,0,1,0,0,0,0,0,0,0,0,0
2020-05-19,0.030697213563616276,0,0,1,0,0,0,0,0,0,0,0,0,0,0,0,0,0,0,0,none,,0,none,,,0,0,0,none,,0,none,,0,none,,none,0,Linear Trend,none,0,0,0,0,0,0,1,0,0,0,0,0,0,0,0,0
2020-05-20,0.03741164110365176,0,0,1,0,0,0,0,0,0,0,0,0,0,0,0,0,0,0,0,none,,0,none,,,0,0,0,none,,0,none,,0,none,,none,0,Linear Trend,none,0,0,0,0,0,0,1,0,0,0,0,0,0,0,0,0
2020-05-21,-0.005697488538304482,0,0,1,0,0,0,0,0,0,0,0,0,0,0,0,0,0,0,0,none,,0,none,,,0,0,0,none,,0,none,,0,none,,none,0,Linear Trend,none,0,0,0,0,0,0,1,0,0,0,0,0,0,0,0,0
2020-05-22,0.005231014655791163,0,0,1,0,0,0,0,0,0,0,0,0,0,0,0,0,0,0,0,none,,0,none,,,0,0,0,none,,0,none,,0,none,,none,0,Linear Trend,none,0,0,0,0,0,0,1,0,0,0,0,0,0,0,0,0
2020-05-23,0.004282879103262046,0,0,1,0,0,0,0,0,0,0,0,0,0,0,0,0,0,0,0,none,,0,none,,,0,0,0,none,,0,none,,0,none,,none,0,Linear Trend,none,0,0,0,0,0,0,1,0,0,0,0,0,0,0,0,0
2020-05-24,0.0007573578864417468,0,0,1,0,0,0,0,0,0,0,0,0,0,0,0,0,0,0,0,none,,0,none,,,0,0,0,none,,0,none,,0,none,,none,0,Linear Trend,none,0,0,0,0,0,0,1,0,0,0,0,0,0,0,0,0
2020-05-25,-0.03969405826077458,0,0,1,0,0,0,0,0,0,0,0,0,0,0,0,0,0,0,0,none,,0,none,,,0,0,0,none,,0,none,,0,none,,none,0,Linear Trend,none,0,0,0,0,0,0,1,0,0,0,0,0,0,0,0,0
2020-05-26,-0.02155892151223375,0,0,1,0,0,0,0,0,0,0,0,0,0,0,0,0,0,0,0,none,,0,none,,,0,0,0,none,,0,none,,0,none,,none,0,Linear Trend,none,0,0,0,0,0,0,1,0,0,0,0,0,0,0,0,0
2020-05-27,-0.06173797015091246,0,0,1,0,0,0,0,0,0,0,0,0,0,0,0,0,0,0,0,none,,0,none,,,0,0,0,none,,0,none,,0,none,,none,0,Linear Trend,none,0,0,0,0,0,0,1,0,0,0,0,0,0,0,0,0
2020-05-28,-0.05997090759492226,0,0,1,0,0,0,0,0,0,0,0,0,0,0,0,0,0,0,0,none,,0,none,,,0,0,0,none,,0,none,,0,none,,none,0,Linear Trend,none,0,0,0,0,0,0,1,0,0,0,0,0,0,0,0,0
2020-05-29,-0.07283830125004084,0,0,1,0,0,0,0,0,0,0,0,0,0,0,0,0,0,0,0,none,,0,none,,,0,0,0,none,,0,none,,0,none,,none,0,Linear Trend,none,0,0,0,0,0,0,1,0,0,0,0,0,0,0,0,0
2020-05-30,-0.10504823083848502,0,0,1,0,0,0,0,0,0,0,0,0,0,0,0,0,0,0,0,none,,0,none,,,0,0,0,none,,0,none,,0,none,,none,0,Linear Trend,none,0,0,0,0,0,0,1,0,0,0,0,0,0,0,0,0
2020-05-31,-0.0906934322357044,0,0,1,0,0,0,0,0,0,0,0,0,0,0,0,0,0,0,0,none,,0,none,,,0,0,0,none,,0,none,,0,none,,none,0,Linear Trend,none,0,0,0,0,0,0,1,0,0,0,0,0,0,0,0,0
2020-06-01,-0.11984320665241269,0,0,1,0,0,0,0,0,0,0,0,0,0,0,0,0,0,0,0,none,,0,none,,,0,0,0,none,,0,none,,0,none,,none,0,Linear Trend,none,0,0,0,0,0,0,1,0,0,0,0,0,0,0,0,0
2020-06-02,-0.08708582691809713,0,0,1,0,0,0,0,0,0,0,0,0,0,0,0,0,0,0,0,none,,0,none,,,0,0,0,none,,0,none,,0,none,,none,0,Linear Trend,none,0,0,0,0,0,0,1,0,0,0,0,0,0,0,0,0
2020-06-03,-0.14049595162575162,0,0,1,0,0,0,0,0,0,0,0,0,0,0,0,0,0,0,0,none,,0,none,,,0,0,0,none,,0,none,,0,none,,none,0,Linear Trend,none,0,0,0,0,0,0,1,0,0,0,0,0,0,0,0,0
2020-06-04,-0.15497411363979965,0,0,1,0,0,0,0,0,0,0,0,0,0,0,0,0,0,0,0,none,,0,none,,,0,0,0,none,,0,none,,0,none,,none,0,Linear Trend,none,0,0,0,0,0,0,1,0,0,0,0,0,0,0,0,0
2020-06-05,-0.12317886545873229,0,0,1,0,0,0,0,0,0,0,0,0,0,0,0,0,0,0,0,none,,0,none,,,0,0,0,none,,0,none,,0,none,,none,0,Linear Trend,none,0,0,0,0,0,0,1,0,0,0,0,0,0,0,0,0
2020-06-06,-0.1272674377591433,0,0,1,0,0,0,0,0,0,0,0,0,0,0,0,0,0,0,0,none,,0,none,,,0,0,0,none,,0,none,,0,none,,none,0,Linear Trend,none,0,0,0,0,0,0,1,0,0,0,0,0,0,0,0,0
2020-06-07,-0.16130669236450307,0,0,1,0,0,0,0,0,0,0,0,0,0,0,0,0,0,0,0,none,,0,none,,,0,0,0,none,,0,none,,0,none,,none,0,Linear Trend,none,0,0,0,0,0,0,1,0,0,0,0,0,0,0,0,0
2020-06-08,-0.25253163909337767,0,0,1,0,0,0,0,0,0,0,0,0,0,0,0,0,0,0,0,none,,0,none,,,0,0,0,none,,0,none,,0,none,,none,0,Linear Trend,none,0,0,0,0,0,0,1,0,0,0,0,0,0,0,0,0
2020-06-09,-0.23113304979078803,0,0,1,0,0,0,0,0,0,0,0,0,0,0,0,0,0,0,0,none,,0,none,,,0,0,0,none,,0,none,,0,none,,none,0,Linear Trend,none,0,0,0,0,0,0,1,0,0,0,0,0,0,0,0,0
2020-06-10,-0.20617244748180932,0,0,1,0,0,0,0,0,0,0,0,0,0,0,0,0,0,0,0,none,,0,none,,,0,0,0,none,,0,none,,0,none,,none,0,Linear Trend,none,0,0,0,0,0,0,1,0,0,0,0,0,0,0,0,0
2020-06-11,-0.2320066368233836,0,0,1,0,0,0,0,0,0,0,0,0,0,0,0,0,0,0,0,none,,0,none,,,0,0,0,none,,0,none,,0,none,,none,0,Linear Trend,none,0,0,0,0,0,0,1,0,0,0,0,0,0,0,0,0
2020-06-12,-0.22089952049663272,0,0,1,0,0,0,0,0,0,0,0,0,0,0,0,0,0,0,0,none,,0,none,,,0,0,0,none,,0,none,,0,none,,none,0,Linear Trend,none,0,0,0,0,0,0,1,0,0,0,0,0,0,0,0,0
2020-06-13,-0.27929897843888135,0,0,1,0,0,0,0,0,0,0,0,0,0,0,0,0,0,0,0,none,,0,none,,,0,0,0,none,,0,none,,0,none,,none,0,Linear Trend,none,0,0,0,0,0,0,1,0,0,0,0,0,0,0,0,0
2020-06-14,-0.2809666474980858,0,0,1,0,0,0,0,0,0,0,0,0,0,0,0,0,0,0,0,none,,0,none,,,0,0,0,none,,0,none,,0,none,,none,0,Linear Trend,none,0,0,0,0,0,0,1,0,0,0,0,0,0,0,0,0
2020-06-15,-0.28625984491330914,0,0,1,0,0,0,0,0,0,0,0,0,0,0,0,0,0,0,0,none,,0,none,,,0,0,0,none,,0,none,,0,none,,none,0,Linear Trend,none,0,0,0,0,0,0,1,0,0,0,0,0,0,0,0,0
2020-06-16,-0.2851924938405598,0,0,1,0,0,0,0,0,0,0,0,0,0,0,0,0,0,0,0,none,,0,none,,,0,0,0,none,,0,none,,0,none,,none,0,Linear Trend,none,0,0,0,0,0,0,1,0,0,0,0,0,0,0,0,0
2020-06-17,-0.31327675999230337,0,0,1,0,0,0,0,0,0,0,0,0,0,0,0,0,0,0,0,none,,0,none,,,0,0,0,none,,0,none,,0,none,,none,0,Linear Trend,none,0,0,0,0,0,0,1,0,0,0,0,0,0,0,0,0
2020-06-18,-0.30902146476106557,0,0,1,0,0,0,0,0,0,0,0,0,0,0,0,0,0,0,0,none,,0,none,,,0,0,0,none,,0,none,,0,none,,none,0,Linear Trend,none,0,0,0,0,0,0,1,0,0,0,0,0,0,0,0,0
2020-06-19,-0.3369861723609783,0,0,1,0,0,0,0,0,0,0,0,0,0,0,0,0,0,0,0,none,,0,none,,,0,0,0,none,,0,none,,0,none,,none,0,Linear Trend,none,0,0,0,0,0,0,1,0,0,0,0,0,0,0,0,0
2020-06-20,-0.35979055183338754,0,0,1,0,0,0,0,0,0,0,0,0,0,0,0,0,0,0,0,none,,0,none,,,0,0,0,none,,0,none,,0,none,,none,0,Linear Trend,none,0,0,0,0,0,0,1,0,0,0,0,0,0,0,0,0
2020-06-21,-0.3575661181806421,0,0,1,0,0,0,0,0,0,0,0,0,0,0,0,0,0,0,0,none,,0,none,,,0,0,0,none,,0,none,,0,none,,none,0,Linear Trend,none,0,0,0,0,0,0,1,0,0,0,0,0,0,0,0,0
2020-06-22,-0.33923887761669297,0,0,1,0,0,0,0,0,0,0,0,0,0,0,0,0,0,0,0,none,,0,none,,,0,0,0,none,,0,none,,0,none,,none,0,Linear Trend,none,0,0,0,0,0,0,1,0,0,0,0,0,0,0,0,0
2020-06-23,-0.3591251345498598,0,0,1,0,0,0,0,0,0,0,0,0,0,0,0,0,0,0,0,none,,0,none,,,0,0,0,none,,0,none,,0,none,,none,0,Linear Trend,none,0,0,0,0,0,0,1,0,0,0,0,0,0,0,0,0
2020-06-24,-0.37242188103635293,0,0,1,0,0,0,0,0,0,0,0,0,0,0,0,0,0,0,0,none,,0,none,,,0,0,0,none,,0,none,,0,none,,none,0,Linear Trend,none,0,0,0,0,0,0,1,0,0,0,0,0,0,0,0,0
2020-06-25,-0.4562179850394874,0,0,1,0,0,0,0,0,0,0,0,0,0,0,0,0,0,0,0,none,,0,none,,,0,0,0,none,,0,none,,0,none,,none,0,Linear Trend,none,0,0,0,0,0,0,1,0,0,0,0,0,0,0,0,0
2020-06-26,-0.3556396240861853,0,0,1,0,0,0,0,0,0,0,0,0,0,0,0,0,0,0,0,none,,0,none,,,0,0,0,none,,0,none,,0,none,,none,0,Linear Trend,none,0,0,0,0,0,0,1,0,0,0,0,0,0,0,0,0
2020-06-27,-0.4558376800256909,0,0,1,0,0,0,0,0,0,0,0,0,0,0,0,0,0,0,0,none,,0,none,,,0,0,0,none,,0,none,,0,none,,none,0,Linear Trend,none,0,0,0,0,0,0,1,0,0,0,0,0,0,0,0,0
2020-06-28,-0.45967996523616983,0,0,1,0,0,0,0,0,0,0,0,0,0,0,0,0,0,0,0,none,,0,none,,,0,0,0,none,,0,none,,0,none,,none,0,Linear Trend,none,0,0,0,0,0,0,1,0,0,0,0,0,0,0,0,0
2020-06-29,-0.4360226331931023,0,0,1,0,0,0,0,0,0,0,0,0,0,0,0,0,0,0,0,none,,0,none,,,0,0,0,none,,0,none,,0,none,,none,0,Linear Trend,none,0,0,0,0,0,0,1,0,0,0,0,0,0,0,0,0
2020-06-30,-0.46171971124438704,0,0,1,0,0,0,0,0,0,0,0,0,0,0,0,0,0,0,0,none,,0,none,,,0,0,0,none,,0,none,,0,none,,none,0,Linear Trend,none,0,0,0,0,0,0,1,0,0,0,0,0,0,0,0,0
2020-07-01,-0.4718086969042429,0,0,1,0,0,0,0,0,0,0,0,0,0,0,0,0,0,0,0,none,,0,none,,,0,0,0,none,,0,none,,0,none,,none,0,Linear Trend,none,0,0,0,0,0,0,1,0,0,0,0,0,0,0,0,0
2020-07-02,-0.466176880320464,0,0,1,0,0,0,0,0,0,0,0,0,0,0,0,0,0,0,0,none,,0,none,,,0,0,0,none,,0,none,,0,none,,none,0,Linear Trend,none,0,0,0,0,0,0,1,0,0,0,0,0,0,0,0,0
2020-07-03,-0.5417529489582964,0,0,1,0,0,0,0,0,0,0,0,0,0,0,0,0,0,0,0,none,,0,none,,,0,0,0,none,,0,none,,0,none,,none,0,Linear Trend,none,0,0,0,0,0,0,1,0,0,0,0,0,0,0,0,0
2020-07-04,-0.4872050339578746,0,0,1,0,0,0,0,0,0,0,0,0,0,0,0,0,0,0,0,none,,0,none,,,0,0,0,none,,0,none,,0,none,,none,0,Linear Trend,none,0,0,0,0,0,0,1,0,0,0,0,0,0,0,0,0
2020-07-05,-0.5415126062006663,0,0,1,0,0,0,0,0,0,0,0,0,0,0,0,0,0,0,0,none,,0,none,,,0,0,0,none,,0,none,,0,none,,none,0,Linear Trend,none,0,0,0,0,0,0,1,0,0,0,0,0,0,0,0,0
2020-07-06,-0.5585564976901725,0,0,1,0,0,0,0,0,0,0,0,0,0,0,0,0,0,0,0,none,,0,none,,,0,0,0,none,,0,none,,0,none,,none,0,Linear Trend,none,0,0,0,0,0,0,1,0,0,0,0,0,0,0,0,0
2020-07-07,-0.553540390465684,0,0,1,0,0,0,0,0,0,0,0,0,0,0,0,0,0,0,0,none,,0,none,,,0,0,0,none,,0,none,,0,none,,none,0,Linear Trend,none,0,0,0,0,0,0,1,0,0,0,0,0,0,0,0,0
2020-07-08,-0.6546166507078749,0,0,1,0,0,0,0,0,0,0,0,0,0,0,0,0,0,0,0,none,,0,none,,,0,0,0,none,,0,none,,0,none,,none,0,Linear Trend,none,0,0,0,0,0,0,1,0,0,0,0,0,0,0,0,0
2020-07-09,-0.5754512229721493,0,0,1,0,0,0,0,0,0,0,0,0,0,0,0,0,0,0,0,none,,0,none,,,0,0,0,none,,0,none,,0,none,,none,0,Linear Trend,none,0,0,0,0,0,0,1,0,0,0,0,0,0,0,0,0
2020-07-10,-0.5692083152531628,0,0,1,0,0,0,0,0,0,0,0,0,0,0,0,0,0,0,0,none,,0,none,,,0,0,0,none,,0,none,,0,none,,none,0,Linear Trend,none,0,0,0,0,0,0,1,0,0,0,0,0,0,0,0,0
2020-07-11,-0.612567365843167,0,0,1,0,0,0,0,0,0,0,0,0,0,0,0,0,0,0,0,none,,0,none,,,0,0,0,none,,0,none,,0,none,,none,0,Linear Trend,none,0,0,0,0,0,0,1,0,0,0,0,0,0,0,0,0
2020-07-12,-0.5865371064394982,0,0,1,0,0,0,0,0,0,0,0,0,0,0,0,0,0,0,0,none,,0,none,,,0,0,0,none,,0,none,,0,none,,none,0,Linear Trend,none,0,0,0,0,0,0,1,0,0,0,0,0,0,0,0,0
2020-07-13,-0.5939114660414827,0,0,1,0,0,0,0,0,0,0,0,0,0,0,0,0,0,0,0,none,,0,none,,,0,0,0,none,,0,none,,0,none,,none,0,Linear Trend,none,0,0,0,0,0,0,1,0,0,0,0,0,0,0,0,0
2020-07-14,-0.6176742981937038,0,0,1,0,0,0,0,0,0,0,0,0,0,0,0,0,0,0,0,none,,0,none,,,0,0,0,none,,0,none,,0,none,,none,0,Linear Trend,none,0,0,0,0,0,0,1,0,0,0,0,0,0,0,0,0
2020-07-15,-0.6127076537787484,0,0,1,0,0,0,0,0,0,0,0,0,0,0,0,0,0,0,0,none,,0,none,,,0,0,0,none,,0,none,,0,none,,none,0,Linear Trend,none,0,0,0,0,0,0,1,0,0,0,0,0,0,0,0,0
2020-07-16,-0.6435951338257846,0,0,1,0,0,0,0,0,0,0,0,0,0,0,0,0,0,0,0,none,,0,none,,,0,0,0,none,,0,none,,0,none,,none,0,Linear Trend,none,0,0,0,0,0,0,1,0,0,0,0,0,0,0,0,0
2020-07-17,-0.6911697001687201,0,0,1,0,0,0,0,0,0,0,0,0,0,0,0,0,0,0,0,none,,0,none,,,0,0,0,none,,0,none,,0,none,,none,0,Linear Trend,none,0,0,0,0,0,0,1,0,0,0,0,0,0,0,0,0
2020-07-18,-0.7178346843095373,0,0,1,0,0,0,0,0,0,0,0,0,0,0,0,0,0,0,0,none,,0,none,,,0,0,0,none,,0,none,,0,none,,none,0,Linear Trend,none,0,0,0,0,0,0,1,0,0,0,0,0,0,0,0,0
2020-07-19,-0.724657426200384,0,0,1,0,0,0,0,0,0,0,0,0,0,0,0,0,0,0,0,none,,0,none,,,0,0,0,none,,0,none,,0,none,,none,0,Linear Trend,none,0,0,0,0,0,0,1,0,0,0,0,0,0,0,0,0
2020-07-20,-0.6992199852490731,0,0,1,0,0,0,0,0,0,0,0,0,0,0,0,0,0,0,0,none,,0,none,,,0,0,0,none,,0,none,,0,none,,none,0,Linear Trend,none,0,0,0,0,0,0,1,0,0,0,0,0,0,0,0,0
2020-07-21,-0.7120606596648037,0,0,1,0,0,0,0,0,0,0,0,0,0,0,0,0,0,0,0,none,,0,none,,,0,0,0,none,,0,none,,0,none,,none,0,Linear Trend,none,0,0,0,0,0,0,1,0,0,0,0,0,0,0,0,0
2020-07-22,-0.7150498058034862,0,0,1,0,0,0,0,0,0,0,0,0,0,0,0,0,0,0,0,none,,0,none,,,0,0,0,none,,0,none,,0,none,,none,0,Linear Trend,none,0,0,0,0,0,0,1,0,0,0,0,0,0,0,0,0
2020-07-23,-0.6887491521813397,0,0,1,0,0,0,0,0,0,0,0,0,0,0,0,0,0,0,0,none,,0,none,,,0,0,0,none,,0,none,,0,none,,none,0,Linear Trend,none,0,0,0,0,0,0,1,0,0,0,0,0,0,0,0,0
2020-07-24,-0.7802635819796195,0,0,1,0,0,0,0,0,0,0,0,0,0,0,0,0,0,0,0,none,,0,none,,,0,0,0,none,,0,none,,0,none,,none,0,Linear Trend,none,0,0,0,0,0,0,1,0,0,0,0,0,0,0,0,0
2020-07-25,-0.7337039756096627,0,0,1,0,0,0,0,0,0,0,0,0,0,0,0,0,0,0,0,none,,0,none,,,0,0,0,none,,0,none,,0,none,,none,0,Linear Trend,none,0,0,0,0,0,0,1,0,0,0,0,0,0,0,0,0
2020-07-26,-0.7725207759423139,0,0,1,0,0,0,0,0,0,0,0,0,0,0,0,0,0,0,0,none,,0,none,,,0,0,0,none,,0,none,,0,none,,none,0,Linear Trend,none,0,0,0,0,0,0,1,0,0,0,0,0,0,0,0,0
2020-07-27,-0.7916999971480165,0,0,1,0,0,0,0,0,0,0,0,0,0,0,0,0,0,0,0,none,,0,none,,,0,0,0,none,,0,none,,0,none,,none,0,Linear Trend,none,0,0,0,0,0,0,1,0,0,0,0,0,0,0,0,0
2020-07-28,-0.8167590137818747,0,0,1,0,0,0,0,0,0,0,0,0,0,0,0,0,0,0,0,none,,0,none,,,0,0,0,none,,0,none,,0,none,,none,0,Linear Trend,none,0,0,0,0,0,0,1,0,0,0,0,0,0,0,0,0
2020-07-29,-0.8210152597636456,0,0,1,0,0,0,0,0,0,0,0,0,0,0,0,0,0,0,0,none,,0,none,,,0,0,0,none,,0,none,,0,none,,none,0,Linear Trend,none,0,0,0,0,0,0,1,0,0,0,0,0,0,0,0,0
2020-07-30,-0.8808340665423366,0,0,1,0,0,0,0,0,0,0,0,0,0,0,0,0,0,0,0,none,,0,none,,,0,0,0,none,,0,none,,0,none,,none,0,Linear Trend,none,0,0,0,0,0,0,1,0,0,0,0,0,0,0,0,0
2020-07-31,-0.8358592974454193,0,0,1,0,0,0,0,0,0,0,0,0,0,0,0,0,0,0,0,none,,0,none,,,0,0,0,none,,0,none,,0,none,,none,0,Linear Trend,none,0,0,0,0,0,0,1,0,0,0,0,0,0,0,0,0
2020-08-01,-0.8851404931502277,0,0,1,0,0,0,0,0,0,0,0,0,0,0,0,0,0,0,0,none,,0,none,,,0,0,0,none,,0,none,,0,none,,none,0,Linear Trend,none,0,0,0,0,0,0,1,0,0,0,0,0,0,0,0,0
2020-08-02,-0.9001694629210756,0,0,1,0,0,0,0,0,0,0,0,0,0,0,0,0,0,0,0,none,,0,none,,,0,0,0,none,,0,none,,0,none,,none,0,Linear Trend,none,0,0,0,0,0,0,1,0,0,0,0,0,0,0,0,0
2020-08-03,-0.9164494491423751,0,0,1,0,0,0,0,0,0,0,0,0,0,0,0,0,0,0,0,none,,0,none,,,0,0,0,none,,0,none,,0,none,,none,0,Linear Trend,none,0,0,0,0,0,0,1,0,0,0,0,0,0,0,0,0
2020-08-04,-0.8649960309833227,0,0,1,0,0,0,0,0,0,0,0,0,0,0,0,0,0,0,0,none,,0,none,,,0,0,0,none,,0,none,,0,none,,none,0,Linear Trend,none,0,0,0,0,0,0,1,0,0,0,0,0,0,0,0,0
2020-08-05,-0.9238474184578128,0,0,1,0,0,0,0,0,0,0,0,0,0,0,0,0,0,0,0,none,,0,none,,,0,0,0,none,,0,none,,0,none,,none,0,Linear Trend,none,0,0,0,0,0,0,1,0,0,0,0,0,0,0,0,0
2020-08-06,-0.8762458675598708,0,0,1,0,0,0,0,0,0,0,0,0,0,0,0,0,0,0,0,none,,0,none,,,0,0,0,none,,0,none,,0,none,,none,0,Linear Trend,none,0,0,0,0,0,0,1,0,0,0,0,0,0,0,0,0
2020-08-07,-0.9398129851207417,0,0,1,0,0,0,0,0,0,0,0,0,0,0,0,0,0,0,0,none,,0,none,,,0,0,0,none,,0,none,,0,none,,none,0,Linear Trend,none,0,0,0,0,0,0,1,0,0,0,0,0,0,0,0,0
2020-08-08,-0.9138895670431947,0,0,1,0,0,0,0,0,0,0,0,0,0,0,0,0,0,0,0,none,,0,none,,,0,0,0,none,,0,none,,0,none,,none,0,Linear Trend,none,0,0,0,0,0,0,1,0,0,0,0,0,0,0,0,0
2020-08-09,-0.9164080799856976,0,0,1,0,0,0,0,0,0,0,0,0,0,0,0,0,0,0,0,none,,0,none,,,0,0,0,none,,0,none,,0,none,,none,0,Linear Trend,none,0,0,0,0,0,0,1,0,0,0,0,0,0,0,0,0
2020-08-10,-0.9457301391710147,0,0,1,0,0,0,0,0,0,0,0,0,0,0,0,0,0,0,0,none,,0,none,,,0,0,0,none,,0,none,,0,none,,none,0,Linear Trend,none,0,0,0,0,0,0,1,0,0,0,0,0,0,0,0,0
2020-08-11,-0.9552984596001051,0,0,1,0,0,0,0,0,0,0,0,0,0,0,0,0,0,0,0,none,,0,none,,,0,0,0,none,,0,none,,0,none,,none,0,Linear Trend,none,0,0,0,0,0,0,1,0,0,0,0,0,0,0,0,0
2020-08-12,-0.999541174811516,0,0,1,0,0,0,0,0,0,0,0,0,0,0,0,0,0,0,0,none,,0,none,,,0,0,0,none,,0,none,,0,none,,none,0,Linear Trend,none,0,0,0,0,0,0,1,0,0,0,0,0,0,0,0,0
2020-08-13,-0.9817124027154143,0,0,1,0,0,0,0,0,0,0,0,0,0,0,0,0,0,0,0,none,,0,none,,,0,0,0,none,,0,none,,0,none,,none,0,Linear Trend,none,0,0,0,0,0,0,1,0,0,0,0,0,0,0,0,0
2020-08-14,-1.030213405833329,0,0,1,0,0,0,0,0,0,0,0,0,0,0,0,0,0,0,0,none,,0,none,,,0,0,0,none,,0,none,,0,none,,none,0,Linear Trend,none,0,0,0,0,0,0,1,0,0,0,0,0,0,0,0,0
2020-08-15,-1.0074230206992318,0,0,1,0,0,0,0,0,0,0,0,0,0,0,0,0,0,0,0,none,,0,none,,,0,0,0,none,,0,none,,0,none,,none,0,Linear Trend,none,0,0,0,0,0,0,1,0,0,0,0,0,0,0,0,0
2020-08-16,-1.0448501903143361,0,0,1,0,0,0,0,0,0,0,0,0,0,0,0,0,0,0,0,none,,0,none,,,0,0,0,none,,0,none,,0,none,,none,0,Linear Trend,none,0,0,0,0,0,0,1,0,0,0,0,0,0,0,0,0
2020-08-17,-1.0561909313436042,0,0,1,0,0,0,0,0,0,0,0,0,0,0,0,0,0,0,0,none,,0,none,,,0,0,0,none,,0,none,,0,none,,none,0,Linear Trend,none,0,0,0,0,0,0,1,0,0,0,0,0,0,0,0,0
2020-08-18,-1.0401199715522942,0,0,1,0,0,0,0,0,0,0,0,0,0,0,0,0,0,0,0,none,,0,none,,,0,0,0,none,,0,none,,0,none,,none,0,Linear Trend,none,0,0,0,0,0,0,1,0,0,0,0,0,0,0,0,0
2020-08-19,-1.0428897067125498,0,0,1,0,0,0,0,0,0,0,0,0,0,0,0,0,0,0,0,none,,0,none,,,0,0,0,none,,0,none,,0,none,,none,0,Linear Trend,none,0,0,0,0,0,0,1,0,0,0,0,0,0,0,0,0
2020-08-20,-1.0482560561917391,0,0,1,0,0,0,0,0,0,0,0,0,0,0,0,0,0,0,0,none,,0,none,,,0,0,0,none,,0,none,,0,none,,none,0,Linear Trend,none,0,0,0,0,0,0,1,0,0,0,0,0,0,0,0,0
2020-08-21,-1.0997576092250625,0,0,1,0,0,0,0,0,0,0,0,0,0,0,0,0,0,0,0,none,,0,none,,,0,0,0,none,,0,none,,0,none,,none,0,Linear Trend,none,0,0,0,0,0,0,1,0,0,0,0,0,0,0,0,0
2020-08-22,-1.0588885456346464,0,0,1,0,0,0,0,0,0,0,0,0,0,0,0,0,0,0,0,none,,0,none,,,0,0,0,none,,0,none,,0,none,,none,0,Linear Trend,none,0,0,0,0,0,0,1,0,0,0,0,0,0,0,0,0
2020-08-23,-1.1269610192991348,0,0,1,0,0,0,0,0,0,0,0,0,0,0,0,0,0,0,0,none,,0,none,,,0,0,0,none,,0,none,,0,none,,none,0,Linear Trend,none,0,0,0,0,0,0,1,0,0,0,0,0,0,0,0,0
2020-08-24,-1.1403412471482668,0,0,1,0,0,0,0,0,0,0,0,0,0,0,0,0,0,0,0,none,,0,none,,,0,0,0,none,,0,none,,0,none,,none,0,Linear Trend,none,0,0,0,0,0,0,1,0,0,0,0,0,0,0,0,0
2020-08-25,-1.1447668399140813,0,0,1,0,0,0,0,0,0,0,0,0,0,0,0,0,0,0,0,none,,0,none,,,0,0,0,none,,0,none,,0,none,,none,0,Linear Trend,none,0,0,0,0,0,0,1,0,0,0,0,0,0,0,0,0
2020-08-26,-1.132265856703886,0,0,1,0,0,0,0,0,0,0,0,0,0,0,0,0,0,0,0,none,,0,none,,,0,0,0,none,,0,none,,0,none,,none,0,Linear Trend,none,0,0,0,0,0,0,1,0,0,0,0,0,0,0,0,0
2020-08-27,-1.2129809805851923,0,0,1,0,0,0,0,0,0,0,0,0,0,0,0,0,0,0,0,none,,0,none,,,0,0,0,none,,0,none,,0,none,,none,0,Linear Trend,none,0,0,0,0,0,0,1,0,0,0,0,0,0,0,0,0
2020-08-28,-1.2085604991682248,0,0,1,0,0,0,0,0,0,0,0,0,0,0,0,0,0,0,0,none,,0,none,,,0,0,0,none,,0,none,,0,none,,none,0,Linear Trend,none,0,0,0,0,0,0,1,0,0,0,0,0,0,0,0,0
2020-08-29,-1.148281432328813,0,0,1,0,0,0,0,0,0,0,0,0,0,0,0,0,0,0,0,none,,0,none,,,0,0,0,none,,0,none,,0,none,,none,0,Linear Trend,none,0,0,0,0,0,0,1,0,0,0,0,0,0,0,0,0
2020-08-30,-1.2007591755181624,0,0,1,0,0,0,0,0,0,0,0,0,0,0,0,0,0,0,0,none,,0,none,,,0,0,0,none,,0,none,,0,none,,none,0,Linear Trend,none,0,0,0,0,0,0,1,0,0,0,0,0,0,0,0,0
2020-08-31,-1.1774377278992216,0,0,1,0,0,0,0,0,0,0,0,0,0,0,0,0,0,0,0,none,,0,none,,,0,0,0,none,,0,none,,0,none,,none,0,Linear Trend,none,0,0,0,0,0,0,1,0,0,0,0,0,0,0,0,0
2020-09-01,-1.2415277934527074,0,0,1,0,0,0,0,0,0,0,0,0,0,0,0,0,0,0,0,none,,0,none,,,0,0,0,none,,0,none,,0,none,,none,0,Linear Trend,none,0,0,0,0,0,0,1,0,0,0,0,0,0,0,0,0
2020-09-02,-1.239290515954445,0,0,1,0,0,0,0,0,0,0,0,0,0,0,0,0,0,0,0,none,,0,none,,,0,0,0,none,,0,none,,0,none,,none,0,Linear Trend,none,0,0,0,0,0,0,1,0,0,0,0,0,0,0,0,0
2020-09-03,-1.265696954642392,0,0,1,0,0,0,0,0,0,0,0,0,0,0,0,0,0,0,0,none,,0,none,,,0,0,0,none,,0,none,,0,none,,none,0,Linear Trend,none,0,0,0,0,0,0,1,0,0,0,0,0,0,0,0,0
2020-09-04,-1.275584896208643,0,0,1,0,0,0,0,0,0,0,0,0,0,0,0,0,0,0,0,none,,0,none,,,0,0,0,none,,0,none,,0,none,,none,0,Linear Trend,none,0,0,0,0,0,0,1,0,0,0,0,0,0,0,0,0
2020-09-05,-1.306737852842208,0,0,1,0,0,0,0,0,0,0,0,0,0,0,0,0,0,0,0,none,,0,none,,,0,0,0,none,,0,none,,0,none,,none,0,Linear Trend,none,0,0,0,0,0,0,1,0,0,0,0,0,0,0,0,0
2020-09-06,-1.2734583841142475,0,0,1,0,0,0,0,0,0,0,0,0,0,0,0,0,0,0,0,none,,0,none,,,0,0,0,none,,0,none,,0,none,,none,0,Linear Trend,none,0,0,0,0,0,0,1,0,0,0,0,0,0,0,0,0
2020-09-07,-1.3135531561446123,0,0,1,0,0,0,0,0,0,0,0,0,0,0,0,0,0,0,0,none,,0,none,,,0,0,0,none,,0,none,,0,none,,none,0,Linear Trend,none,0,0,0,0,0,0,1,0,0,0,0,0,0,0,0,0
2020-09-08,-1.3097812261956625,0,0,1,0,0,0,0,0,0,0,0,0,0,0,0,0,0,0,0,none,,0,none,,,0,0,0,none,,0,none,,0,none,,none,0,Linear Trend,none,0,0,0,0,0,0,1,0,0,0,0,0,0,0,0,0
2020-09-09,-1.382998252383763,0,0,1,0,0,0,0,0,0,0,0,0,0,0,0,0,0,0,0,none,,0,none,,,0,0,0,none,,0,none,,0,none,,none,0,Linear Trend,none,0,0,0,0,0,0,1,0,0,0,0,0,0,0,0,0
2020-09-10,-1.3262303752606008,0,0,1,0,0,0,0,0,0,0,0,0,0,0,0,0,0,0,0,none,,0,none,,,0,0,0,none,,0,none,,0,none,,none,0,Linear Trend,none,0,0,0,0,0,0,1,0,0,0,0,0,0,0,0,0
2020-09-11,-1.339552347069725,0,0,1,0,0,0,0,0,0,0,0,0,0,0,0,0,0,0,0,none,,0,none,,,0,0,0,none,,0,none,,0,none,,none,0,Linear Trend,none,0,0,0,0,0,0,1,0,0,0,0,0,0,0,0,0
2020-09-12,-1.3816507805785052,0,0,1,0,0,0,0,0,0,0,0,0,0,0,0,0,0,0,0,none,,0,none,,,0,0,0,none,,0,none,,0,none,,none,0,Linear Trend,none,0,0,0,0,0,0,1,0,0,0,0,0,0,0,0,0
2020-09-13,-1.379827723788263,0,0,1,0,0,0,0,0,0,0,0,0,0,0,0,0,0,0,0,none,,0,none,,,0,0,0,none,,0,none,,0,none,,none,0,Linear Trend,none,0,0,0,0,0,0,1,0,0,0,0,0,0,0,0,0
2020-09-14,-1.347603157285469,0,0,1,0,0,0,0,0,0,0,0,0,0,0,0,0,0,0,0,none,,0,none,,,0,0,0,none,,0,none,,0,none,,none,0,Linear Trend,none,0,0,0,0,0,0,1,0,0,0,0,0,0,0,0,0
2020-09-15,-1.4093372270566462,0,0,1,0,0,0,0,0,0,0,0,0,0,0,0,0,0,0,0,none,,0,none,,,0,0,0,none,,0,none,,0,none,,none,0,Linear Trend,none,0,0,0,0,0,0,1,0,0,0,0,0,0,0,0,0
2020-09-16,-1.407525679304664,0,0,1,0,0,0,0,0,0,0,0,0,0,0,0,0,0,0,0,none,,0,none,,,0,0,0,none,,0,none,,0,none,,none,0,Linear Trend,none,0,0,0,0,0,0,1,0,0,0,0,0,0,0,0,0
2020-09-17,-1.4556248657879212,0,0,1,0,0,0,0,0,0,0,0,0,0,0,0,0,0,0,0,none,,0,none,,,0,0,0,none,,0,none,,0,none,,none,0,Linear Trend,none,0,0,0,0,0,0,1,0,0,0,0,0,0,0,0,0
2020-09-18,-1.4344020221148943,0,0,1,0,0,0,0,0,0,0,0,0,0,0,0,0,0,0,0,none,,0,none,,,0,0,0,none,,0,none,,0,none,,none,0,Linear Trend,none,0,0,0,0,0,0,1,0,0,0,0,0,0,0,0,0
2020-09-19,-1.4796098195719238,0,0,1,0,0,0,0,0,0,0,0,0,0,0,0,0,0,0,0,none,,0,none,,,0,0,0,none,,0,none,,0,none,,none,0,Linear Trend,none,0,0,0,0,0,0,1,0,0,0,0,0,0,0,0,0
2020-09-20,-1.4174239966134865,0,0,1,0,0,0,0,0,0,0,0,0,0,0,0,0,0,0,0,none,,0,none,,,0,0,0,none,,0,none,,0,none,,none,0,Linear Trend,none,0,0,0,0,0,0,1,0,0,0,0,0,0,0,0,0
2020-09-21,-1.479303383683066,0,0,1,0,0,0,0,0,0,0,0,0,0,0,0,0,0,0,0,none,,0,none,,,0,0,0,none,,0,none,,0,none,,none,0,Linear Trend,none,0,0,0,0,0,0,1,0,0,0,0,0,0,0,0,0
2020-09-22,-1.4254723811560874,0,0,1,0,0,0,0,0,0,0,0,0,0,0,0,0,0,0,0,none,,0,none,,,0,0,0,none,,0,none,,0,none,,none,0,Linear Trend,none,0,0,0,0,0,0,1,0,0,0,0,0,0,0,0,0
2020-09-23,-1.4430656159670325,0,0,1,0,0,0,0,0,0,0,0,0,0,0,0,0,0,0,0,none,,0,none,,,0,0,0,none,,0,none,,0,none,,none,0,Linear Trend,none,0,0,0,0,0,0,1,0,0,0,0,0,0,0,0,0
2020-09-24,-1.4963102013234975,0,0,1,0,0,0,0,0,0,0,0,0,0,0,0,0,0,0,0,none,,0,none,,,0,0,0,none,,0,none,,0,none,,none,0,Linear Trend,none,0,0,0,0,0,0,1,0,0,0,0,0,0,0,0,0
2020-09-25,-1.5818936532205792,0,0,1,0,0,0,0,0,0,0,0,0,0,0,0,0,0,0,0,none,,0,none,,,0,0,0,none,,0,none,,0,none,,none,0,Linear Trend,none,0,0,0,0,0,0,1,0,0,0,0,0,0,0,0,0
2020-09-26,-1.4923500101153102,0,0,1,0,0,0,0,0,0,0,0,0,0,0,0,0,0,0,0,none,,0,none,,,0,0,0,none,,0,none,,0,none,,none,0,Linear Trend,none,0,0,0,0,0,0,1,0,0,0,0,0,0,0,0,0
2020-09-27,-1.5649679482650753,0,0,1,0,0,0,0,0,0,0,0,0,0,0,0,0,0,0,0,none,,0,none,,,0,0,0,none,,0,none,,0,none,,none,0,Linear Trend,none,0,0,0,0,0,0,1,0,0,0,0,0,0,0,0,0
2020-09-28,-1.5994446849554205,0,0,1,0,0,0,0,0,0,0,0,0,0,0,0,0,0,0,0,none,,0,none,,,0,0,0,none,,0,none,,0,none,,none,0,Linear Trend,none,0,0,0,0,0,0,1,0,0,0,0,0,0,0,0,0
2020-09-29,-1.4837396455489495,0,0,1,0,0,0,0,0,0,0,0,0,0,0,0,0,0,0,0,none,,0,none,,,0,0,0,none,,0,none,,0,none,,none,0,Linear Trend,none,0,0,0,0,0,0,1,0,0,0,0,0,0,0,0,0
2020-09-30,-1.5844521350759357,0,0,1,0,0,0,0,0,0,0,0,0,0,0,0,0,0,0,0,none,,0,none,,,0,0,0,none,,0,none,,0,none,,none,0,Linear Trend,none,0,0,0,0,0,0,1,0,0,0,0,0,0,0,0,0
2020-10-01,-1.6367688564813268,0,0,1,0,0,0,0,0,0,0,0,0,0,0,0,0,0,0,0,none,,0,none,,,0,0,0,none,,0,none,,0,none,,none,0,Linear Trend,none,0,0,0,0,0,0,1,0,0,0,0,0,0,0,0,0
2020-10-02,-1.5800876217399302,0,0,1,0,0,0,0,0,0,0,0,0,0,0,0,0,0,0,0,none,,0,none,,,0,0,0,none,,0,none,,0,none,,none,0,Linear Trend,none,0,0,0,0,0,0,1,0,0,0,0,0,0,0,0,0
2020-10-03,-1.6701276347544112,0,0,1,0,0,0,0,0,0,0,0,0,0,0,0,0,0,0,0,none,,0,none,,,0,0,0,none,,0,none,,0,none,,none,0,Linear Trend,none,0,0,0,0,0,0,1,0,0,0,0,0,0,0,0,0
2020-10-04,-1.6716072523160759,0,0,1,0,0,0,0,0,0,0,0,0,0,0,0,0,0,0,0,none,,0,none,,,0,0,0,none,,0,none,,0,none,,none,0,Linear Trend,none,0,0,0,0,0,0,1,0,0,0,0,0,0,0,0,0
2020-10-05,-1.6785783492713837,0,0,1,0,0,0,0,0,0,0,0,0,0,0,0,0,0,0,0,none,,0,none,,,0,0,0,none,,0,none,,0,none,,none,0,Linear Trend,none,0,0,0,0,0,0,1,0,0,0,0,0,0,0,0,0
2020-10-06,-1.700895476446917,0,0,1,0,0,0,0,0,0,0,0,0,0,0,0,0,0,0,0,none,,0,none,,,0,0,0,none,,0,none,,0,none,,none,0,Linear Trend,none,0,0,0,0,0,0,1,0,0,0,0,0,0,0,0,0
2020-10-07,-1.6776339378991216,0,0,1,0,0,0,0,0,0,0,0,0,0,0,0,0,0,0,0,none,,0,none,,,0,0,0,none,,0,none,,0,none,,none,0,Linear Trend,none,0,0,0,0,0,0,1,0,0,0,0,0,0,0,0,0
2020-10-08,-1.6690019022354576,0,0,1,0,0,0,0,0,0,0,0,0,0,0,0,0,0,0,0,none,,0,none,,,0,0,0,none,,0,none,,0,none,,none,0,Linear Trend,none,0,0,0,0,0,0,1,0,0,0,0,0,0,0,0,0
2020-10-09,-1.688416953457872,0,0,1,0,0,0,0,0,0,0,0,0,0,0,0,0,0,0,0,none,,0,none,,,0,0,0,none,,0,none,,0,none,,none,0,Linear Trend,none,0,0,0,0,0,0,1,0,0,0,0,0,0,0,0,0
2020-10-10,-1.66631867640678,0,0,1,0,0,0,0,0,0,0,0,0,0,0,0,0,0,0,0,none,,0,none,,,0,0,0,none,,0,none,,0,none,,none,0,Linear Trend,none,0,0,0,0,0,0,1,0,0,0,0,0,0,0,0,0
2020-10-11,-1.7163103736065,0,0,1,0,0,0,0,0,0,0,0,0,0,0,0,0,0,0,0,none,,0,none,,,0,0,0,none,,0,none,,0,none,,none,0,Linear Trend,none,0,0,0,0,0,0,1,0,0,0,0,0,0,0,0,0
2020-10-12,-1.7562162181552137,0,0,1,0,0,0,0,0,0,0,0,0,0,0,0,0,0,0,0,none,,0,none,,,0,0,0,none,,0,none,,0,none,,none,0,Linear Trend,none,0,0,0,0,0,0,1,0,0,0,0,0,0,0,0,0
