date,data,stationary,det_lin_up,det_lin_down,det_quad,det_cubic,det_exp,det_damped,stoc_trend,volatility,single_seas,multiple_seas,point_anom_single,point_anom_multi,collect_anom,context_anom,mean_shift,var_shift,trend_shift,point_anom_count,point_anom_location,point_anom_point,collect_anom_count,collect_anom_location,collect_anom_start,collect_anom_end,context_anom_start,context_anom_end,mean_shift_count,mean_shift_location,mean_shift_point,variance_shift_count,variance_shift_location,variance_shift_points,trend_shift_count,trend_shift_location,trend_shift_points,trend_shift_type,is_multi_characteristic,characteristic_1_type,characteristic_2_type,is_point_anomaly_active,is_collective_anomaly_active,is_contextual_anomaly_active,is_mean_shift_active,is_variance_shift_active,is_trend_shift_active,is_linear_trend_active,is_quadratic_trend_active,is_cubic_trend_active,is_exponential_trend_active,is_damped_trend_active,is_single_seasonality_active,is_multiple_seasonality_active,is_seasonal_base_active,is_stochastic_base_active,is_volatility_base_active
2020-01-01,7.56204540764964,0,0,1,0,0,0,0,0,1,0,0,0,1,0,0,0,0,0,22,"[0, 3, 12, 43, 93, 98, 110, 176, 207, 209, 210, 223, 250, 267, 302, 374, 425, 426, 444, 449, 471, 478]","[0, 3, 12, 43, 93, 98, 110, 176, 207, 209, 210, 223, 250, 267, 302, 374, 425, 426, 444, 449, 471, 478]",0,none,,,0,0,0,none,,0,none,,0,none,,none,1,Linear Trend,Point Anomalies,1,0,0,0,0,0,1,0,0,0,0,0,0,0,0,1
2020-01-02,1.7160898545155112,0,0,1,0,0,0,0,0,1,0,0,0,1,0,0,0,0,0,22,"[0, 3, 12, 43, 93, 98, 110, 176, 207, 209, 210, 223, 250, 267, 302, 374, 425, 426, 444, 449, 471, 478]","[0, 3, 12, 43, 93, 98, 110, 176, 207, 209, 210, 223, 250, 267, 302, 374, 425, 426, 444, 449, 471, 478]",0,none,,,0,0,0,none,,0,none,,0,none,,none,1,Linear Trend,Point Anomalies,1,0,0,0,0,0,1,0,0,0,0,0,0,0,0,1
2020-01-03,1.7130520699342986,0,0,1,0,0,0,0,0,1,0,0,0,1,0,0,0,0,0,22,"[0, 3, 12, 43, 93, 98, 110, 176, 207, 209, 210, 223, 250, 267, 302, 374, 425, 426, 444, 449, 471, 478]","[0, 3, 12, 43, 93, 98, 110, 176, 207, 209, 210, 223, 250, 267, 302, 374, 425, 426, 444, 449, 471, 478]",0,none,,,0,0,0,none,,0,none,,0,none,,none,1,Linear Trend,Point Anomalies,1,0,0,0,0,0,1,0,0,0,0,0,0,0,0,1
2020-01-04,-4.1183603617644575,0,0,1,0,0,0,0,0,1,0,0,0,1,0,0,0,0,0,22,"[0, 3, 12, 43, 93, 98, 110, 176, 207, 209, 210, 223, 250, 267, 302, 374, 425, 426, 444, 449, 471, 478]","[0, 3, 12, 43, 93, 98, 110, 176, 207, 209, 210, 223, 250, 267, 302, 374, 425, 426, 444, 449, 471, 478]",0,none,,,0,0,0,none,,0,none,,0,none,,none,1,Linear Trend,Point Anomalies,1,0,0,0,0,0,1,0,0,0,0,0,0,0,0,1
2020-01-05,1.6856797540308404,0,0,1,0,0,0,0,0,1,0,0,0,1,0,0,0,0,0,22,"[0, 3, 12, 43, 93, 98, 110, 176, 207, 209, 210, 223, 250, 267, 302, 374, 425, 426, 444, 449, 471, 478]","[0, 3, 12, 43, 93, 98, 110, 176, 207, 209, 210, 223, 250, 267, 302, 374, 425, 426, 444, 449, 471, 478]",0,none,,,0,0,0,none,,0,none,,0,none,,none,1,Linear Trend,Point Anomalies,1,0,0,0,0,0,1,0,0,0,0,0,0,0,0,1
2020-01-06,1.703182796980827,0,0,1,0,0,0,0,0,1,0,0,0,1,0,0,0,0,0,22,"[0, 3, 12, 43, 93, 98, 110, 176, 207, 209, 210, 223, 250, 267, 302, 374, 425, 426, 444, 449, 471, 478]","[0, 3, 12, 43, 93, 98, 110, 176, 207, 209, 210, 223, 250, 267, 302, 374, 425, 426, 444, 449, 471, 478]",0,none,,,0,0,0,none,,0,none,,0,none,,none,1,Linear Trend,Point Anomalies,1,0,0,0,0,0,1,0,0,0,0,0,0,0,0,1
2020-01-07,1.6878391092734815,0,0,1,0,0,0,0,0,1,0,0,0,1,0,0,0,0,0,22,"[0, 3, 12, 43, 93, 98, 110, 176, 207, 209, 210, 223, 250, 267, 302, 374, 425, 426, 444, 449, 471, 478]","[0, 3, 12, 43, 93, 98, 110, 176, 207, 209, 210, 223, 250, 267, 302, 374, 425, 426, 444, 449, 471, 478]",0,none,,,0,0,0,none,,0,none,,0,none,,none,1,Linear Trend,Point Anomalies,1,0,0,0,0,0,1,0,0,0,0,0,0,0,0,1
2020-01-08,1.6856367203867173,0,0,1,0,0,0,0,0,1,0,0,0,1,0,0,0,0,0,22,"[0, 3, 12, 43, 93, 98, 110, 176, 207, 209, 210, 223, 250, 267, 302, 374, 425, 426, 444, 449, 471, 478]","[0, 3, 12, 43, 93, 98, 110, 176, 207, 209, 210, 223, 250, 267, 302, 374, 425, 426, 444, 449, 471, 478]",0,none,,,0,0,0,none,,0,none,,0,none,,none,1,Linear Trend,Point Anomalies,1,0,0,0,0,0,1,0,0,0,0,0,0,0,0,1
2020-01-09,1.655794864950578,0,0,1,0,0,0,0,0,1,0,0,0,1,0,0,0,0,0,22,"[0, 3, 12, 43, 93, 98, 110, 176, 207, 209, 210, 223, 250, 267, 302, 374, 425, 426, 444, 449, 471, 478]","[0, 3, 12, 43, 93, 98, 110, 176, 207, 209, 210, 223, 250, 267, 302, 374, 425, 426, 444, 449, 471, 478]",0,none,,,0,0,0,none,,0,none,,0,none,,none,1,Linear Trend,Point Anomalies,1,0,0,0,0,0,1,0,0,0,0,0,0,0,0,1
2020-01-10,1.6398124343286422,0,0,1,0,0,0,0,0,1,0,0,0,1,0,0,0,0,0,22,"[0, 3, 12, 43, 93, 98, 110, 176, 207, 209, 210, 223, 250, 267, 302, 374, 425, 426, 444, 449, 471, 478]","[0, 3, 12, 43, 93, 98, 110, 176, 207, 209, 210, 223, 250, 267, 302, 374, 425, 426, 444, 449, 471, 478]",0,none,,,0,0,0,none,,0,none,,0,none,,none,1,Linear Trend,Point Anomalies,1,0,0,0,0,0,1,0,0,0,0,0,0,0,0,1
2020-01-11,1.685450646984817,0,0,1,0,0,0,0,0,1,0,0,0,1,0,0,0,0,0,22,"[0, 3, 12, 43, 93, 98, 110, 176, 207, 209, 210, 223, 250, 267, 302, 374, 425, 426, 444, 449, 471, 478]","[0, 3, 12, 43, 93, 98, 110, 176, 207, 209, 210, 223, 250, 267, 302, 374, 425, 426, 444, 449, 471, 478]",0,none,,,0,0,0,none,,0,none,,0,none,,none,1,Linear Trend,Point Anomalies,1,0,0,0,0,0,1,0,0,0,0,0,0,0,0,1
2020-01-12,1.623613644963462,0,0,1,0,0,0,0,0,1,0,0,0,1,0,0,0,0,0,22,"[0, 3, 12, 43, 93, 98, 110, 176, 207, 209, 210, 223, 250, 267, 302, 374, 425, 426, 444, 449, 471, 478]","[0, 3, 12, 43, 93, 98, 110, 176, 207, 209, 210, 223, 250, 267, 302, 374, 425, 426, 444, 449, 471, 478]",0,none,,,0,0,0,none,,0,none,,0,none,,none,1,Linear Trend,Point Anomalies,1,0,0,0,0,0,1,0,0,0,0,0,0,0,0,1
2020-01-13,-4.223379956071291,0,0,1,0,0,0,0,0,1,0,0,0,1,0,0,0,0,0,22,"[0, 3, 12, 43, 93, 98, 110, 176, 207, 209, 210, 223, 250, 267, 302, 374, 425, 426, 444, 449, 471, 478]","[0, 3, 12, 43, 93, 98, 110, 176, 207, 209, 210, 223, 250, 267, 302, 374, 425, 426, 444, 449, 471, 478]",0,none,,,0,0,0,none,,0,none,,0,none,,none,1,Linear Trend,Point Anomalies,1,0,0,0,0,0,1,0,0,0,0,0,0,0,0,1
2020-01-14,1.6208547806891775,0,0,1,0,0,0,0,0,1,0,0,0,1,0,0,0,0,0,22,"[0, 3, 12, 43, 93, 98, 110, 176, 207, 209, 210, 223, 250, 267, 302, 374, 425, 426, 444, 449, 471, 478]","[0, 3, 12, 43, 93, 98, 110, 176, 207, 209, 210, 223, 250, 267, 302, 374, 425, 426, 444, 449, 471, 478]",0,none,,,0,0,0,none,,0,none,,0,none,,none,1,Linear Trend,Point Anomalies,1,0,0,0,0,0,1,0,0,0,0,0,0,0,0,1
2020-01-15,1.633907652672172,0,0,1,0,0,0,0,0,1,0,0,0,1,0,0,0,0,0,22,"[0, 3, 12, 43, 93, 98, 110, 176, 207, 209, 210, 223, 250, 267, 302, 374, 425, 426, 444, 449, 471, 478]","[0, 3, 12, 43, 93, 98, 110, 176, 207, 209, 210, 223, 250, 267, 302, 374, 425, 426, 444, 449, 471, 478]",0,none,,,0,0,0,none,,0,none,,0,none,,none,1,Linear Trend,Point Anomalies,1,0,0,0,0,0,1,0,0,0,0,0,0,0,0,1
2020-01-16,1.624091999200102,0,0,1,0,0,0,0,0,1,0,0,0,1,0,0,0,0,0,22,"[0, 3, 12, 43, 93, 98, 110, 176, 207, 209, 210, 223, 250, 267, 302, 374, 425, 426, 444, 449, 471, 478]","[0, 3, 12, 43, 93, 98, 110, 176, 207, 209, 210, 223, 250, 267, 302, 374, 425, 426, 444, 449, 471, 478]",0,none,,,0,0,0,none,,0,none,,0,none,,none,1,Linear Trend,Point Anomalies,1,0,0,0,0,0,1,0,0,0,0,0,0,0,0,1
2020-01-17,1.6157921126773747,0,0,1,0,0,0,0,0,1,0,0,0,1,0,0,0,0,0,22,"[0, 3, 12, 43, 93, 98, 110, 176, 207, 209, 210, 223, 250, 267, 302, 374, 425, 426, 444, 449, 471, 478]","[0, 3, 12, 43, 93, 98, 110, 176, 207, 209, 210, 223, 250, 267, 302, 374, 425, 426, 444, 449, 471, 478]",0,none,,,0,0,0,none,,0,none,,0,none,,none,1,Linear Trend,Point Anomalies,1,0,0,0,0,0,1,0,0,0,0,0,0,0,0,1
2020-01-18,1.6280768525846767,0,0,1,0,0,0,0,0,1,0,0,0,1,0,0,0,0,0,22,"[0, 3, 12, 43, 93, 98, 110, 176, 207, 209, 210, 223, 250, 267, 302, 374, 425, 426, 444, 449, 471, 478]","[0, 3, 12, 43, 93, 98, 110, 176, 207, 209, 210, 223, 250, 267, 302, 374, 425, 426, 444, 449, 471, 478]",0,none,,,0,0,0,none,,0,none,,0,none,,none,1,Linear Trend,Point Anomalies,1,0,0,0,0,0,1,0,0,0,0,0,0,0,0,1
2020-01-19,1.619065456863572,0,0,1,0,0,0,0,0,1,0,0,0,1,0,0,0,0,0,22,"[0, 3, 12, 43, 93, 98, 110, 176, 207, 209, 210, 223, 250, 267, 302, 374, 425, 426, 444, 449, 471, 478]","[0, 3, 12, 43, 93, 98, 110, 176, 207, 209, 210, 223, 250, 267, 302, 374, 425, 426, 444, 449, 471, 478]",0,none,,,0,0,0,none,,0,none,,0,none,,none,1,Linear Trend,Point Anomalies,1,0,0,0,0,0,1,0,0,0,0,0,0,0,0,1
2020-01-20,1.6248332610690968,0,0,1,0,0,0,0,0,1,0,0,0,1,0,0,0,0,0,22,"[0, 3, 12, 43, 93, 98, 110, 176, 207, 209, 210, 223, 250, 267, 302, 374, 425, 426, 444, 449, 471, 478]","[0, 3, 12, 43, 93, 98, 110, 176, 207, 209, 210, 223, 250, 267, 302, 374, 425, 426, 444, 449, 471, 478]",0,none,,,0,0,0,none,,0,none,,0,none,,none,1,Linear Trend,Point Anomalies,1,0,0,0,0,0,1,0,0,0,0,0,0,0,0,1
2020-01-21,1.6136794775352479,0,0,1,0,0,0,0,0,1,0,0,0,1,0,0,0,0,0,22,"[0, 3, 12, 43, 93, 98, 110, 176, 207, 209, 210, 223, 250, 267, 302, 374, 425, 426, 444, 449, 471, 478]","[0, 3, 12, 43, 93, 98, 110, 176, 207, 209, 210, 223, 250, 267, 302, 374, 425, 426, 444, 449, 471, 478]",0,none,,,0,0,0,none,,0,none,,0,none,,none,1,Linear Trend,Point Anomalies,1,0,0,0,0,0,1,0,0,0,0,0,0,0,0,1
2020-01-22,1.5702940820944686,0,0,1,0,0,0,0,0,1,0,0,0,1,0,0,0,0,0,22,"[0, 3, 12, 43, 93, 98, 110, 176, 207, 209, 210, 223, 250, 267, 302, 374, 425, 426, 444, 449, 471, 478]","[0, 3, 12, 43, 93, 98, 110, 176, 207, 209, 210, 223, 250, 267, 302, 374, 425, 426, 444, 449, 471, 478]",0,none,,,0,0,0,none,,0,none,,0,none,,none,1,Linear Trend,Point Anomalies,1,0,0,0,0,0,1,0,0,0,0,0,0,0,0,1
2020-01-23,1.5641666692441774,0,0,1,0,0,0,0,0,1,0,0,0,1,0,0,0,0,0,22,"[0, 3, 12, 43, 93, 98, 110, 176, 207, 209, 210, 223, 250, 267, 302, 374, 425, 426, 444, 449, 471, 478]","[0, 3, 12, 43, 93, 98, 110, 176, 207, 209, 210, 223, 250, 267, 302, 374, 425, 426, 444, 449, 471, 478]",0,none,,,0,0,0,none,,0,none,,0,none,,none,1,Linear Trend,Point Anomalies,1,0,0,0,0,0,1,0,0,0,0,0,0,0,0,1
2020-01-24,1.590785687502755,0,0,1,0,0,0,0,0,1,0,0,0,1,0,0,0,0,0,22,"[0, 3, 12, 43, 93, 98, 110, 176, 207, 209, 210, 223, 250, 267, 302, 374, 425, 426, 444, 449, 471, 478]","[0, 3, 12, 43, 93, 98, 110, 176, 207, 209, 210, 223, 250, 267, 302, 374, 425, 426, 444, 449, 471, 478]",0,none,,,0,0,0,none,,0,none,,0,none,,none,1,Linear Trend,Point Anomalies,1,0,0,0,0,0,1,0,0,0,0,0,0,0,0,1
2020-01-25,1.564628762626328,0,0,1,0,0,0,0,0,1,0,0,0,1,0,0,0,0,0,22,"[0, 3, 12, 43, 93, 98, 110, 176, 207, 209, 210, 223, 250, 267, 302, 374, 425, 426, 444, 449, 471, 478]","[0, 3, 12, 43, 93, 98, 110, 176, 207, 209, 210, 223, 250, 267, 302, 374, 425, 426, 444, 449, 471, 478]",0,none,,,0,0,0,none,,0,none,,0,none,,none,1,Linear Trend,Point Anomalies,1,0,0,0,0,0,1,0,0,0,0,0,0,0,0,1
2020-01-26,1.553430388048515,0,0,1,0,0,0,0,0,1,0,0,0,1,0,0,0,0,0,22,"[0, 3, 12, 43, 93, 98, 110, 176, 207, 209, 210, 223, 250, 267, 302, 374, 425, 426, 444, 449, 471, 478]","[0, 3, 12, 43, 93, 98, 110, 176, 207, 209, 210, 223, 250, 267, 302, 374, 425, 426, 444, 449, 471, 478]",0,none,,,0,0,0,none,,0,none,,0,none,,none,1,Linear Trend,Point Anomalies,1,0,0,0,0,0,1,0,0,0,0,0,0,0,0,1
2020-01-27,1.564653820968919,0,0,1,0,0,0,0,0,1,0,0,0,1,0,0,0,0,0,22,"[0, 3, 12, 43, 93, 98, 110, 176, 207, 209, 210, 223, 250, 267, 302, 374, 425, 426, 444, 449, 471, 478]","[0, 3, 12, 43, 93, 98, 110, 176, 207, 209, 210, 223, 250, 267, 302, 374, 425, 426, 444, 449, 471, 478]",0,none,,,0,0,0,none,,0,none,,0,none,,none,1,Linear Trend,Point Anomalies,1,0,0,0,0,0,1,0,0,0,0,0,0,0,0,1
2020-01-28,1.5468185863136832,0,0,1,0,0,0,0,0,1,0,0,0,1,0,0,0,0,0,22,"[0, 3, 12, 43, 93, 98, 110, 176, 207, 209, 210, 223, 250, 267, 302, 374, 425, 426, 444, 449, 471, 478]","[0, 3, 12, 43, 93, 98, 110, 176, 207, 209, 210, 223, 250, 267, 302, 374, 425, 426, 444, 449, 471, 478]",0,none,,,0,0,0,none,,0,none,,0,none,,none,1,Linear Trend,Point Anomalies,1,0,0,0,0,0,1,0,0,0,0,0,0,0,0,1
2020-01-29,1.5382322298668716,0,0,1,0,0,0,0,0,1,0,0,0,1,0,0,0,0,0,22,"[0, 3, 12, 43, 93, 98, 110, 176, 207, 209, 210, 223, 250, 267, 302, 374, 425, 426, 444, 449, 471, 478]","[0, 3, 12, 43, 93, 98, 110, 176, 207, 209, 210, 223, 250, 267, 302, 374, 425, 426, 444, 449, 471, 478]",0,none,,,0,0,0,none,,0,none,,0,none,,none,1,Linear Trend,Point Anomalies,1,0,0,0,0,0,1,0,0,0,0,0,0,0,0,1
2020-01-30,1.5506334531951866,0,0,1,0,0,0,0,0,1,0,0,0,1,0,0,0,0,0,22,"[0, 3, 12, 43, 93, 98, 110, 176, 207, 209, 210, 223, 250, 267, 302, 374, 425, 426, 444, 449, 471, 478]","[0, 3, 12, 43, 93, 98, 110, 176, 207, 209, 210, 223, 250, 267, 302, 374, 425, 426, 444, 449, 471, 478]",0,none,,,0,0,0,none,,0,none,,0,none,,none,1,Linear Trend,Point Anomalies,1,0,0,0,0,0,1,0,0,0,0,0,0,0,0,1
2020-01-31,1.513103712850919,0,0,1,0,0,0,0,0,1,0,0,0,1,0,0,0,0,0,22,"[0, 3, 12, 43, 93, 98, 110, 176, 207, 209, 210, 223, 250, 267, 302, 374, 425, 426, 444, 449, 471, 478]","[0, 3, 12, 43, 93, 98, 110, 176, 207, 209, 210, 223, 250, 267, 302, 374, 425, 426, 444, 449, 471, 478]",0,none,,,0,0,0,none,,0,none,,0,none,,none,1,Linear Trend,Point Anomalies,1,0,0,0,0,0,1,0,0,0,0,0,0,0,0,1
2020-02-01,1.5270841324062752,0,0,1,0,0,0,0,0,1,0,0,0,1,0,0,0,0,0,22,"[0, 3, 12, 43, 93, 98, 110, 176, 207, 209, 210, 223, 250, 267, 302, 374, 425, 426, 444, 449, 471, 478]","[0, 3, 12, 43, 93, 98, 110, 176, 207, 209, 210, 223, 250, 267, 302, 374, 425, 426, 444, 449, 471, 478]",0,none,,,0,0,0,none,,0,none,,0,none,,none,1,Linear Trend,Point Anomalies,1,0,0,0,0,0,1,0,0,0,0,0,0,0,0,1
2020-02-02,1.5117799498568234,0,0,1,0,0,0,0,0,1,0,0,0,1,0,0,0,0,0,22,"[0, 3, 12, 43, 93, 98, 110, 176, 207, 209, 210, 223, 250, 267, 302, 374, 425, 426, 444, 449, 471, 478]","[0, 3, 12, 43, 93, 98, 110, 176, 207, 209, 210, 223, 250, 267, 302, 374, 425, 426, 444, 449, 471, 478]",0,none,,,0,0,0,none,,0,none,,0,none,,none,1,Linear Trend,Point Anomalies,1,0,0,0,0,0,1,0,0,0,0,0,0,0,0,1
2020-02-03,1.5190342536680954,0,0,1,0,0,0,0,0,1,0,0,0,1,0,0,0,0,0,22,"[0, 3, 12, 43, 93, 98, 110, 176, 207, 209, 210, 223, 250, 267, 302, 374, 425, 426, 444, 449, 471, 478]","[0, 3, 12, 43, 93, 98, 110, 176, 207, 209, 210, 223, 250, 267, 302, 374, 425, 426, 444, 449, 471, 478]",0,none,,,0,0,0,none,,0,none,,0,none,,none,1,Linear Trend,Point Anomalies,1,0,0,0,0,0,1,0,0,0,0,0,0,0,0,1
2020-02-04,1.4874777082093593,0,0,1,0,0,0,0,0,1,0,0,0,1,0,0,0,0,0,22,"[0, 3, 12, 43, 93, 98, 110, 176, 207, 209, 210, 223, 250, 267, 302, 374, 425, 426, 444, 449, 471, 478]","[0, 3, 12, 43, 93, 98, 110, 176, 207, 209, 210, 223, 250, 267, 302, 374, 425, 426, 444, 449, 471, 478]",0,none,,,0,0,0,none,,0,none,,0,none,,none,1,Linear Trend,Point Anomalies,1,0,0,0,0,0,1,0,0,0,0,0,0,0,0,1
2020-02-05,1.4890846256656183,0,0,1,0,0,0,0,0,1,0,0,0,1,0,0,0,0,0,22,"[0, 3, 12, 43, 93, 98, 110, 176, 207, 209, 210, 223, 250, 267, 302, 374, 425, 426, 444, 449, 471, 478]","[0, 3, 12, 43, 93, 98, 110, 176, 207, 209, 210, 223, 250, 267, 302, 374, 425, 426, 444, 449, 471, 478]",0,none,,,0,0,0,none,,0,none,,0,none,,none,1,Linear Trend,Point Anomalies,1,0,0,0,0,0,1,0,0,0,0,0,0,0,0,1
2020-02-06,1.4754249187380728,0,0,1,0,0,0,0,0,1,0,0,0,1,0,0,0,0,0,22,"[0, 3, 12, 43, 93, 98, 110, 176, 207, 209, 210, 223, 250, 267, 302, 374, 425, 426, 444, 449, 471, 478]","[0, 3, 12, 43, 93, 98, 110, 176, 207, 209, 210, 223, 250, 267, 302, 374, 425, 426, 444, 449, 471, 478]",0,none,,,0,0,0,none,,0,none,,0,none,,none,1,Linear Trend,Point Anomalies,1,0,0,0,0,0,1,0,0,0,0,0,0,0,0,1
2020-02-07,1.4817404357968296,0,0,1,0,0,0,0,0,1,0,0,0,1,0,0,0,0,0,22,"[0, 3, 12, 43, 93, 98, 110, 176, 207, 209, 210, 223, 250, 267, 302, 374, 425, 426, 444, 449, 471, 478]","[0, 3, 12, 43, 93, 98, 110, 176, 207, 209, 210, 223, 250, 267, 302, 374, 425, 426, 444, 449, 471, 478]",0,none,,,0,0,0,none,,0,none,,0,none,,none,1,Linear Trend,Point Anomalies,1,0,0,0,0,0,1,0,0,0,0,0,0,0,0,1
2020-02-08,1.4724246194932866,0,0,1,0,0,0,0,0,1,0,0,0,1,0,0,0,0,0,22,"[0, 3, 12, 43, 93, 98, 110, 176, 207, 209, 210, 223, 250, 267, 302, 374, 425, 426, 444, 449, 471, 478]","[0, 3, 12, 43, 93, 98, 110, 176, 207, 209, 210, 223, 250, 267, 302, 374, 425, 426, 444, 449, 471, 478]",0,none,,,0,0,0,none,,0,none,,0,none,,none,1,Linear Trend,Point Anomalies,1,0,0,0,0,0,1,0,0,0,0,0,0,0,0,1
2020-02-09,1.4549184692935555,0,0,1,0,0,0,0,0,1,0,0,0,1,0,0,0,0,0,22,"[0, 3, 12, 43, 93, 98, 110, 176, 207, 209, 210, 223, 250, 267, 302, 374, 425, 426, 444, 449, 471, 478]","[0, 3, 12, 43, 93, 98, 110, 176, 207, 209, 210, 223, 250, 267, 302, 374, 425, 426, 444, 449, 471, 478]",0,none,,,0,0,0,none,,0,none,,0,none,,none,1,Linear Trend,Point Anomalies,1,0,0,0,0,0,1,0,0,0,0,0,0,0,0,1
2020-02-10,1.4383418993381265,0,0,1,0,0,0,0,0,1,0,0,0,1,0,0,0,0,0,22,"[0, 3, 12, 43, 93, 98, 110, 176, 207, 209, 210, 223, 250, 267, 302, 374, 425, 426, 444, 449, 471, 478]","[0, 3, 12, 43, 93, 98, 110, 176, 207, 209, 210, 223, 250, 267, 302, 374, 425, 426, 444, 449, 471, 478]",0,none,,,0,0,0,none,,0,none,,0,none,,none,1,Linear Trend,Point Anomalies,1,0,0,0,0,0,1,0,0,0,0,0,0,0,0,1
2020-02-11,1.4219971994165177,0,0,1,0,0,0,0,0,1,0,0,0,1,0,0,0,0,0,22,"[0, 3, 12, 43, 93, 98, 110, 176, 207, 209, 210, 223, 250, 267, 302, 374, 425, 426, 444, 449, 471, 478]","[0, 3, 12, 43, 93, 98, 110, 176, 207, 209, 210, 223, 250, 267, 302, 374, 425, 426, 444, 449, 471, 478]",0,none,,,0,0,0,none,,0,none,,0,none,,none,1,Linear Trend,Point Anomalies,1,0,0,0,0,0,1,0,0,0,0,0,0,0,0,1
2020-02-12,1.4244684685489712,0,0,1,0,0,0,0,0,1,0,0,0,1,0,0,0,0,0,22,"[0, 3, 12, 43, 93, 98, 110, 176, 207, 209, 210, 223, 250, 267, 302, 374, 425, 426, 444, 449, 471, 478]","[0, 3, 12, 43, 93, 98, 110, 176, 207, 209, 210, 223, 250, 267, 302, 374, 425, 426, 444, 449, 471, 478]",0,none,,,0,0,0,none,,0,none,,0,none,,none,1,Linear Trend,Point Anomalies,1,0,0,0,0,0,1,0,0,0,0,0,0,0,0,1
2020-02-13,7.258943091454016,0,0,1,0,0,0,0,0,1,0,0,0,1,0,0,0,0,0,22,"[0, 3, 12, 43, 93, 98, 110, 176, 207, 209, 210, 223, 250, 267, 302, 374, 425, 426, 444, 449, 471, 478]","[0, 3, 12, 43, 93, 98, 110, 176, 207, 209, 210, 223, 250, 267, 302, 374, 425, 426, 444, 449, 471, 478]",0,none,,,0,0,0,none,,0,none,,0,none,,none,1,Linear Trend,Point Anomalies,1,0,0,0,0,0,1,0,0,0,0,0,0,0,0,1
2020-02-14,1.4305951760401496,0,0,1,0,0,0,0,0,1,0,0,0,1,0,0,0,0,0,22,"[0, 3, 12, 43, 93, 98, 110, 176, 207, 209, 210, 223, 250, 267, 302, 374, 425, 426, 444, 449, 471, 478]","[0, 3, 12, 43, 93, 98, 110, 176, 207, 209, 210, 223, 250, 267, 302, 374, 425, 426, 444, 449, 471, 478]",0,none,,,0,0,0,none,,0,none,,0,none,,none,1,Linear Trend,Point Anomalies,1,0,0,0,0,0,1,0,0,0,0,0,0,0,0,1
2020-02-15,1.4316409700251165,0,0,1,0,0,0,0,0,1,0,0,0,1,0,0,0,0,0,22,"[0, 3, 12, 43, 93, 98, 110, 176, 207, 209, 210, 223, 250, 267, 302, 374, 425, 426, 444, 449, 471, 478]","[0, 3, 12, 43, 93, 98, 110, 176, 207, 209, 210, 223, 250, 267, 302, 374, 425, 426, 444, 449, 471, 478]",0,none,,,0,0,0,none,,0,none,,0,none,,none,1,Linear Trend,Point Anomalies,1,0,0,0,0,0,1,0,0,0,0,0,0,0,0,1
2020-02-16,1.3861964806435911,0,0,1,0,0,0,0,0,1,0,0,0,1,0,0,0,0,0,22,"[0, 3, 12, 43, 93, 98, 110, 176, 207, 209, 210, 223, 250, 267, 302, 374, 425, 426, 444, 449, 471, 478]","[0, 3, 12, 43, 93, 98, 110, 176, 207, 209, 210, 223, 250, 267, 302, 374, 425, 426, 444, 449, 471, 478]",0,none,,,0,0,0,none,,0,none,,0,none,,none,1,Linear Trend,Point Anomalies,1,0,0,0,0,0,1,0,0,0,0,0,0,0,0,1
2020-02-17,1.3906931825117432,0,0,1,0,0,0,0,0,1,0,0,0,1,0,0,0,0,0,22,"[0, 3, 12, 43, 93, 98, 110, 176, 207, 209, 210, 223, 250, 267, 302, 374, 425, 426, 444, 449, 471, 478]","[0, 3, 12, 43, 93, 98, 110, 176, 207, 209, 210, 223, 250, 267, 302, 374, 425, 426, 444, 449, 471, 478]",0,none,,,0,0,0,none,,0,none,,0,none,,none,1,Linear Trend,Point Anomalies,1,0,0,0,0,0,1,0,0,0,0,0,0,0,0,1
2020-02-18,1.3840087691394811,0,0,1,0,0,0,0,0,1,0,0,0,1,0,0,0,0,0,22,"[0, 3, 12, 43, 93, 98, 110, 176, 207, 209, 210, 223, 250, 267, 302, 374, 425, 426, 444, 449, 471, 478]","[0, 3, 12, 43, 93, 98, 110, 176, 207, 209, 210, 223, 250, 267, 302, 374, 425, 426, 444, 449, 471, 478]",0,none,,,0,0,0,none,,0,none,,0,none,,none,1,Linear Trend,Point Anomalies,1,0,0,0,0,0,1,0,0,0,0,0,0,0,0,1
2020-02-19,1.373766006170438,0,0,1,0,0,0,0,0,1,0,0,0,1,0,0,0,0,0,22,"[0, 3, 12, 43, 93, 98, 110, 176, 207, 209, 210, 223, 250, 267, 302, 374, 425, 426, 444, 449, 471, 478]","[0, 3, 12, 43, 93, 98, 110, 176, 207, 209, 210, 223, 250, 267, 302, 374, 425, 426, 444, 449, 471, 478]",0,none,,,0,0,0,none,,0,none,,0,none,,none,1,Linear Trend,Point Anomalies,1,0,0,0,0,0,1,0,0,0,0,0,0,0,0,1
2020-02-20,1.3847538628094,0,0,1,0,0,0,0,0,1,0,0,0,1,0,0,0,0,0,22,"[0, 3, 12, 43, 93, 98, 110, 176, 207, 209, 210, 223, 250, 267, 302, 374, 425, 426, 444, 449, 471, 478]","[0, 3, 12, 43, 93, 98, 110, 176, 207, 209, 210, 223, 250, 267, 302, 374, 425, 426, 444, 449, 471, 478]",0,none,,,0,0,0,none,,0,none,,0,none,,none,1,Linear Trend,Point Anomalies,1,0,0,0,0,0,1,0,0,0,0,0,0,0,0,1
2020-02-21,1.3751533129333935,0,0,1,0,0,0,0,0,1,0,0,0,1,0,0,0,0,0,22,"[0, 3, 12, 43, 93, 98, 110, 176, 207, 209, 210, 223, 250, 267, 302, 374, 425, 426, 444, 449, 471, 478]","[0, 3, 12, 43, 93, 98, 110, 176, 207, 209, 210, 223, 250, 267, 302, 374, 425, 426, 444, 449, 471, 478]",0,none,,,0,0,0,none,,0,none,,0,none,,none,1,Linear Trend,Point Anomalies,1,0,0,0,0,0,1,0,0,0,0,0,0,0,0,1
2020-02-22,1.3966824796746724,0,0,1,0,0,0,0,0,1,0,0,0,1,0,0,0,0,0,22,"[0, 3, 12, 43, 93, 98, 110, 176, 207, 209, 210, 223, 250, 267, 302, 374, 425, 426, 444, 449, 471, 478]","[0, 3, 12, 43, 93, 98, 110, 176, 207, 209, 210, 223, 250, 267, 302, 374, 425, 426, 444, 449, 471, 478]",0,none,,,0,0,0,none,,0,none,,0,none,,none,1,Linear Trend,Point Anomalies,1,0,0,0,0,0,1,0,0,0,0,0,0,0,0,1
2020-02-23,1.3810683986457775,0,0,1,0,0,0,0,0,1,0,0,0,1,0,0,0,0,0,22,"[0, 3, 12, 43, 93, 98, 110, 176, 207, 209, 210, 223, 250, 267, 302, 374, 425, 426, 444, 449, 471, 478]","[0, 3, 12, 43, 93, 98, 110, 176, 207, 209, 210, 223, 250, 267, 302, 374, 425, 426, 444, 449, 471, 478]",0,none,,,0,0,0,none,,0,none,,0,none,,none,1,Linear Trend,Point Anomalies,1,0,0,0,0,0,1,0,0,0,0,0,0,0,0,1
2020-02-24,1.3541603673904492,0,0,1,0,0,0,0,0,1,0,0,0,1,0,0,0,0,0,22,"[0, 3, 12, 43, 93, 98, 110, 176, 207, 209, 210, 223, 250, 267, 302, 374, 425, 426, 444, 449, 471, 478]","[0, 3, 12, 43, 93, 98, 110, 176, 207, 209, 210, 223, 250, 267, 302, 374, 425, 426, 444, 449, 471, 478]",0,none,,,0,0,0,none,,0,none,,0,none,,none,1,Linear Trend,Point Anomalies,1,0,0,0,0,0,1,0,0,0,0,0,0,0,0,1
2020-02-25,1.335404660814385,0,0,1,0,0,0,0,0,1,0,0,0,1,0,0,0,0,0,22,"[0, 3, 12, 43, 93, 98, 110, 176, 207, 209, 210, 223, 250, 267, 302, 374, 425, 426, 444, 449, 471, 478]","[0, 3, 12, 43, 93, 98, 110, 176, 207, 209, 210, 223, 250, 267, 302, 374, 425, 426, 444, 449, 471, 478]",0,none,,,0,0,0,none,,0,none,,0,none,,none,1,Linear Trend,Point Anomalies,1,0,0,0,0,0,1,0,0,0,0,0,0,0,0,1
2020-02-26,1.3745701389066414,0,0,1,0,0,0,0,0,1,0,0,0,1,0,0,0,0,0,22,"[0, 3, 12, 43, 93, 98, 110, 176, 207, 209, 210, 223, 250, 267, 302, 374, 425, 426, 444, 449, 471, 478]","[0, 3, 12, 43, 93, 98, 110, 176, 207, 209, 210, 223, 250, 267, 302, 374, 425, 426, 444, 449, 471, 478]",0,none,,,0,0,0,none,,0,none,,0,none,,none,1,Linear Trend,Point Anomalies,1,0,0,0,0,0,1,0,0,0,0,0,0,0,0,1
2020-02-27,1.3574006599314605,0,0,1,0,0,0,0,0,1,0,0,0,1,0,0,0,0,0,22,"[0, 3, 12, 43, 93, 98, 110, 176, 207, 209, 210, 223, 250, 267, 302, 374, 425, 426, 444, 449, 471, 478]","[0, 3, 12, 43, 93, 98, 110, 176, 207, 209, 210, 223, 250, 267, 302, 374, 425, 426, 444, 449, 471, 478]",0,none,,,0,0,0,none,,0,none,,0,none,,none,1,Linear Trend,Point Anomalies,1,0,0,0,0,0,1,0,0,0,0,0,0,0,0,1
2020-02-28,1.3340954714768836,0,0,1,0,0,0,0,0,1,0,0,0,1,0,0,0,0,0,22,"[0, 3, 12, 43, 93, 98, 110, 176, 207, 209, 210, 223, 250, 267, 302, 374, 425, 426, 444, 449, 471, 478]","[0, 3, 12, 43, 93, 98, 110, 176, 207, 209, 210, 223, 250, 267, 302, 374, 425, 426, 444, 449, 471, 478]",0,none,,,0,0,0,none,,0,none,,0,none,,none,1,Linear Trend,Point Anomalies,1,0,0,0,0,0,1,0,0,0,0,0,0,0,0,1
2020-02-29,1.3467700353635246,0,0,1,0,0,0,0,0,1,0,0,0,1,0,0,0,0,0,22,"[0, 3, 12, 43, 93, 98, 110, 176, 207, 209, 210, 223, 250, 267, 302, 374, 425, 426, 444, 449, 471, 478]","[0, 3, 12, 43, 93, 98, 110, 176, 207, 209, 210, 223, 250, 267, 302, 374, 425, 426, 444, 449, 471, 478]",0,none,,,0,0,0,none,,0,none,,0,none,,none,1,Linear Trend,Point Anomalies,1,0,0,0,0,0,1,0,0,0,0,0,0,0,0,1
2020-03-01,1.3515415957842003,0,0,1,0,0,0,0,0,1,0,0,0,1,0,0,0,0,0,22,"[0, 3, 12, 43, 93, 98, 110, 176, 207, 209, 210, 223, 250, 267, 302, 374, 425, 426, 444, 449, 471, 478]","[0, 3, 12, 43, 93, 98, 110, 176, 207, 209, 210, 223, 250, 267, 302, 374, 425, 426, 444, 449, 471, 478]",0,none,,,0,0,0,none,,0,none,,0,none,,none,1,Linear Trend,Point Anomalies,1,0,0,0,0,0,1,0,0,0,0,0,0,0,0,1
2020-03-02,1.3132896869407662,0,0,1,0,0,0,0,0,1,0,0,0,1,0,0,0,0,0,22,"[0, 3, 12, 43, 93, 98, 110, 176, 207, 209, 210, 223, 250, 267, 302, 374, 425, 426, 444, 449, 471, 478]","[0, 3, 12, 43, 93, 98, 110, 176, 207, 209, 210, 223, 250, 267, 302, 374, 425, 426, 444, 449, 471, 478]",0,none,,,0,0,0,none,,0,none,,0,none,,none,1,Linear Trend,Point Anomalies,1,0,0,0,0,0,1,0,0,0,0,0,0,0,0,1
2020-03-03,1.294231258533737,0,0,1,0,0,0,0,0,1,0,0,0,1,0,0,0,0,0,22,"[0, 3, 12, 43, 93, 98, 110, 176, 207, 209, 210, 223, 250, 267, 302, 374, 425, 426, 444, 449, 471, 478]","[0, 3, 12, 43, 93, 98, 110, 176, 207, 209, 210, 223, 250, 267, 302, 374, 425, 426, 444, 449, 471, 478]",0,none,,,0,0,0,none,,0,none,,0,none,,none,1,Linear Trend,Point Anomalies,1,0,0,0,0,0,1,0,0,0,0,0,0,0,0,1
2020-03-04,1.2642099427414215,0,0,1,0,0,0,0,0,1,0,0,0,1,0,0,0,0,0,22,"[0, 3, 12, 43, 93, 98, 110, 176, 207, 209, 210, 223, 250, 267, 302, 374, 425, 426, 444, 449, 471, 478]","[0, 3, 12, 43, 93, 98, 110, 176, 207, 209, 210, 223, 250, 267, 302, 374, 425, 426, 444, 449, 471, 478]",0,none,,,0,0,0,none,,0,none,,0,none,,none,1,Linear Trend,Point Anomalies,1,0,0,0,0,0,1,0,0,0,0,0,0,0,0,1
2020-03-05,1.322707188005338,0,0,1,0,0,0,0,0,1,0,0,0,1,0,0,0,0,0,22,"[0, 3, 12, 43, 93, 98, 110, 176, 207, 209, 210, 223, 250, 267, 302, 374, 425, 426, 444, 449, 471, 478]","[0, 3, 12, 43, 93, 98, 110, 176, 207, 209, 210, 223, 250, 267, 302, 374, 425, 426, 444, 449, 471, 478]",0,none,,,0,0,0,none,,0,none,,0,none,,none,1,Linear Trend,Point Anomalies,1,0,0,0,0,0,1,0,0,0,0,0,0,0,0,1
2020-03-06,1.2974467537621754,0,0,1,0,0,0,0,0,1,0,0,0,1,0,0,0,0,0,22,"[0, 3, 12, 43, 93, 98, 110, 176, 207, 209, 210, 223, 250, 267, 302, 374, 425, 426, 444, 449, 471, 478]","[0, 3, 12, 43, 93, 98, 110, 176, 207, 209, 210, 223, 250, 267, 302, 374, 425, 426, 444, 449, 471, 478]",0,none,,,0,0,0,none,,0,none,,0,none,,none,1,Linear Trend,Point Anomalies,1,0,0,0,0,0,1,0,0,0,0,0,0,0,0,1
2020-03-07,1.2953932738519558,0,0,1,0,0,0,0,0,1,0,0,0,1,0,0,0,0,0,22,"[0, 3, 12, 43, 93, 98, 110, 176, 207, 209, 210, 223, 250, 267, 302, 374, 425, 426, 444, 449, 471, 478]","[0, 3, 12, 43, 93, 98, 110, 176, 207, 209, 210, 223, 250, 267, 302, 374, 425, 426, 444, 449, 471, 478]",0,none,,,0,0,0,none,,0,none,,0,none,,none,1,Linear Trend,Point Anomalies,1,0,0,0,0,0,1,0,0,0,0,0,0,0,0,1
2020-03-08,1.2665763628979483,0,0,1,0,0,0,0,0,1,0,0,0,1,0,0,0,0,0,22,"[0, 3, 12, 43, 93, 98, 110, 176, 207, 209, 210, 223, 250, 267, 302, 374, 425, 426, 444, 449, 471, 478]","[0, 3, 12, 43, 93, 98, 110, 176, 207, 209, 210, 223, 250, 267, 302, 374, 425, 426, 444, 449, 471, 478]",0,none,,,0,0,0,none,,0,none,,0,none,,none,1,Linear Trend,Point Anomalies,1,0,0,0,0,0,1,0,0,0,0,0,0,0,0,1
2020-03-09,1.2794606006230518,0,0,1,0,0,0,0,0,1,0,0,0,1,0,0,0,0,0,22,"[0, 3, 12, 43, 93, 98, 110, 176, 207, 209, 210, 223, 250, 267, 302, 374, 425, 426, 444, 449, 471, 478]","[0, 3, 12, 43, 93, 98, 110, 176, 207, 209, 210, 223, 250, 267, 302, 374, 425, 426, 444, 449, 471, 478]",0,none,,,0,0,0,none,,0,none,,0,none,,none,1,Linear Trend,Point Anomalies,1,0,0,0,0,0,1,0,0,0,0,0,0,0,0,1
2020-03-10,1.2770485891362222,0,0,1,0,0,0,0,0,1,0,0,0,1,0,0,0,0,0,22,"[0, 3, 12, 43, 93, 98, 110, 176, 207, 209, 210, 223, 250, 267, 302, 374, 425, 426, 444, 449, 471, 478]","[0, 3, 12, 43, 93, 98, 110, 176, 207, 209, 210, 223, 250, 267, 302, 374, 425, 426, 444, 449, 471, 478]",0,none,,,0,0,0,none,,0,none,,0,none,,none,1,Linear Trend,Point Anomalies,1,0,0,0,0,0,1,0,0,0,0,0,0,0,0,1
2020-03-11,1.25321612597667,0,0,1,0,0,0,0,0,1,0,0,0,1,0,0,0,0,0,22,"[0, 3, 12, 43, 93, 98, 110, 176, 207, 209, 210, 223, 250, 267, 302, 374, 425, 426, 444, 449, 471, 478]","[0, 3, 12, 43, 93, 98, 110, 176, 207, 209, 210, 223, 250, 267, 302, 374, 425, 426, 444, 449, 471, 478]",0,none,,,0,0,0,none,,0,none,,0,none,,none,1,Linear Trend,Point Anomalies,1,0,0,0,0,0,1,0,0,0,0,0,0,0,0,1
2020-03-12,1.2701018372493103,0,0,1,0,0,0,0,0,1,0,0,0,1,0,0,0,0,0,22,"[0, 3, 12, 43, 93, 98, 110, 176, 207, 209, 210, 223, 250, 267, 302, 374, 425, 426, 444, 449, 471, 478]","[0, 3, 12, 43, 93, 98, 110, 176, 207, 209, 210, 223, 250, 267, 302, 374, 425, 426, 444, 449, 471, 478]",0,none,,,0,0,0,none,,0,none,,0,none,,none,1,Linear Trend,Point Anomalies,1,0,0,0,0,0,1,0,0,0,0,0,0,0,0,1
2020-03-13,1.2435011423435522,0,0,1,0,0,0,0,0,1,0,0,0,1,0,0,0,0,0,22,"[0, 3, 12, 43, 93, 98, 110, 176, 207, 209, 210, 223, 250, 267, 302, 374, 425, 426, 444, 449, 471, 478]","[0, 3, 12, 43, 93, 98, 110, 176, 207, 209, 210, 223, 250, 267, 302, 374, 425, 426, 444, 449, 471, 478]",0,none,,,0,0,0,none,,0,none,,0,none,,none,1,Linear Trend,Point Anomalies,1,0,0,0,0,0,1,0,0,0,0,0,0,0,0,1
2020-03-14,1.2300348434002049,0,0,1,0,0,0,0,0,1,0,0,0,1,0,0,0,0,0,22,"[0, 3, 12, 43, 93, 98, 110, 176, 207, 209, 210, 223, 250, 267, 302, 374, 425, 426, 444, 449, 471, 478]","[0, 3, 12, 43, 93, 98, 110, 176, 207, 209, 210, 223, 250, 267, 302, 374, 425, 426, 444, 449, 471, 478]",0,none,,,0,0,0,none,,0,none,,0,none,,none,1,Linear Trend,Point Anomalies,1,0,0,0,0,0,1,0,0,0,0,0,0,0,0,1
2020-03-15,1.222382342018182,0,0,1,0,0,0,0,0,1,0,0,0,1,0,0,0,0,0,22,"[0, 3, 12, 43, 93, 98, 110, 176, 207, 209, 210, 223, 250, 267, 302, 374, 425, 426, 444, 449, 471, 478]","[0, 3, 12, 43, 93, 98, 110, 176, 207, 209, 210, 223, 250, 267, 302, 374, 425, 426, 444, 449, 471, 478]",0,none,,,0,0,0,none,,0,none,,0,none,,none,1,Linear Trend,Point Anomalies,1,0,0,0,0,0,1,0,0,0,0,0,0,0,0,1
2020-03-16,1.2324633119430748,0,0,1,0,0,0,0,0,1,0,0,0,1,0,0,0,0,0,22,"[0, 3, 12, 43, 93, 98, 110, 176, 207, 209, 210, 223, 250, 267, 302, 374, 425, 426, 444, 449, 471, 478]","[0, 3, 12, 43, 93, 98, 110, 176, 207, 209, 210, 223, 250, 267, 302, 374, 425, 426, 444, 449, 471, 478]",0,none,,,0,0,0,none,,0,none,,0,none,,none,1,Linear Trend,Point Anomalies,1,0,0,0,0,0,1,0,0,0,0,0,0,0,0,1
2020-03-17,1.1977024439824207,0,0,1,0,0,0,0,0,1,0,0,0,1,0,0,0,0,0,22,"[0, 3, 12, 43, 93, 98, 110, 176, 207, 209, 210, 223, 250, 267, 302, 374, 425, 426, 444, 449, 471, 478]","[0, 3, 12, 43, 93, 98, 110, 176, 207, 209, 210, 223, 250, 267, 302, 374, 425, 426, 444, 449, 471, 478]",0,none,,,0,0,0,none,,0,none,,0,none,,none,1,Linear Trend,Point Anomalies,1,0,0,0,0,0,1,0,0,0,0,0,0,0,0,1
2020-03-18,1.2173803758771633,0,0,1,0,0,0,0,0,1,0,0,0,1,0,0,0,0,0,22,"[0, 3, 12, 43, 93, 98, 110, 176, 207, 209, 210, 223, 250, 267, 302, 374, 425, 426, 444, 449, 471, 478]","[0, 3, 12, 43, 93, 98, 110, 176, 207, 209, 210, 223, 250, 267, 302, 374, 425, 426, 444, 449, 471, 478]",0,none,,,0,0,0,none,,0,none,,0,none,,none,1,Linear Trend,Point Anomalies,1,0,0,0,0,0,1,0,0,0,0,0,0,0,0,1
2020-03-19,1.2271936238988468,0,0,1,0,0,0,0,0,1,0,0,0,1,0,0,0,0,0,22,"[0, 3, 12, 43, 93, 98, 110, 176, 207, 209, 210, 223, 250, 267, 302, 374, 425, 426, 444, 449, 471, 478]","[0, 3, 12, 43, 93, 98, 110, 176, 207, 209, 210, 223, 250, 267, 302, 374, 425, 426, 444, 449, 471, 478]",0,none,,,0,0,0,none,,0,none,,0,none,,none,1,Linear Trend,Point Anomalies,1,0,0,0,0,0,1,0,0,0,0,0,0,0,0,1
2020-03-20,1.2063879355481444,0,0,1,0,0,0,0,0,1,0,0,0,1,0,0,0,0,0,22,"[0, 3, 12, 43, 93, 98, 110, 176, 207, 209, 210, 223, 250, 267, 302, 374, 425, 426, 444, 449, 471, 478]","[0, 3, 12, 43, 93, 98, 110, 176, 207, 209, 210, 223, 250, 267, 302, 374, 425, 426, 444, 449, 471, 478]",0,none,,,0,0,0,none,,0,none,,0,none,,none,1,Linear Trend,Point Anomalies,1,0,0,0,0,0,1,0,0,0,0,0,0,0,0,1
2020-03-21,1.1894151689519084,0,0,1,0,0,0,0,0,1,0,0,0,1,0,0,0,0,0,22,"[0, 3, 12, 43, 93, 98, 110, 176, 207, 209, 210, 223, 250, 267, 302, 374, 425, 426, 444, 449, 471, 478]","[0, 3, 12, 43, 93, 98, 110, 176, 207, 209, 210, 223, 250, 267, 302, 374, 425, 426, 444, 449, 471, 478]",0,none,,,0,0,0,none,,0,none,,0,none,,none,1,Linear Trend,Point Anomalies,1,0,0,0,0,0,1,0,0,0,0,0,0,0,0,1
2020-03-22,1.1630149483845655,0,0,1,0,0,0,0,0,1,0,0,0,1,0,0,0,0,0,22,"[0, 3, 12, 43, 93, 98, 110, 176, 207, 209, 210, 223, 250, 267, 302, 374, 425, 426, 444, 449, 471, 478]","[0, 3, 12, 43, 93, 98, 110, 176, 207, 209, 210, 223, 250, 267, 302, 374, 425, 426, 444, 449, 471, 478]",0,none,,,0,0,0,none,,0,none,,0,none,,none,1,Linear Trend,Point Anomalies,1,0,0,0,0,0,1,0,0,0,0,0,0,0,0,1
2020-03-23,1.1649100485675665,0,0,1,0,0,0,0,0,1,0,0,0,1,0,0,0,0,0,22,"[0, 3, 12, 43, 93, 98, 110, 176, 207, 209, 210, 223, 250, 267, 302, 374, 425, 426, 444, 449, 471, 478]","[0, 3, 12, 43, 93, 98, 110, 176, 207, 209, 210, 223, 250, 267, 302, 374, 425, 426, 444, 449, 471, 478]",0,none,,,0,0,0,none,,0,none,,0,none,,none,1,Linear Trend,Point Anomalies,1,0,0,0,0,0,1,0,0,0,0,0,0,0,0,1
2020-03-24,1.1588641330655038,0,0,1,0,0,0,0,0,1,0,0,0,1,0,0,0,0,0,22,"[0, 3, 12, 43, 93, 98, 110, 176, 207, 209, 210, 223, 250, 267, 302, 374, 425, 426, 444, 449, 471, 478]","[0, 3, 12, 43, 93, 98, 110, 176, 207, 209, 210, 223, 250, 267, 302, 374, 425, 426, 444, 449, 471, 478]",0,none,,,0,0,0,none,,0,none,,0,none,,none,1,Linear Trend,Point Anomalies,1,0,0,0,0,0,1,0,0,0,0,0,0,0,0,1
2020-03-25,1.1438225693724355,0,0,1,0,0,0,0,0,1,0,0,0,1,0,0,0,0,0,22,"[0, 3, 12, 43, 93, 98, 110, 176, 207, 209, 210, 223, 250, 267, 302, 374, 425, 426, 444, 449, 471, 478]","[0, 3, 12, 43, 93, 98, 110, 176, 207, 209, 210, 223, 250, 267, 302, 374, 425, 426, 444, 449, 471, 478]",0,none,,,0,0,0,none,,0,none,,0,none,,none,1,Linear Trend,Point Anomalies,1,0,0,0,0,0,1,0,0,0,0,0,0,0,0,1
2020-03-26,1.149673388523249,0,0,1,0,0,0,0,0,1,0,0,0,1,0,0,0,0,0,22,"[0, 3, 12, 43, 93, 98, 110, 176, 207, 209, 210, 223, 250, 267, 302, 374, 425, 426, 444, 449, 471, 478]","[0, 3, 12, 43, 93, 98, 110, 176, 207, 209, 210, 223, 250, 267, 302, 374, 425, 426, 444, 449, 471, 478]",0,none,,,0,0,0,none,,0,none,,0,none,,none,1,Linear Trend,Point Anomalies,1,0,0,0,0,0,1,0,0,0,0,0,0,0,0,1
2020-03-27,1.1434730447142953,0,0,1,0,0,0,0,0,1,0,0,0,1,0,0,0,0,0,22,"[0, 3, 12, 43, 93, 98, 110, 176, 207, 209, 210, 223, 250, 267, 302, 374, 425, 426, 444, 449, 471, 478]","[0, 3, 12, 43, 93, 98, 110, 176, 207, 209, 210, 223, 250, 267, 302, 374, 425, 426, 444, 449, 471, 478]",0,none,,,0,0,0,none,,0,none,,0,none,,none,1,Linear Trend,Point Anomalies,1,0,0,0,0,0,1,0,0,0,0,0,0,0,0,1
2020-03-28,1.1162281399722296,0,0,1,0,0,0,0,0,1,0,0,0,1,0,0,0,0,0,22,"[0, 3, 12, 43, 93, 98, 110, 176, 207, 209, 210, 223, 250, 267, 302, 374, 425, 426, 444, 449, 471, 478]","[0, 3, 12, 43, 93, 98, 110, 176, 207, 209, 210, 223, 250, 267, 302, 374, 425, 426, 444, 449, 471, 478]",0,none,,,0,0,0,none,,0,none,,0,none,,none,1,Linear Trend,Point Anomalies,1,0,0,0,0,0,1,0,0,0,0,0,0,0,0,1
2020-03-29,1.1430891032404769,0,0,1,0,0,0,0,0,1,0,0,0,1,0,0,0,0,0,22,"[0, 3, 12, 43, 93, 98, 110, 176, 207, 209, 210, 223, 250, 267, 302, 374, 425, 426, 444, 449, 471, 478]","[0, 3, 12, 43, 93, 98, 110, 176, 207, 209, 210, 223, 250, 267, 302, 374, 425, 426, 444, 449, 471, 478]",0,none,,,0,0,0,none,,0,none,,0,none,,none,1,Linear Trend,Point Anomalies,1,0,0,0,0,0,1,0,0,0,0,0,0,0,0,1
2020-03-30,1.1275243817883676,0,0,1,0,0,0,0,0,1,0,0,0,1,0,0,0,0,0,22,"[0, 3, 12, 43, 93, 98, 110, 176, 207, 209, 210, 223, 250, 267, 302, 374, 425, 426, 444, 449, 471, 478]","[0, 3, 12, 43, 93, 98, 110, 176, 207, 209, 210, 223, 250, 267, 302, 374, 425, 426, 444, 449, 471, 478]",0,none,,,0,0,0,none,,0,none,,0,none,,none,1,Linear Trend,Point Anomalies,1,0,0,0,0,0,1,0,0,0,0,0,0,0,0,1
2020-03-31,1.10558556118035,0,0,1,0,0,0,0,0,1,0,0,0,1,0,0,0,0,0,22,"[0, 3, 12, 43, 93, 98, 110, 176, 207, 209, 210, 223, 250, 267, 302, 374, 425, 426, 444, 449, 471, 478]","[0, 3, 12, 43, 93, 98, 110, 176, 207, 209, 210, 223, 250, 267, 302, 374, 425, 426, 444, 449, 471, 478]",0,none,,,0,0,0,none,,0,none,,0,none,,none,1,Linear Trend,Point Anomalies,1,0,0,0,0,0,1,0,0,0,0,0,0,0,0,1
2020-04-01,1.1208427265224015,0,0,1,0,0,0,0,0,1,0,0,0,1,0,0,0,0,0,22,"[0, 3, 12, 43, 93, 98, 110, 176, 207, 209, 210, 223, 250, 267, 302, 374, 425, 426, 444, 449, 471, 478]","[0, 3, 12, 43, 93, 98, 110, 176, 207, 209, 210, 223, 250, 267, 302, 374, 425, 426, 444, 449, 471, 478]",0,none,,,0,0,0,none,,0,none,,0,none,,none,1,Linear Trend,Point Anomalies,1,0,0,0,0,0,1,0,0,0,0,0,0,0,0,1
2020-04-02,1.1031483383090732,0,0,1,0,0,0,0,0,1,0,0,0,1,0,0,0,0,0,22,"[0, 3, 12, 43, 93, 98, 110, 176, 207, 209, 210, 223, 250, 267, 302, 374, 425, 426, 444, 449, 471, 478]","[0, 3, 12, 43, 93, 98, 110, 176, 207, 209, 210, 223, 250, 267, 302, 374, 425, 426, 444, 449, 471, 478]",0,none,,,0,0,0,none,,0,none,,0,none,,none,1,Linear Trend,Point Anomalies,1,0,0,0,0,0,1,0,0,0,0,0,0,0,0,1
2020-04-03,-4.721748539959842,0,0,1,0,0,0,0,0,1,0,0,0,1,0,0,0,0,0,22,"[0, 3, 12, 43, 93, 98, 110, 176, 207, 209, 210, 223, 250, 267, 302, 374, 425, 426, 444, 449, 471, 478]","[0, 3, 12, 43, 93, 98, 110, 176, 207, 209, 210, 223, 250, 267, 302, 374, 425, 426, 444, 449, 471, 478]",0,none,,,0,0,0,none,,0,none,,0,none,,none,1,Linear Trend,Point Anomalies,1,0,0,0,0,0,1,0,0,0,0,0,0,0,0,1
2020-04-04,1.0828573786885665,0,0,1,0,0,0,0,0,1,0,0,0,1,0,0,0,0,0,22,"[0, 3, 12, 43, 93, 98, 110, 176, 207, 209, 210, 223, 250, 267, 302, 374, 425, 426, 444, 449, 471, 478]","[0, 3, 12, 43, 93, 98, 110, 176, 207, 209, 210, 223, 250, 267, 302, 374, 425, 426, 444, 449, 471, 478]",0,none,,,0,0,0,none,,0,none,,0,none,,none,1,Linear Trend,Point Anomalies,1,0,0,0,0,0,1,0,0,0,0,0,0,0,0,1
2020-04-05,1.08320986960212,0,0,1,0,0,0,0,0,1,0,0,0,1,0,0,0,0,0,22,"[0, 3, 12, 43, 93, 98, 110, 176, 207, 209, 210, 223, 250, 267, 302, 374, 425, 426, 444, 449, 471, 478]","[0, 3, 12, 43, 93, 98, 110, 176, 207, 209, 210, 223, 250, 267, 302, 374, 425, 426, 444, 449, 471, 478]",0,none,,,0,0,0,none,,0,none,,0,none,,none,1,Linear Trend,Point Anomalies,1,0,0,0,0,0,1,0,0,0,0,0,0,0,0,1
2020-04-06,1.0761966873613185,0,0,1,0,0,0,0,0,1,0,0,0,1,0,0,0,0,0,22,"[0, 3, 12, 43, 93, 98, 110, 176, 207, 209, 210, 223, 250, 267, 302, 374, 425, 426, 444, 449, 471, 478]","[0, 3, 12, 43, 93, 98, 110, 176, 207, 209, 210, 223, 250, 267, 302, 374, 425, 426, 444, 449, 471, 478]",0,none,,,0,0,0,none,,0,none,,0,none,,none,1,Linear Trend,Point Anomalies,1,0,0,0,0,0,1,0,0,0,0,0,0,0,0,1
2020-04-07,1.0582520228078847,0,0,1,0,0,0,0,0,1,0,0,0,1,0,0,0,0,0,22,"[0, 3, 12, 43, 93, 98, 110, 176, 207, 209, 210, 223, 250, 267, 302, 374, 425, 426, 444, 449, 471, 478]","[0, 3, 12, 43, 93, 98, 110, 176, 207, 209, 210, 223, 250, 267, 302, 374, 425, 426, 444, 449, 471, 478]",0,none,,,0,0,0,none,,0,none,,0,none,,none,1,Linear Trend,Point Anomalies,1,0,0,0,0,0,1,0,0,0,0,0,0,0,0,1
2020-04-08,-4.752555528253945,0,0,1,0,0,0,0,0,1,0,0,0,1,0,0,0,0,0,22,"[0, 3, 12, 43, 93, 98, 110, 176, 207, 209, 210, 223, 250, 267, 302, 374, 425, 426, 444, 449, 471, 478]","[0, 3, 12, 43, 93, 98, 110, 176, 207, 209, 210, 223, 250, 267, 302, 374, 425, 426, 444, 449, 471, 478]",0,none,,,0,0,0,none,,0,none,,0,none,,none,1,Linear Trend,Point Anomalies,1,0,0,0,0,0,1,0,0,0,0,0,0,0,0,1
2020-04-09,1.0505133883989068,0,0,1,0,0,0,0,0,1,0,0,0,1,0,0,0,0,0,22,"[0, 3, 12, 43, 93, 98, 110, 176, 207, 209, 210, 223, 250, 267, 302, 374, 425, 426, 444, 449, 471, 478]","[0, 3, 12, 43, 93, 98, 110, 176, 207, 209, 210, 223, 250, 267, 302, 374, 425, 426, 444, 449, 471, 478]",0,none,,,0,0,0,none,,0,none,,0,none,,none,1,Linear Trend,Point Anomalies,1,0,0,0,0,0,1,0,0,0,0,0,0,0,0,1
2020-04-10,1.0650204976272069,0,0,1,0,0,0,0,0,1,0,0,0,1,0,0,0,0,0,22,"[0, 3, 12, 43, 93, 98, 110, 176, 207, 209, 210, 223, 250, 267, 302, 374, 425, 426, 444, 449, 471, 478]","[0, 3, 12, 43, 93, 98, 110, 176, 207, 209, 210, 223, 250, 267, 302, 374, 425, 426, 444, 449, 471, 478]",0,none,,,0,0,0,none,,0,none,,0,none,,none,1,Linear Trend,Point Anomalies,1,0,0,0,0,0,1,0,0,0,0,0,0,0,0,1
2020-04-11,1.0304101093686777,0,0,1,0,0,0,0,0,1,0,0,0,1,0,0,0,0,0,22,"[0, 3, 12, 43, 93, 98, 110, 176, 207, 209, 210, 223, 250, 267, 302, 374, 425, 426, 444, 449, 471, 478]","[0, 3, 12, 43, 93, 98, 110, 176, 207, 209, 210, 223, 250, 267, 302, 374, 425, 426, 444, 449, 471, 478]",0,none,,,0,0,0,none,,0,none,,0,none,,none,1,Linear Trend,Point Anomalies,1,0,0,0,0,0,1,0,0,0,0,0,0,0,0,1
2020-04-12,1.0152772005545474,0,0,1,0,0,0,0,0,1,0,0,0,1,0,0,0,0,0,22,"[0, 3, 12, 43, 93, 98, 110, 176, 207, 209, 210, 223, 250, 267, 302, 374, 425, 426, 444, 449, 471, 478]","[0, 3, 12, 43, 93, 98, 110, 176, 207, 209, 210, 223, 250, 267, 302, 374, 425, 426, 444, 449, 471, 478]",0,none,,,0,0,0,none,,0,none,,0,none,,none,1,Linear Trend,Point Anomalies,1,0,0,0,0,0,1,0,0,0,0,0,0,0,0,1
2020-04-13,1.0390486924579565,0,0,1,0,0,0,0,0,1,0,0,0,1,0,0,0,0,0,22,"[0, 3, 12, 43, 93, 98, 110, 176, 207, 209, 210, 223, 250, 267, 302, 374, 425, 426, 444, 449, 471, 478]","[0, 3, 12, 43, 93, 98, 110, 176, 207, 209, 210, 223, 250, 267, 302, 374, 425, 426, 444, 449, 471, 478]",0,none,,,0,0,0,none,,0,none,,0,none,,none,1,Linear Trend,Point Anomalies,1,0,0,0,0,0,1,0,0,0,0,0,0,0,0,1
2020-04-14,1.0279467956184978,0,0,1,0,0,0,0,0,1,0,0,0,1,0,0,0,0,0,22,"[0, 3, 12, 43, 93, 98, 110, 176, 207, 209, 210, 223, 250, 267, 302, 374, 425, 426, 444, 449, 471, 478]","[0, 3, 12, 43, 93, 98, 110, 176, 207, 209, 210, 223, 250, 267, 302, 374, 425, 426, 444, 449, 471, 478]",0,none,,,0,0,0,none,,0,none,,0,none,,none,1,Linear Trend,Point Anomalies,1,0,0,0,0,0,1,0,0,0,0,0,0,0,0,1
2020-04-15,1.0102698023569476,0,0,1,0,0,0,0,0,1,0,0,0,1,0,0,0,0,0,22,"[0, 3, 12, 43, 93, 98, 110, 176, 207, 209, 210, 223, 250, 267, 302, 374, 425, 426, 444, 449, 471, 478]","[0, 3, 12, 43, 93, 98, 110, 176, 207, 209, 210, 223, 250, 267, 302, 374, 425, 426, 444, 449, 471, 478]",0,none,,,0,0,0,none,,0,none,,0,none,,none,1,Linear Trend,Point Anomalies,1,0,0,0,0,0,1,0,0,0,0,0,0,0,0,1
2020-04-16,1.0038317097977012,0,0,1,0,0,0,0,0,1,0,0,0,1,0,0,0,0,0,22,"[0, 3, 12, 43, 93, 98, 110, 176, 207, 209, 210, 223, 250, 267, 302, 374, 425, 426, 444, 449, 471, 478]","[0, 3, 12, 43, 93, 98, 110, 176, 207, 209, 210, 223, 250, 267, 302, 374, 425, 426, 444, 449, 471, 478]",0,none,,,0,0,0,none,,0,none,,0,none,,none,1,Linear Trend,Point Anomalies,1,0,0,0,0,0,1,0,0,0,0,0,0,0,0,1
2020-04-17,0.9946307184477459,0,0,1,0,0,0,0,0,1,0,0,0,1,0,0,0,0,0,22,"[0, 3, 12, 43, 93, 98, 110, 176, 207, 209, 210, 223, 250, 267, 302, 374, 425, 426, 444, 449, 471, 478]","[0, 3, 12, 43, 93, 98, 110, 176, 207, 209, 210, 223, 250, 267, 302, 374, 425, 426, 444, 449, 471, 478]",0,none,,,0,0,0,none,,0,none,,0,none,,none,1,Linear Trend,Point Anomalies,1,0,0,0,0,0,1,0,0,0,0,0,0,0,0,1
2020-04-18,0.9780531607383661,0,0,1,0,0,0,0,0,1,0,0,0,1,0,0,0,0,0,22,"[0, 3, 12, 43, 93, 98, 110, 176, 207, 209, 210, 223, 250, 267, 302, 374, 425, 426, 444, 449, 471, 478]","[0, 3, 12, 43, 93, 98, 110, 176, 207, 209, 210, 223, 250, 267, 302, 374, 425, 426, 444, 449, 471, 478]",0,none,,,0,0,0,none,,0,none,,0,none,,none,1,Linear Trend,Point Anomalies,1,0,0,0,0,0,1,0,0,0,0,0,0,0,0,1
2020-04-19,0.9971688512459063,0,0,1,0,0,0,0,0,1,0,0,0,1,0,0,0,0,0,22,"[0, 3, 12, 43, 93, 98, 110, 176, 207, 209, 210, 223, 250, 267, 302, 374, 425, 426, 444, 449, 471, 478]","[0, 3, 12, 43, 93, 98, 110, 176, 207, 209, 210, 223, 250, 267, 302, 374, 425, 426, 444, 449, 471, 478]",0,none,,,0,0,0,none,,0,none,,0,none,,none,1,Linear Trend,Point Anomalies,1,0,0,0,0,0,1,0,0,0,0,0,0,0,0,1
2020-04-20,-4.851655945578018,0,0,1,0,0,0,0,0,1,0,0,0,1,0,0,0,0,0,22,"[0, 3, 12, 43, 93, 98, 110, 176, 207, 209, 210, 223, 250, 267, 302, 374, 425, 426, 444, 449, 471, 478]","[0, 3, 12, 43, 93, 98, 110, 176, 207, 209, 210, 223, 250, 267, 302, 374, 425, 426, 444, 449, 471, 478]",0,none,,,0,0,0,none,,0,none,,0,none,,none,1,Linear Trend,Point Anomalies,1,0,0,0,0,0,1,0,0,0,0,0,0,0,0,1
2020-04-21,0.9589633249954396,0,0,1,0,0,0,0,0,1,0,0,0,1,0,0,0,0,0,22,"[0, 3, 12, 43, 93, 98, 110, 176, 207, 209, 210, 223, 250, 267, 302, 374, 425, 426, 444, 449, 471, 478]","[0, 3, 12, 43, 93, 98, 110, 176, 207, 209, 210, 223, 250, 267, 302, 374, 425, 426, 444, 449, 471, 478]",0,none,,,0,0,0,none,,0,none,,0,none,,none,1,Linear Trend,Point Anomalies,1,0,0,0,0,0,1,0,0,0,0,0,0,0,0,1
2020-04-22,0.967620188234999,0,0,1,0,0,0,0,0,1,0,0,0,1,0,0,0,0,0,22,"[0, 3, 12, 43, 93, 98, 110, 176, 207, 209, 210, 223, 250, 267, 302, 374, 425, 426, 444, 449, 471, 478]","[0, 3, 12, 43, 93, 98, 110, 176, 207, 209, 210, 223, 250, 267, 302, 374, 425, 426, 444, 449, 471, 478]",0,none,,,0,0,0,none,,0,none,,0,none,,none,1,Linear Trend,Point Anomalies,1,0,0,0,0,0,1,0,0,0,0,0,0,0,0,1
2020-04-23,0.9553746844935632,0,0,1,0,0,0,0,0,1,0,0,0,1,0,0,0,0,0,22,"[0, 3, 12, 43, 93, 98, 110, 176, 207, 209, 210, 223, 250, 267, 302, 374, 425, 426, 444, 449, 471, 478]","[0, 3, 12, 43, 93, 98, 110, 176, 207, 209, 210, 223, 250, 267, 302, 374, 425, 426, 444, 449, 471, 478]",0,none,,,0,0,0,none,,0,none,,0,none,,none,1,Linear Trend,Point Anomalies,1,0,0,0,0,0,1,0,0,0,0,0,0,0,0,1
2020-04-24,0.9582177523086253,0,0,1,0,0,0,0,0,1,0,0,0,1,0,0,0,0,0,22,"[0, 3, 12, 43, 93, 98, 110, 176, 207, 209, 210, 223, 250, 267, 302, 374, 425, 426, 444, 449, 471, 478]","[0, 3, 12, 43, 93, 98, 110, 176, 207, 209, 210, 223, 250, 267, 302, 374, 425, 426, 444, 449, 471, 478]",0,none,,,0,0,0,none,,0,none,,0,none,,none,1,Linear Trend,Point Anomalies,1,0,0,0,0,0,1,0,0,0,0,0,0,0,0,1
2020-04-25,0.9451798477345867,0,0,1,0,0,0,0,0,1,0,0,0,1,0,0,0,0,0,22,"[0, 3, 12, 43, 93, 98, 110, 176, 207, 209, 210, 223, 250, 267, 302, 374, 425, 426, 444, 449, 471, 478]","[0, 3, 12, 43, 93, 98, 110, 176, 207, 209, 210, 223, 250, 267, 302, 374, 425, 426, 444, 449, 471, 478]",0,none,,,0,0,0,none,,0,none,,0,none,,none,1,Linear Trend,Point Anomalies,1,0,0,0,0,0,1,0,0,0,0,0,0,0,0,1
2020-04-26,0.9121151547184823,0,0,1,0,0,0,0,0,1,0,0,0,1,0,0,0,0,0,22,"[0, 3, 12, 43, 93, 98, 110, 176, 207, 209, 210, 223, 250, 267, 302, 374, 425, 426, 444, 449, 471, 478]","[0, 3, 12, 43, 93, 98, 110, 176, 207, 209, 210, 223, 250, 267, 302, 374, 425, 426, 444, 449, 471, 478]",0,none,,,0,0,0,none,,0,none,,0,none,,none,1,Linear Trend,Point Anomalies,1,0,0,0,0,0,1,0,0,0,0,0,0,0,0,1
2020-04-27,0.9170027945507888,0,0,1,0,0,0,0,0,1,0,0,0,1,0,0,0,0,0,22,"[0, 3, 12, 43, 93, 98, 110, 176, 207, 209, 210, 223, 250, 267, 302, 374, 425, 426, 444, 449, 471, 478]","[0, 3, 12, 43, 93, 98, 110, 176, 207, 209, 210, 223, 250, 267, 302, 374, 425, 426, 444, 449, 471, 478]",0,none,,,0,0,0,none,,0,none,,0,none,,none,1,Linear Trend,Point Anomalies,1,0,0,0,0,0,1,0,0,0,0,0,0,0,0,1
2020-04-28,0.9208173704154692,0,0,1,0,0,0,0,0,1,0,0,0,1,0,0,0,0,0,22,"[0, 3, 12, 43, 93, 98, 110, 176, 207, 209, 210, 223, 250, 267, 302, 374, 425, 426, 444, 449, 471, 478]","[0, 3, 12, 43, 93, 98, 110, 176, 207, 209, 210, 223, 250, 267, 302, 374, 425, 426, 444, 449, 471, 478]",0,none,,,0,0,0,none,,0,none,,0,none,,none,1,Linear Trend,Point Anomalies,1,0,0,0,0,0,1,0,0,0,0,0,0,0,0,1
2020-04-29,0.88341268026278,0,0,1,0,0,0,0,0,1,0,0,0,1,0,0,0,0,0,22,"[0, 3, 12, 43, 93, 98, 110, 176, 207, 209, 210, 223, 250, 267, 302, 374, 425, 426, 444, 449, 471, 478]","[0, 3, 12, 43, 93, 98, 110, 176, 207, 209, 210, 223, 250, 267, 302, 374, 425, 426, 444, 449, 471, 478]",0,none,,,0,0,0,none,,0,none,,0,none,,none,1,Linear Trend,Point Anomalies,1,0,0,0,0,0,1,0,0,0,0,0,0,0,0,1
2020-04-30,0.9305614020250832,0,0,1,0,0,0,0,0,1,0,0,0,1,0,0,0,0,0,22,"[0, 3, 12, 43, 93, 98, 110, 176, 207, 209, 210, 223, 250, 267, 302, 374, 425, 426, 444, 449, 471, 478]","[0, 3, 12, 43, 93, 98, 110, 176, 207, 209, 210, 223, 250, 267, 302, 374, 425, 426, 444, 449, 471, 478]",0,none,,,0,0,0,none,,0,none,,0,none,,none,1,Linear Trend,Point Anomalies,1,0,0,0,0,0,1,0,0,0,0,0,0,0,0,1
2020-05-01,0.914796984182552,0,0,1,0,0,0,0,0,1,0,0,0,1,0,0,0,0,0,22,"[0, 3, 12, 43, 93, 98, 110, 176, 207, 209, 210, 223, 250, 267, 302, 374, 425, 426, 444, 449, 471, 478]","[0, 3, 12, 43, 93, 98, 110, 176, 207, 209, 210, 223, 250, 267, 302, 374, 425, 426, 444, 449, 471, 478]",0,none,,,0,0,0,none,,0,none,,0,none,,none,1,Linear Trend,Point Anomalies,1,0,0,0,0,0,1,0,0,0,0,0,0,0,0,1
2020-05-02,0.8759629094626316,0,0,1,0,0,0,0,0,1,0,0,0,1,0,0,0,0,0,22,"[0, 3, 12, 43, 93, 98, 110, 176, 207, 209, 210, 223, 250, 267, 302, 374, 425, 426, 444, 449, 471, 478]","[0, 3, 12, 43, 93, 98, 110, 176, 207, 209, 210, 223, 250, 267, 302, 374, 425, 426, 444, 449, 471, 478]",0,none,,,0,0,0,none,,0,none,,0,none,,none,1,Linear Trend,Point Anomalies,1,0,0,0,0,0,1,0,0,0,0,0,0,0,0,1
2020-05-03,0.8771314223980828,0,0,1,0,0,0,0,0,1,0,0,0,1,0,0,0,0,0,22,"[0, 3, 12, 43, 93, 98, 110, 176, 207, 209, 210, 223, 250, 267, 302, 374, 425, 426, 444, 449, 471, 478]","[0, 3, 12, 43, 93, 98, 110, 176, 207, 209, 210, 223, 250, 267, 302, 374, 425, 426, 444, 449, 471, 478]",0,none,,,0,0,0,none,,0,none,,0,none,,none,1,Linear Trend,Point Anomalies,1,0,0,0,0,0,1,0,0,0,0,0,0,0,0,1
2020-05-04,0.8644997288074485,0,0,1,0,0,0,0,0,1,0,0,0,1,0,0,0,0,0,22,"[0, 3, 12, 43, 93, 98, 110, 176, 207, 209, 210, 223, 250, 267, 302, 374, 425, 426, 444, 449, 471, 478]","[0, 3, 12, 43, 93, 98, 110, 176, 207, 209, 210, 223, 250, 267, 302, 374, 425, 426, 444, 449, 471, 478]",0,none,,,0,0,0,none,,0,none,,0,none,,none,1,Linear Trend,Point Anomalies,1,0,0,0,0,0,1,0,0,0,0,0,0,0,0,1
2020-05-05,0.8881319209839404,0,0,1,0,0,0,0,0,1,0,0,0,1,0,0,0,0,0,22,"[0, 3, 12, 43, 93, 98, 110, 176, 207, 209, 210, 223, 250, 267, 302, 374, 425, 426, 444, 449, 471, 478]","[0, 3, 12, 43, 93, 98, 110, 176, 207, 209, 210, 223, 250, 267, 302, 374, 425, 426, 444, 449, 471, 478]",0,none,,,0,0,0,none,,0,none,,0,none,,none,1,Linear Trend,Point Anomalies,1,0,0,0,0,0,1,0,0,0,0,0,0,0,0,1
2020-05-06,0.892991165524344,0,0,1,0,0,0,0,0,1,0,0,0,1,0,0,0,0,0,22,"[0, 3, 12, 43, 93, 98, 110, 176, 207, 209, 210, 223, 250, 267, 302, 374, 425, 426, 444, 449, 471, 478]","[0, 3, 12, 43, 93, 98, 110, 176, 207, 209, 210, 223, 250, 267, 302, 374, 425, 426, 444, 449, 471, 478]",0,none,,,0,0,0,none,,0,none,,0,none,,none,1,Linear Trend,Point Anomalies,1,0,0,0,0,0,1,0,0,0,0,0,0,0,0,1
2020-05-07,0.8760981434772769,0,0,1,0,0,0,0,0,1,0,0,0,1,0,0,0,0,0,22,"[0, 3, 12, 43, 93, 98, 110, 176, 207, 209, 210, 223, 250, 267, 302, 374, 425, 426, 444, 449, 471, 478]","[0, 3, 12, 43, 93, 98, 110, 176, 207, 209, 210, 223, 250, 267, 302, 374, 425, 426, 444, 449, 471, 478]",0,none,,,0,0,0,none,,0,none,,0,none,,none,1,Linear Trend,Point Anomalies,1,0,0,0,0,0,1,0,0,0,0,0,0,0,0,1
2020-05-08,0.804169334543007,0,0,1,0,0,0,0,0,1,0,0,0,1,0,0,0,0,0,22,"[0, 3, 12, 43, 93, 98, 110, 176, 207, 209, 210, 223, 250, 267, 302, 374, 425, 426, 444, 449, 471, 478]","[0, 3, 12, 43, 93, 98, 110, 176, 207, 209, 210, 223, 250, 267, 302, 374, 425, 426, 444, 449, 471, 478]",0,none,,,0,0,0,none,,0,none,,0,none,,none,1,Linear Trend,Point Anomalies,1,0,0,0,0,0,1,0,0,0,0,0,0,0,0,1
2020-05-09,0.838772223356385,0,0,1,0,0,0,0,0,1,0,0,0,1,0,0,0,0,0,22,"[0, 3, 12, 43, 93, 98, 110, 176, 207, 209, 210, 223, 250, 267, 302, 374, 425, 426, 444, 449, 471, 478]","[0, 3, 12, 43, 93, 98, 110, 176, 207, 209, 210, 223, 250, 267, 302, 374, 425, 426, 444, 449, 471, 478]",0,none,,,0,0,0,none,,0,none,,0,none,,none,1,Linear Trend,Point Anomalies,1,0,0,0,0,0,1,0,0,0,0,0,0,0,0,1
2020-05-10,0.8723059682755198,0,0,1,0,0,0,0,0,1,0,0,0,1,0,0,0,0,0,22,"[0, 3, 12, 43, 93, 98, 110, 176, 207, 209, 210, 223, 250, 267, 302, 374, 425, 426, 444, 449, 471, 478]","[0, 3, 12, 43, 93, 98, 110, 176, 207, 209, 210, 223, 250, 267, 302, 374, 425, 426, 444, 449, 471, 478]",0,none,,,0,0,0,none,,0,none,,0,none,,none,1,Linear Trend,Point Anomalies,1,0,0,0,0,0,1,0,0,0,0,0,0,0,0,1
2020-05-11,0.862929311214188,0,0,1,0,0,0,0,0,1,0,0,0,1,0,0,0,0,0,22,"[0, 3, 12, 43, 93, 98, 110, 176, 207, 209, 210, 223, 250, 267, 302, 374, 425, 426, 444, 449, 471, 478]","[0, 3, 12, 43, 93, 98, 110, 176, 207, 209, 210, 223, 250, 267, 302, 374, 425, 426, 444, 449, 471, 478]",0,none,,,0,0,0,none,,0,none,,0,none,,none,1,Linear Trend,Point Anomalies,1,0,0,0,0,0,1,0,0,0,0,0,0,0,0,1
2020-05-12,0.825827149110986,0,0,1,0,0,0,0,0,1,0,0,0,1,0,0,0,0,0,22,"[0, 3, 12, 43, 93, 98, 110, 176, 207, 209, 210, 223, 250, 267, 302, 374, 425, 426, 444, 449, 471, 478]","[0, 3, 12, 43, 93, 98, 110, 176, 207, 209, 210, 223, 250, 267, 302, 374, 425, 426, 444, 449, 471, 478]",0,none,,,0,0,0,none,,0,none,,0,none,,none,1,Linear Trend,Point Anomalies,1,0,0,0,0,0,1,0,0,0,0,0,0,0,0,1
2020-05-13,0.8379470051626355,0,0,1,0,0,0,0,0,1,0,0,0,1,0,0,0,0,0,22,"[0, 3, 12, 43, 93, 98, 110, 176, 207, 209, 210, 223, 250, 267, 302, 374, 425, 426, 444, 449, 471, 478]","[0, 3, 12, 43, 93, 98, 110, 176, 207, 209, 210, 223, 250, 267, 302, 374, 425, 426, 444, 449, 471, 478]",0,none,,,0,0,0,none,,0,none,,0,none,,none,1,Linear Trend,Point Anomalies,1,0,0,0,0,0,1,0,0,0,0,0,0,0,0,1
2020-05-14,0.8281110420010915,0,0,1,0,0,0,0,0,1,0,0,0,1,0,0,0,0,0,22,"[0, 3, 12, 43, 93, 98, 110, 176, 207, 209, 210, 223, 250, 267, 302, 374, 425, 426, 444, 449, 471, 478]","[0, 3, 12, 43, 93, 98, 110, 176, 207, 209, 210, 223, 250, 267, 302, 374, 425, 426, 444, 449, 471, 478]",0,none,,,0,0,0,none,,0,none,,0,none,,none,1,Linear Trend,Point Anomalies,1,0,0,0,0,0,1,0,0,0,0,0,0,0,0,1
2020-05-15,0.7983382581992255,0,0,1,0,0,0,0,0,1,0,0,0,1,0,0,0,0,0,22,"[0, 3, 12, 43, 93, 98, 110, 176, 207, 209, 210, 223, 250, 267, 302, 374, 425, 426, 444, 449, 471, 478]","[0, 3, 12, 43, 93, 98, 110, 176, 207, 209, 210, 223, 250, 267, 302, 374, 425, 426, 444, 449, 471, 478]",0,none,,,0,0,0,none,,0,none,,0,none,,none,1,Linear Trend,Point Anomalies,1,0,0,0,0,0,1,0,0,0,0,0,0,0,0,1
2020-05-16,0.7968971793585049,0,0,1,0,0,0,0,0,1,0,0,0,1,0,0,0,0,0,22,"[0, 3, 12, 43, 93, 98, 110, 176, 207, 209, 210, 223, 250, 267, 302, 374, 425, 426, 444, 449, 471, 478]","[0, 3, 12, 43, 93, 98, 110, 176, 207, 209, 210, 223, 250, 267, 302, 374, 425, 426, 444, 449, 471, 478]",0,none,,,0,0,0,none,,0,none,,0,none,,none,1,Linear Trend,Point Anomalies,1,0,0,0,0,0,1,0,0,0,0,0,0,0,0,1
2020-05-17,0.8123204663746242,0,0,1,0,0,0,0,0,1,0,0,0,1,0,0,0,0,0,22,"[0, 3, 12, 43, 93, 98, 110, 176, 207, 209, 210, 223, 250, 267, 302, 374, 425, 426, 444, 449, 471, 478]","[0, 3, 12, 43, 93, 98, 110, 176, 207, 209, 210, 223, 250, 267, 302, 374, 425, 426, 444, 449, 471, 478]",0,none,,,0,0,0,none,,0,none,,0,none,,none,1,Linear Trend,Point Anomalies,1,0,0,0,0,0,1,0,0,0,0,0,0,0,0,1
2020-05-18,0.7854158128212159,0,0,1,0,0,0,0,0,1,0,0,0,1,0,0,0,0,0,22,"[0, 3, 12, 43, 93, 98, 110, 176, 207, 209, 210, 223, 250, 267, 302, 374, 425, 426, 444, 449, 471, 478]","[0, 3, 12, 43, 93, 98, 110, 176, 207, 209, 210, 223, 250, 267, 302, 374, 425, 426, 444, 449, 471, 478]",0,none,,,0,0,0,none,,0,none,,0,none,,none,1,Linear Trend,Point Anomalies,1,0,0,0,0,0,1,0,0,0,0,0,0,0,0,1
2020-05-19,0.7828745720987448,0,0,1,0,0,0,0,0,1,0,0,0,1,0,0,0,0,0,22,"[0, 3, 12, 43, 93, 98, 110, 176, 207, 209, 210, 223, 250, 267, 302, 374, 425, 426, 444, 449, 471, 478]","[0, 3, 12, 43, 93, 98, 110, 176, 207, 209, 210, 223, 250, 267, 302, 374, 425, 426, 444, 449, 471, 478]",0,none,,,0,0,0,none,,0,none,,0,none,,none,1,Linear Trend,Point Anomalies,1,0,0,0,0,0,1,0,0,0,0,0,0,0,0,1
2020-05-20,0.7646362095589948,0,0,1,0,0,0,0,0,1,0,0,0,1,0,0,0,0,0,22,"[0, 3, 12, 43, 93, 98, 110, 176, 207, 209, 210, 223, 250, 267, 302, 374, 425, 426, 444, 449, 471, 478]","[0, 3, 12, 43, 93, 98, 110, 176, 207, 209, 210, 223, 250, 267, 302, 374, 425, 426, 444, 449, 471, 478]",0,none,,,0,0,0,none,,0,none,,0,none,,none,1,Linear Trend,Point Anomalies,1,0,0,0,0,0,1,0,0,0,0,0,0,0,0,1
2020-05-21,0.771589017511752,0,0,1,0,0,0,0,0,1,0,0,0,1,0,0,0,0,0,22,"[0, 3, 12, 43, 93, 98, 110, 176, 207, 209, 210, 223, 250, 267, 302, 374, 425, 426, 444, 449, 471, 478]","[0, 3, 12, 43, 93, 98, 110, 176, 207, 209, 210, 223, 250, 267, 302, 374, 425, 426, 444, 449, 471, 478]",0,none,,,0,0,0,none,,0,none,,0,none,,none,1,Linear Trend,Point Anomalies,1,0,0,0,0,0,1,0,0,0,0,0,0,0,0,1
2020-05-22,0.7675036889599844,0,0,1,0,0,0,0,0,1,0,0,0,1,0,0,0,0,0,22,"[0, 3, 12, 43, 93, 98, 110, 176, 207, 209, 210, 223, 250, 267, 302, 374, 425, 426, 444, 449, 471, 478]","[0, 3, 12, 43, 93, 98, 110, 176, 207, 209, 210, 223, 250, 267, 302, 374, 425, 426, 444, 449, 471, 478]",0,none,,,0,0,0,none,,0,none,,0,none,,none,1,Linear Trend,Point Anomalies,1,0,0,0,0,0,1,0,0,0,0,0,0,0,0,1
2020-05-23,0.7561188251161648,0,0,1,0,0,0,0,0,1,0,0,0,1,0,0,0,0,0,22,"[0, 3, 12, 43, 93, 98, 110, 176, 207, 209, 210, 223, 250, 267, 302, 374, 425, 426, 444, 449, 471, 478]","[0, 3, 12, 43, 93, 98, 110, 176, 207, 209, 210, 223, 250, 267, 302, 374, 425, 426, 444, 449, 471, 478]",0,none,,,0,0,0,none,,0,none,,0,none,,none,1,Linear Trend,Point Anomalies,1,0,0,0,0,0,1,0,0,0,0,0,0,0,0,1
2020-05-24,0.7532509356770306,0,0,1,0,0,0,0,0,1,0,0,0,1,0,0,0,0,0,22,"[0, 3, 12, 43, 93, 98, 110, 176, 207, 209, 210, 223, 250, 267, 302, 374, 425, 426, 444, 449, 471, 478]","[0, 3, 12, 43, 93, 98, 110, 176, 207, 209, 210, 223, 250, 267, 302, 374, 425, 426, 444, 449, 471, 478]",0,none,,,0,0,0,none,,0,none,,0,none,,none,1,Linear Trend,Point Anomalies,1,0,0,0,0,0,1,0,0,0,0,0,0,0,0,1
2020-05-25,0.7198643220343017,0,0,1,0,0,0,0,0,1,0,0,0,1,0,0,0,0,0,22,"[0, 3, 12, 43, 93, 98, 110, 176, 207, 209, 210, 223, 250, 267, 302, 374, 425, 426, 444, 449, 471, 478]","[0, 3, 12, 43, 93, 98, 110, 176, 207, 209, 210, 223, 250, 267, 302, 374, 425, 426, 444, 449, 471, 478]",0,none,,,0,0,0,none,,0,none,,0,none,,none,1,Linear Trend,Point Anomalies,1,0,0,0,0,0,1,0,0,0,0,0,0,0,0,1
2020-05-26,0.7073683347311549,0,0,1,0,0,0,0,0,1,0,0,0,1,0,0,0,0,0,22,"[0, 3, 12, 43, 93, 98, 110, 176, 207, 209, 210, 223, 250, 267, 302, 374, 425, 426, 444, 449, 471, 478]","[0, 3, 12, 43, 93, 98, 110, 176, 207, 209, 210, 223, 250, 267, 302, 374, 425, 426, 444, 449, 471, 478]",0,none,,,0,0,0,none,,0,none,,0,none,,none,1,Linear Trend,Point Anomalies,1,0,0,0,0,0,1,0,0,0,0,0,0,0,0,1
2020-05-27,0.7128980961600538,0,0,1,0,0,0,0,0,1,0,0,0,1,0,0,0,0,0,22,"[0, 3, 12, 43, 93, 98, 110, 176, 207, 209, 210, 223, 250, 267, 302, 374, 425, 426, 444, 449, 471, 478]","[0, 3, 12, 43, 93, 98, 110, 176, 207, 209, 210, 223, 250, 267, 302, 374, 425, 426, 444, 449, 471, 478]",0,none,,,0,0,0,none,,0,none,,0,none,,none,1,Linear Trend,Point Anomalies,1,0,0,0,0,0,1,0,0,0,0,0,0,0,0,1
2020-05-28,0.7038532692239559,0,0,1,0,0,0,0,0,1,0,0,0,1,0,0,0,0,0,22,"[0, 3, 12, 43, 93, 98, 110, 176, 207, 209, 210, 223, 250, 267, 302, 374, 425, 426, 444, 449, 471, 478]","[0, 3, 12, 43, 93, 98, 110, 176, 207, 209, 210, 223, 250, 267, 302, 374, 425, 426, 444, 449, 471, 478]",0,none,,,0,0,0,none,,0,none,,0,none,,none,1,Linear Trend,Point Anomalies,1,0,0,0,0,0,1,0,0,0,0,0,0,0,0,1
2020-05-29,0.6951332581234366,0,0,1,0,0,0,0,0,1,0,0,0,1,0,0,0,0,0,22,"[0, 3, 12, 43, 93, 98, 110, 176, 207, 209, 210, 223, 250, 267, 302, 374, 425, 426, 444, 449, 471, 478]","[0, 3, 12, 43, 93, 98, 110, 176, 207, 209, 210, 223, 250, 267, 302, 374, 425, 426, 444, 449, 471, 478]",0,none,,,0,0,0,none,,0,none,,0,none,,none,1,Linear Trend,Point Anomalies,1,0,0,0,0,0,1,0,0,0,0,0,0,0,0,1
2020-05-30,0.7035374801353176,0,0,1,0,0,0,0,0,1,0,0,0,1,0,0,0,0,0,22,"[0, 3, 12, 43, 93, 98, 110, 176, 207, 209, 210, 223, 250, 267, 302, 374, 425, 426, 444, 449, 471, 478]","[0, 3, 12, 43, 93, 98, 110, 176, 207, 209, 210, 223, 250, 267, 302, 374, 425, 426, 444, 449, 471, 478]",0,none,,,0,0,0,none,,0,none,,0,none,,none,1,Linear Trend,Point Anomalies,1,0,0,0,0,0,1,0,0,0,0,0,0,0,0,1
2020-05-31,0.7157658642838972,0,0,1,0,0,0,0,0,1,0,0,0,1,0,0,0,0,0,22,"[0, 3, 12, 43, 93, 98, 110, 176, 207, 209, 210, 223, 250, 267, 302, 374, 425, 426, 444, 449, 471, 478]","[0, 3, 12, 43, 93, 98, 110, 176, 207, 209, 210, 223, 250, 267, 302, 374, 425, 426, 444, 449, 471, 478]",0,none,,,0,0,0,none,,0,none,,0,none,,none,1,Linear Trend,Point Anomalies,1,0,0,0,0,0,1,0,0,0,0,0,0,0,0,1
2020-06-01,0.662117355866112,0,0,1,0,0,0,0,0,1,0,0,0,1,0,0,0,0,0,22,"[0, 3, 12, 43, 93, 98, 110, 176, 207, 209, 210, 223, 250, 267, 302, 374, 425, 426, 444, 449, 471, 478]","[0, 3, 12, 43, 93, 98, 110, 176, 207, 209, 210, 223, 250, 267, 302, 374, 425, 426, 444, 449, 471, 478]",0,none,,,0,0,0,none,,0,none,,0,none,,none,1,Linear Trend,Point Anomalies,1,0,0,0,0,0,1,0,0,0,0,0,0,0,0,1
2020-06-02,0.7234836740690775,0,0,1,0,0,0,0,0,1,0,0,0,1,0,0,0,0,0,22,"[0, 3, 12, 43, 93, 98, 110, 176, 207, 209, 210, 223, 250, 267, 302, 374, 425, 426, 444, 449, 471, 478]","[0, 3, 12, 43, 93, 98, 110, 176, 207, 209, 210, 223, 250, 267, 302, 374, 425, 426, 444, 449, 471, 478]",0,none,,,0,0,0,none,,0,none,,0,none,,none,1,Linear Trend,Point Anomalies,1,0,0,0,0,0,1,0,0,0,0,0,0,0,0,1
2020-06-03,0.7144761920896774,0,0,1,0,0,0,0,0,1,0,0,0,1,0,0,0,0,0,22,"[0, 3, 12, 43, 93, 98, 110, 176, 207, 209, 210, 223, 250, 267, 302, 374, 425, 426, 444, 449, 471, 478]","[0, 3, 12, 43, 93, 98, 110, 176, 207, 209, 210, 223, 250, 267, 302, 374, 425, 426, 444, 449, 471, 478]",0,none,,,0,0,0,none,,0,none,,0,none,,none,1,Linear Trend,Point Anomalies,1,0,0,0,0,0,1,0,0,0,0,0,0,0,0,1
2020-06-04,0.6586980039834714,0,0,1,0,0,0,0,0,1,0,0,0,1,0,0,0,0,0,22,"[0, 3, 12, 43, 93, 98, 110, 176, 207, 209, 210, 223, 250, 267, 302, 374, 425, 426, 444, 449, 471, 478]","[0, 3, 12, 43, 93, 98, 110, 176, 207, 209, 210, 223, 250, 267, 302, 374, 425, 426, 444, 449, 471, 478]",0,none,,,0,0,0,none,,0,none,,0,none,,none,1,Linear Trend,Point Anomalies,1,0,0,0,0,0,1,0,0,0,0,0,0,0,0,1
2020-06-05,0.6476453042536223,0,0,1,0,0,0,0,0,1,0,0,0,1,0,0,0,0,0,22,"[0, 3, 12, 43, 93, 98, 110, 176, 207, 209, 210, 223, 250, 267, 302, 374, 425, 426, 444, 449, 471, 478]","[0, 3, 12, 43, 93, 98, 110, 176, 207, 209, 210, 223, 250, 267, 302, 374, 425, 426, 444, 449, 471, 478]",0,none,,,0,0,0,none,,0,none,,0,none,,none,1,Linear Trend,Point Anomalies,1,0,0,0,0,0,1,0,0,0,0,0,0,0,0,1
2020-06-06,0.663578477282726,0,0,1,0,0,0,0,0,1,0,0,0,1,0,0,0,0,0,22,"[0, 3, 12, 43, 93, 98, 110, 176, 207, 209, 210, 223, 250, 267, 302, 374, 425, 426, 444, 449, 471, 478]","[0, 3, 12, 43, 93, 98, 110, 176, 207, 209, 210, 223, 250, 267, 302, 374, 425, 426, 444, 449, 471, 478]",0,none,,,0,0,0,none,,0,none,,0,none,,none,1,Linear Trend,Point Anomalies,1,0,0,0,0,0,1,0,0,0,0,0,0,0,0,1
2020-06-07,0.6337101442800168,0,0,1,0,0,0,0,0,1,0,0,0,1,0,0,0,0,0,22,"[0, 3, 12, 43, 93, 98, 110, 176, 207, 209, 210, 223, 250, 267, 302, 374, 425, 426, 444, 449, 471, 478]","[0, 3, 12, 43, 93, 98, 110, 176, 207, 209, 210, 223, 250, 267, 302, 374, 425, 426, 444, 449, 471, 478]",0,none,,,0,0,0,none,,0,none,,0,none,,none,1,Linear Trend,Point Anomalies,1,0,0,0,0,0,1,0,0,0,0,0,0,0,0,1
2020-06-08,0.6501033139135659,0,0,1,0,0,0,0,0,1,0,0,0,1,0,0,0,0,0,22,"[0, 3, 12, 43, 93, 98, 110, 176, 207, 209, 210, 223, 250, 267, 302, 374, 425, 426, 444, 449, 471, 478]","[0, 3, 12, 43, 93, 98, 110, 176, 207, 209, 210, 223, 250, 267, 302, 374, 425, 426, 444, 449, 471, 478]",0,none,,,0,0,0,none,,0,none,,0,none,,none,1,Linear Trend,Point Anomalies,1,0,0,0,0,0,1,0,0,0,0,0,0,0,0,1
2020-06-09,0.6526676227420435,0,0,1,0,0,0,0,0,1,0,0,0,1,0,0,0,0,0,22,"[0, 3, 12, 43, 93, 98, 110, 176, 207, 209, 210, 223, 250, 267, 302, 374, 425, 426, 444, 449, 471, 478]","[0, 3, 12, 43, 93, 98, 110, 176, 207, 209, 210, 223, 250, 267, 302, 374, 425, 426, 444, 449, 471, 478]",0,none,,,0,0,0,none,,0,none,,0,none,,none,1,Linear Trend,Point Anomalies,1,0,0,0,0,0,1,0,0,0,0,0,0,0,0,1
2020-06-10,0.6082548448928626,0,0,1,0,0,0,0,0,1,0,0,0,1,0,0,0,0,0,22,"[0, 3, 12, 43, 93, 98, 110, 176, 207, 209, 210, 223, 250, 267, 302, 374, 425, 426, 444, 449, 471, 478]","[0, 3, 12, 43, 93, 98, 110, 176, 207, 209, 210, 223, 250, 267, 302, 374, 425, 426, 444, 449, 471, 478]",0,none,,,0,0,0,none,,0,none,,0,none,,none,1,Linear Trend,Point Anomalies,1,0,0,0,0,0,1,0,0,0,0,0,0,0,0,1
2020-06-11,0.6199989976061018,0,0,1,0,0,0,0,0,1,0,0,0,1,0,0,0,0,0,22,"[0, 3, 12, 43, 93, 98, 110, 176, 207, 209, 210, 223, 250, 267, 302, 374, 425, 426, 444, 449, 471, 478]","[0, 3, 12, 43, 93, 98, 110, 176, 207, 209, 210, 223, 250, 267, 302, 374, 425, 426, 444, 449, 471, 478]",0,none,,,0,0,0,none,,0,none,,0,none,,none,1,Linear Trend,Point Anomalies,1,0,0,0,0,0,1,0,0,0,0,0,0,0,0,1
2020-06-12,0.6026906832358215,0,0,1,0,0,0,0,0,1,0,0,0,1,0,0,0,0,0,22,"[0, 3, 12, 43, 93, 98, 110, 176, 207, 209, 210, 223, 250, 267, 302, 374, 425, 426, 444, 449, 471, 478]","[0, 3, 12, 43, 93, 98, 110, 176, 207, 209, 210, 223, 250, 267, 302, 374, 425, 426, 444, 449, 471, 478]",0,none,,,0,0,0,none,,0,none,,0,none,,none,1,Linear Trend,Point Anomalies,1,0,0,0,0,0,1,0,0,0,0,0,0,0,0,1
2020-06-13,0.6463883884578359,0,0,1,0,0,0,0,0,1,0,0,0,1,0,0,0,0,0,22,"[0, 3, 12, 43, 93, 98, 110, 176, 207, 209, 210, 223, 250, 267, 302, 374, 425, 426, 444, 449, 471, 478]","[0, 3, 12, 43, 93, 98, 110, 176, 207, 209, 210, 223, 250, 267, 302, 374, 425, 426, 444, 449, 471, 478]",0,none,,,0,0,0,none,,0,none,,0,none,,none,1,Linear Trend,Point Anomalies,1,0,0,0,0,0,1,0,0,0,0,0,0,0,0,1
2020-06-14,0.6011466985780171,0,0,1,0,0,0,0,0,1,0,0,0,1,0,0,0,0,0,22,"[0, 3, 12, 43, 93, 98, 110, 176, 207, 209, 210, 223, 250, 267, 302, 374, 425, 426, 444, 449, 471, 478]","[0, 3, 12, 43, 93, 98, 110, 176, 207, 209, 210, 223, 250, 267, 302, 374, 425, 426, 444, 449, 471, 478]",0,none,,,0,0,0,none,,0,none,,0,none,,none,1,Linear Trend,Point Anomalies,1,0,0,0,0,0,1,0,0,0,0,0,0,0,0,1
2020-06-15,0.6004583348306564,0,0,1,0,0,0,0,0,1,0,0,0,1,0,0,0,0,0,22,"[0, 3, 12, 43, 93, 98, 110, 176, 207, 209, 210, 223, 250, 267, 302, 374, 425, 426, 444, 449, 471, 478]","[0, 3, 12, 43, 93, 98, 110, 176, 207, 209, 210, 223, 250, 267, 302, 374, 425, 426, 444, 449, 471, 478]",0,none,,,0,0,0,none,,0,none,,0,none,,none,1,Linear Trend,Point Anomalies,1,0,0,0,0,0,1,0,0,0,0,0,0,0,0,1
2020-06-16,0.6044693844559532,0,0,1,0,0,0,0,0,1,0,0,0,1,0,0,0,0,0,22,"[0, 3, 12, 43, 93, 98, 110, 176, 207, 209, 210, 223, 250, 267, 302, 374, 425, 426, 444, 449, 471, 478]","[0, 3, 12, 43, 93, 98, 110, 176, 207, 209, 210, 223, 250, 267, 302, 374, 425, 426, 444, 449, 471, 478]",0,none,,,0,0,0,none,,0,none,,0,none,,none,1,Linear Trend,Point Anomalies,1,0,0,0,0,0,1,0,0,0,0,0,0,0,0,1
2020-06-17,0.5930965533704432,0,0,1,0,0,0,0,0,1,0,0,0,1,0,0,0,0,0,22,"[0, 3, 12, 43, 93, 98, 110, 176, 207, 209, 210, 223, 250, 267, 302, 374, 425, 426, 444, 449, 471, 478]","[0, 3, 12, 43, 93, 98, 110, 176, 207, 209, 210, 223, 250, 267, 302, 374, 425, 426, 444, 449, 471, 478]",0,none,,,0,0,0,none,,0,none,,0,none,,none,1,Linear Trend,Point Anomalies,1,0,0,0,0,0,1,0,0,0,0,0,0,0,0,1
2020-06-18,0.5869831225703078,0,0,1,0,0,0,0,0,1,0,0,0,1,0,0,0,0,0,22,"[0, 3, 12, 43, 93, 98, 110, 176, 207, 209, 210, 223, 250, 267, 302, 374, 425, 426, 444, 449, 471, 478]","[0, 3, 12, 43, 93, 98, 110, 176, 207, 209, 210, 223, 250, 267, 302, 374, 425, 426, 444, 449, 471, 478]",0,none,,,0,0,0,none,,0,none,,0,none,,none,1,Linear Trend,Point Anomalies,1,0,0,0,0,0,1,0,0,0,0,0,0,0,0,1
2020-06-19,0.5644104758476357,0,0,1,0,0,0,0,0,1,0,0,0,1,0,0,0,0,0,22,"[0, 3, 12, 43, 93, 98, 110, 176, 207, 209, 210, 223, 250, 267, 302, 374, 425, 426, 444, 449, 471, 478]","[0, 3, 12, 43, 93, 98, 110, 176, 207, 209, 210, 223, 250, 267, 302, 374, 425, 426, 444, 449, 471, 478]",0,none,,,0,0,0,none,,0,none,,0,none,,none,1,Linear Trend,Point Anomalies,1,0,0,0,0,0,1,0,0,0,0,0,0,0,0,1
2020-06-20,0.548464993629259,0,0,1,0,0,0,0,0,1,0,0,0,1,0,0,0,0,0,22,"[0, 3, 12, 43, 93, 98, 110, 176, 207, 209, 210, 223, 250, 267, 302, 374, 425, 426, 444, 449, 471, 478]","[0, 3, 12, 43, 93, 98, 110, 176, 207, 209, 210, 223, 250, 267, 302, 374, 425, 426, 444, 449, 471, 478]",0,none,,,0,0,0,none,,0,none,,0,none,,none,1,Linear Trend,Point Anomalies,1,0,0,0,0,0,1,0,0,0,0,0,0,0,0,1
2020-06-21,0.5545541070023139,0,0,1,0,0,0,0,0,1,0,0,0,1,0,0,0,0,0,22,"[0, 3, 12, 43, 93, 98, 110, 176, 207, 209, 210, 223, 250, 267, 302, 374, 425, 426, 444, 449, 471, 478]","[0, 3, 12, 43, 93, 98, 110, 176, 207, 209, 210, 223, 250, 267, 302, 374, 425, 426, 444, 449, 471, 478]",0,none,,,0,0,0,none,,0,none,,0,none,,none,1,Linear Trend,Point Anomalies,1,0,0,0,0,0,1,0,0,0,0,0,0,0,0,1
2020-06-22,0.5464602887534107,0,0,1,0,0,0,0,0,1,0,0,0,1,0,0,0,0,0,22,"[0, 3, 12, 43, 93, 98, 110, 176, 207, 209, 210, 223, 250, 267, 302, 374, 425, 426, 444, 449, 471, 478]","[0, 3, 12, 43, 93, 98, 110, 176, 207, 209, 210, 223, 250, 267, 302, 374, 425, 426, 444, 449, 471, 478]",0,none,,,0,0,0,none,,0,none,,0,none,,none,1,Linear Trend,Point Anomalies,1,0,0,0,0,0,1,0,0,0,0,0,0,0,0,1
2020-06-23,0.5295283093616916,0,0,1,0,0,0,0,0,1,0,0,0,1,0,0,0,0,0,22,"[0, 3, 12, 43, 93, 98, 110, 176, 207, 209, 210, 223, 250, 267, 302, 374, 425, 426, 444, 449, 471, 478]","[0, 3, 12, 43, 93, 98, 110, 176, 207, 209, 210, 223, 250, 267, 302, 374, 425, 426, 444, 449, 471, 478]",0,none,,,0,0,0,none,,0,none,,0,none,,none,1,Linear Trend,Point Anomalies,1,0,0,0,0,0,1,0,0,0,0,0,0,0,0,1
2020-06-24,0.5326785890749262,0,0,1,0,0,0,0,0,1,0,0,0,1,0,0,0,0,0,22,"[0, 3, 12, 43, 93, 98, 110, 176, 207, 209, 210, 223, 250, 267, 302, 374, 425, 426, 444, 449, 471, 478]","[0, 3, 12, 43, 93, 98, 110, 176, 207, 209, 210, 223, 250, 267, 302, 374, 425, 426, 444, 449, 471, 478]",0,none,,,0,0,0,none,,0,none,,0,none,,none,1,Linear Trend,Point Anomalies,1,0,0,0,0,0,1,0,0,0,0,0,0,0,0,1
2020-06-25,6.346374136072356,0,0,1,0,0,0,0,0,1,0,0,0,1,0,0,0,0,0,22,"[0, 3, 12, 43, 93, 98, 110, 176, 207, 209, 210, 223, 250, 267, 302, 374, 425, 426, 444, 449, 471, 478]","[0, 3, 12, 43, 93, 98, 110, 176, 207, 209, 210, 223, 250, 267, 302, 374, 425, 426, 444, 449, 471, 478]",0,none,,,0,0,0,none,,0,none,,0,none,,none,1,Linear Trend,Point Anomalies,1,0,0,0,0,0,1,0,0,0,0,0,0,0,0,1
2020-06-26,0.5325339416597753,0,0,1,0,0,0,0,0,1,0,0,0,1,0,0,0,0,0,22,"[0, 3, 12, 43, 93, 98, 110, 176, 207, 209, 210, 223, 250, 267, 302, 374, 425, 426, 444, 449, 471, 478]","[0, 3, 12, 43, 93, 98, 110, 176, 207, 209, 210, 223, 250, 267, 302, 374, 425, 426, 444, 449, 471, 478]",0,none,,,0,0,0,none,,0,none,,0,none,,none,1,Linear Trend,Point Anomalies,1,0,0,0,0,0,1,0,0,0,0,0,0,0,0,1
2020-06-27,0.5303170747556833,0,0,1,0,0,0,0,0,1,0,0,0,1,0,0,0,0,0,22,"[0, 3, 12, 43, 93, 98, 110, 176, 207, 209, 210, 223, 250, 267, 302, 374, 425, 426, 444, 449, 471, 478]","[0, 3, 12, 43, 93, 98, 110, 176, 207, 209, 210, 223, 250, 267, 302, 374, 425, 426, 444, 449, 471, 478]",0,none,,,0,0,0,none,,0,none,,0,none,,none,1,Linear Trend,Point Anomalies,1,0,0,0,0,0,1,0,0,0,0,0,0,0,0,1
2020-06-28,0.5189745525049855,0,0,1,0,0,0,0,0,1,0,0,0,1,0,0,0,0,0,22,"[0, 3, 12, 43, 93, 98, 110, 176, 207, 209, 210, 223, 250, 267, 302, 374, 425, 426, 444, 449, 471, 478]","[0, 3, 12, 43, 93, 98, 110, 176, 207, 209, 210, 223, 250, 267, 302, 374, 425, 426, 444, 449, 471, 478]",0,none,,,0,0,0,none,,0,none,,0,none,,none,1,Linear Trend,Point Anomalies,1,0,0,0,0,0,1,0,0,0,0,0,0,0,0,1
2020-06-29,0.47383572554276804,0,0,1,0,0,0,0,0,1,0,0,0,1,0,0,0,0,0,22,"[0, 3, 12, 43, 93, 98, 110, 176, 207, 209, 210, 223, 250, 267, 302, 374, 425, 426, 444, 449, 471, 478]","[0, 3, 12, 43, 93, 98, 110, 176, 207, 209, 210, 223, 250, 267, 302, 374, 425, 426, 444, 449, 471, 478]",0,none,,,0,0,0,none,,0,none,,0,none,,none,1,Linear Trend,Point Anomalies,1,0,0,0,0,0,1,0,0,0,0,0,0,0,0,1
2020-06-30,0.48691501400626064,0,0,1,0,0,0,0,0,1,0,0,0,1,0,0,0,0,0,22,"[0, 3, 12, 43, 93, 98, 110, 176, 207, 209, 210, 223, 250, 267, 302, 374, 425, 426, 444, 449, 471, 478]","[0, 3, 12, 43, 93, 98, 110, 176, 207, 209, 210, 223, 250, 267, 302, 374, 425, 426, 444, 449, 471, 478]",0,none,,,0,0,0,none,,0,none,,0,none,,none,1,Linear Trend,Point Anomalies,1,0,0,0,0,0,1,0,0,0,0,0,0,0,0,1
2020-07-01,0.5032319762348411,0,0,1,0,0,0,0,0,1,0,0,0,1,0,0,0,0,0,22,"[0, 3, 12, 43, 93, 98, 110, 176, 207, 209, 210, 223, 250, 267, 302, 374, 425, 426, 444, 449, 471, 478]","[0, 3, 12, 43, 93, 98, 110, 176, 207, 209, 210, 223, 250, 267, 302, 374, 425, 426, 444, 449, 471, 478]",0,none,,,0,0,0,none,,0,none,,0,none,,none,1,Linear Trend,Point Anomalies,1,0,0,0,0,0,1,0,0,0,0,0,0,0,0,1
2020-07-02,0.49766576957859276,0,0,1,0,0,0,0,0,1,0,0,0,1,0,0,0,0,0,22,"[0, 3, 12, 43, 93, 98, 110, 176, 207, 209, 210, 223, 250, 267, 302, 374, 425, 426, 444, 449, 471, 478]","[0, 3, 12, 43, 93, 98, 110, 176, 207, 209, 210, 223, 250, 267, 302, 374, 425, 426, 444, 449, 471, 478]",0,none,,,0,0,0,none,,0,none,,0,none,,none,1,Linear Trend,Point Anomalies,1,0,0,0,0,0,1,0,0,0,0,0,0,0,0,1
2020-07-03,0.4829659754173786,0,0,1,0,0,0,0,0,1,0,0,0,1,0,0,0,0,0,22,"[0, 3, 12, 43, 93, 98, 110, 176, 207, 209, 210, 223, 250, 267, 302, 374, 425, 426, 444, 449, 471, 478]","[0, 3, 12, 43, 93, 98, 110, 176, 207, 209, 210, 223, 250, 267, 302, 374, 425, 426, 444, 449, 471, 478]",0,none,,,0,0,0,none,,0,none,,0,none,,none,1,Linear Trend,Point Anomalies,1,0,0,0,0,0,1,0,0,0,0,0,0,0,0,1
2020-07-04,0.47218793420360944,0,0,1,0,0,0,0,0,1,0,0,0,1,0,0,0,0,0,22,"[0, 3, 12, 43, 93, 98, 110, 176, 207, 209, 210, 223, 250, 267, 302, 374, 425, 426, 444, 449, 471, 478]","[0, 3, 12, 43, 93, 98, 110, 176, 207, 209, 210, 223, 250, 267, 302, 374, 425, 426, 444, 449, 471, 478]",0,none,,,0,0,0,none,,0,none,,0,none,,none,1,Linear Trend,Point Anomalies,1,0,0,0,0,0,1,0,0,0,0,0,0,0,0,1
2020-07-05,0.45914440101093723,0,0,1,0,0,0,0,0,1,0,0,0,1,0,0,0,0,0,22,"[0, 3, 12, 43, 93, 98, 110, 176, 207, 209, 210, 223, 250, 267, 302, 374, 425, 426, 444, 449, 471, 478]","[0, 3, 12, 43, 93, 98, 110, 176, 207, 209, 210, 223, 250, 267, 302, 374, 425, 426, 444, 449, 471, 478]",0,none,,,0,0,0,none,,0,none,,0,none,,none,1,Linear Trend,Point Anomalies,1,0,0,0,0,0,1,0,0,0,0,0,0,0,0,1
2020-07-06,0.44894374017026883,0,0,1,0,0,0,0,0,1,0,0,0,1,0,0,0,0,0,22,"[0, 3, 12, 43, 93, 98, 110, 176, 207, 209, 210, 223, 250, 267, 302, 374, 425, 426, 444, 449, 471, 478]","[0, 3, 12, 43, 93, 98, 110, 176, 207, 209, 210, 223, 250, 267, 302, 374, 425, 426, 444, 449, 471, 478]",0,none,,,0,0,0,none,,0,none,,0,none,,none,1,Linear Trend,Point Anomalies,1,0,0,0,0,0,1,0,0,0,0,0,0,0,0,1
2020-07-07,0.4300568149141515,0,0,1,0,0,0,0,0,1,0,0,0,1,0,0,0,0,0,22,"[0, 3, 12, 43, 93, 98, 110, 176, 207, 209, 210, 223, 250, 267, 302, 374, 425, 426, 444, 449, 471, 478]","[0, 3, 12, 43, 93, 98, 110, 176, 207, 209, 210, 223, 250, 267, 302, 374, 425, 426, 444, 449, 471, 478]",0,none,,,0,0,0,none,,0,none,,0,none,,none,1,Linear Trend,Point Anomalies,1,0,0,0,0,0,1,0,0,0,0,0,0,0,0,1
2020-07-08,0.4402951469829906,0,0,1,0,0,0,0,0,1,0,0,0,1,0,0,0,0,0,22,"[0, 3, 12, 43, 93, 98, 110, 176, 207, 209, 210, 223, 250, 267, 302, 374, 425, 426, 444, 449, 471, 478]","[0, 3, 12, 43, 93, 98, 110, 176, 207, 209, 210, 223, 250, 267, 302, 374, 425, 426, 444, 449, 471, 478]",0,none,,,0,0,0,none,,0,none,,0,none,,none,1,Linear Trend,Point Anomalies,1,0,0,0,0,0,1,0,0,0,0,0,0,0,0,1
2020-07-09,0.43086314284603094,0,0,1,0,0,0,0,0,1,0,0,0,1,0,0,0,0,0,22,"[0, 3, 12, 43, 93, 98, 110, 176, 207, 209, 210, 223, 250, 267, 302, 374, 425, 426, 444, 449, 471, 478]","[0, 3, 12, 43, 93, 98, 110, 176, 207, 209, 210, 223, 250, 267, 302, 374, 425, 426, 444, 449, 471, 478]",0,none,,,0,0,0,none,,0,none,,0,none,,none,1,Linear Trend,Point Anomalies,1,0,0,0,0,0,1,0,0,0,0,0,0,0,0,1
2020-07-10,0.4375752021258183,0,0,1,0,0,0,0,0,1,0,0,0,1,0,0,0,0,0,22,"[0, 3, 12, 43, 93, 98, 110, 176, 207, 209, 210, 223, 250, 267, 302, 374, 425, 426, 444, 449, 471, 478]","[0, 3, 12, 43, 93, 98, 110, 176, 207, 209, 210, 223, 250, 267, 302, 374, 425, 426, 444, 449, 471, 478]",0,none,,,0,0,0,none,,0,none,,0,none,,none,1,Linear Trend,Point Anomalies,1,0,0,0,0,0,1,0,0,0,0,0,0,0,0,1
2020-07-11,0.4329724632413564,0,0,1,0,0,0,0,0,1,0,0,0,1,0,0,0,0,0,22,"[0, 3, 12, 43, 93, 98, 110, 176, 207, 209, 210, 223, 250, 267, 302, 374, 425, 426, 444, 449, 471, 478]","[0, 3, 12, 43, 93, 98, 110, 176, 207, 209, 210, 223, 250, 267, 302, 374, 425, 426, 444, 449, 471, 478]",0,none,,,0,0,0,none,,0,none,,0,none,,none,1,Linear Trend,Point Anomalies,1,0,0,0,0,0,1,0,0,0,0,0,0,0,0,1
2020-07-12,0.4546848097229458,0,0,1,0,0,0,0,0,1,0,0,0,1,0,0,0,0,0,22,"[0, 3, 12, 43, 93, 98, 110, 176, 207, 209, 210, 223, 250, 267, 302, 374, 425, 426, 444, 449, 471, 478]","[0, 3, 12, 43, 93, 98, 110, 176, 207, 209, 210, 223, 250, 267, 302, 374, 425, 426, 444, 449, 471, 478]",0,none,,,0,0,0,none,,0,none,,0,none,,none,1,Linear Trend,Point Anomalies,1,0,0,0,0,0,1,0,0,0,0,0,0,0,0,1
2020-07-13,0.39630628727509243,0,0,1,0,0,0,0,0,1,0,0,0,1,0,0,0,0,0,22,"[0, 3, 12, 43, 93, 98, 110, 176, 207, 209, 210, 223, 250, 267, 302, 374, 425, 426, 444, 449, 471, 478]","[0, 3, 12, 43, 93, 98, 110, 176, 207, 209, 210, 223, 250, 267, 302, 374, 425, 426, 444, 449, 471, 478]",0,none,,,0,0,0,none,,0,none,,0,none,,none,1,Linear Trend,Point Anomalies,1,0,0,0,0,0,1,0,0,0,0,0,0,0,0,1
2020-07-14,0.4005508065831852,0,0,1,0,0,0,0,0,1,0,0,0,1,0,0,0,0,0,22,"[0, 3, 12, 43, 93, 98, 110, 176, 207, 209, 210, 223, 250, 267, 302, 374, 425, 426, 444, 449, 471, 478]","[0, 3, 12, 43, 93, 98, 110, 176, 207, 209, 210, 223, 250, 267, 302, 374, 425, 426, 444, 449, 471, 478]",0,none,,,0,0,0,none,,0,none,,0,none,,none,1,Linear Trend,Point Anomalies,1,0,0,0,0,0,1,0,0,0,0,0,0,0,0,1
2020-07-15,0.41611979963489626,0,0,1,0,0,0,0,0,1,0,0,0,1,0,0,0,0,0,22,"[0, 3, 12, 43, 93, 98, 110, 176, 207, 209, 210, 223, 250, 267, 302, 374, 425, 426, 444, 449, 471, 478]","[0, 3, 12, 43, 93, 98, 110, 176, 207, 209, 210, 223, 250, 267, 302, 374, 425, 426, 444, 449, 471, 478]",0,none,,,0,0,0,none,,0,none,,0,none,,none,1,Linear Trend,Point Anomalies,1,0,0,0,0,0,1,0,0,0,0,0,0,0,0,1
2020-07-16,0.39323664841891826,0,0,1,0,0,0,0,0,1,0,0,0,1,0,0,0,0,0,22,"[0, 3, 12, 43, 93, 98, 110, 176, 207, 209, 210, 223, 250, 267, 302, 374, 425, 426, 444, 449, 471, 478]","[0, 3, 12, 43, 93, 98, 110, 176, 207, 209, 210, 223, 250, 267, 302, 374, 425, 426, 444, 449, 471, 478]",0,none,,,0,0,0,none,,0,none,,0,none,,none,1,Linear Trend,Point Anomalies,1,0,0,0,0,0,1,0,0,0,0,0,0,0,0,1
2020-07-17,0.38657899748972646,0,0,1,0,0,0,0,0,1,0,0,0,1,0,0,0,0,0,22,"[0, 3, 12, 43, 93, 98, 110, 176, 207, 209, 210, 223, 250, 267, 302, 374, 425, 426, 444, 449, 471, 478]","[0, 3, 12, 43, 93, 98, 110, 176, 207, 209, 210, 223, 250, 267, 302, 374, 425, 426, 444, 449, 471, 478]",0,none,,,0,0,0,none,,0,none,,0,none,,none,1,Linear Trend,Point Anomalies,1,0,0,0,0,0,1,0,0,0,0,0,0,0,0,1
2020-07-18,0.36043482779603914,0,0,1,0,0,0,0,0,1,0,0,0,1,0,0,0,0,0,22,"[0, 3, 12, 43, 93, 98, 110, 176, 207, 209, 210, 223, 250, 267, 302, 374, 425, 426, 444, 449, 471, 478]","[0, 3, 12, 43, 93, 98, 110, 176, 207, 209, 210, 223, 250, 267, 302, 374, 425, 426, 444, 449, 471, 478]",0,none,,,0,0,0,none,,0,none,,0,none,,none,1,Linear Trend,Point Anomalies,1,0,0,0,0,0,1,0,0,0,0,0,0,0,0,1
2020-07-19,0.3692806948605214,0,0,1,0,0,0,0,0,1,0,0,0,1,0,0,0,0,0,22,"[0, 3, 12, 43, 93, 98, 110, 176, 207, 209, 210, 223, 250, 267, 302, 374, 425, 426, 444, 449, 471, 478]","[0, 3, 12, 43, 93, 98, 110, 176, 207, 209, 210, 223, 250, 267, 302, 374, 425, 426, 444, 449, 471, 478]",0,none,,,0,0,0,none,,0,none,,0,none,,none,1,Linear Trend,Point Anomalies,1,0,0,0,0,0,1,0,0,0,0,0,0,0,0,1
2020-07-20,0.3681672571654214,0,0,1,0,0,0,0,0,1,0,0,0,1,0,0,0,0,0,22,"[0, 3, 12, 43, 93, 98, 110, 176, 207, 209, 210, 223, 250, 267, 302, 374, 425, 426, 444, 449, 471, 478]","[0, 3, 12, 43, 93, 98, 110, 176, 207, 209, 210, 223, 250, 267, 302, 374, 425, 426, 444, 449, 471, 478]",0,none,,,0,0,0,none,,0,none,,0,none,,none,1,Linear Trend,Point Anomalies,1,0,0,0,0,0,1,0,0,0,0,0,0,0,0,1
2020-07-21,0.3530047637140828,0,0,1,0,0,0,0,0,1,0,0,0,1,0,0,0,0,0,22,"[0, 3, 12, 43, 93, 98, 110, 176, 207, 209, 210, 223, 250, 267, 302, 374, 425, 426, 444, 449, 471, 478]","[0, 3, 12, 43, 93, 98, 110, 176, 207, 209, 210, 223, 250, 267, 302, 374, 425, 426, 444, 449, 471, 478]",0,none,,,0,0,0,none,,0,none,,0,none,,none,1,Linear Trend,Point Anomalies,1,0,0,0,0,0,1,0,0,0,0,0,0,0,0,1
2020-07-22,0.33766939242226907,0,0,1,0,0,0,0,0,1,0,0,0,1,0,0,0,0,0,22,"[0, 3, 12, 43, 93, 98, 110, 176, 207, 209, 210, 223, 250, 267, 302, 374, 425, 426, 444, 449, 471, 478]","[0, 3, 12, 43, 93, 98, 110, 176, 207, 209, 210, 223, 250, 267, 302, 374, 425, 426, 444, 449, 471, 478]",0,none,,,0,0,0,none,,0,none,,0,none,,none,1,Linear Trend,Point Anomalies,1,0,0,0,0,0,1,0,0,0,0,0,0,0,0,1
2020-07-23,0.340034980453655,0,0,1,0,0,0,0,0,1,0,0,0,1,0,0,0,0,0,22,"[0, 3, 12, 43, 93, 98, 110, 176, 207, 209, 210, 223, 250, 267, 302, 374, 425, 426, 444, 449, 471, 478]","[0, 3, 12, 43, 93, 98, 110, 176, 207, 209, 210, 223, 250, 267, 302, 374, 425, 426, 444, 449, 471, 478]",0,none,,,0,0,0,none,,0,none,,0,none,,none,1,Linear Trend,Point Anomalies,1,0,0,0,0,0,1,0,0,0,0,0,0,0,0,1
2020-07-24,0.3545960380815853,0,0,1,0,0,0,0,0,1,0,0,0,1,0,0,0,0,0,22,"[0, 3, 12, 43, 93, 98, 110, 176, 207, 209, 210, 223, 250, 267, 302, 374, 425, 426, 444, 449, 471, 478]","[0, 3, 12, 43, 93, 98, 110, 176, 207, 209, 210, 223, 250, 267, 302, 374, 425, 426, 444, 449, 471, 478]",0,none,,,0,0,0,none,,0,none,,0,none,,none,1,Linear Trend,Point Anomalies,1,0,0,0,0,0,1,0,0,0,0,0,0,0,0,1
2020-07-25,0.3094937865615327,0,0,1,0,0,0,0,0,1,0,0,0,1,0,0,0,0,0,22,"[0, 3, 12, 43, 93, 98, 110, 176, 207, 209, 210, 223, 250, 267, 302, 374, 425, 426, 444, 449, 471, 478]","[0, 3, 12, 43, 93, 98, 110, 176, 207, 209, 210, 223, 250, 267, 302, 374, 425, 426, 444, 449, 471, 478]",0,none,,,0,0,0,none,,0,none,,0,none,,none,1,Linear Trend,Point Anomalies,1,0,0,0,0,0,1,0,0,0,0,0,0,0,0,1
2020-07-26,6.13850588561289,0,0,1,0,0,0,0,0,1,0,0,0,1,0,0,0,0,0,22,"[0, 3, 12, 43, 93, 98, 110, 176, 207, 209, 210, 223, 250, 267, 302, 374, 425, 426, 444, 449, 471, 478]","[0, 3, 12, 43, 93, 98, 110, 176, 207, 209, 210, 223, 250, 267, 302, 374, 425, 426, 444, 449, 471, 478]",0,none,,,0,0,0,none,,0,none,,0,none,,none,1,Linear Trend,Point Anomalies,1,0,0,0,0,0,1,0,0,0,0,0,0,0,0,1
2020-07-27,0.2911586000867903,0,0,1,0,0,0,0,0,1,0,0,0,1,0,0,0,0,0,22,"[0, 3, 12, 43, 93, 98, 110, 176, 207, 209, 210, 223, 250, 267, 302, 374, 425, 426, 444, 449, 471, 478]","[0, 3, 12, 43, 93, 98, 110, 176, 207, 209, 210, 223, 250, 267, 302, 374, 425, 426, 444, 449, 471, 478]",0,none,,,0,0,0,none,,0,none,,0,none,,none,1,Linear Trend,Point Anomalies,1,0,0,0,0,0,1,0,0,0,0,0,0,0,0,1
2020-07-28,-5.5007719575071325,0,0,1,0,0,0,0,0,1,0,0,0,1,0,0,0,0,0,22,"[0, 3, 12, 43, 93, 98, 110, 176, 207, 209, 210, 223, 250, 267, 302, 374, 425, 426, 444, 449, 471, 478]","[0, 3, 12, 43, 93, 98, 110, 176, 207, 209, 210, 223, 250, 267, 302, 374, 425, 426, 444, 449, 471, 478]",0,none,,,0,0,0,none,,0,none,,0,none,,none,1,Linear Trend,Point Anomalies,1,0,0,0,0,0,1,0,0,0,0,0,0,0,0,1
2020-07-29,-5.509272864757838,0,0,1,0,0,0,0,0,1,0,0,0,1,0,0,0,0,0,22,"[0, 3, 12, 43, 93, 98, 110, 176, 207, 209, 210, 223, 250, 267, 302, 374, 425, 426, 444, 449, 471, 478]","[0, 3, 12, 43, 93, 98, 110, 176, 207, 209, 210, 223, 250, 267, 302, 374, 425, 426, 444, 449, 471, 478]",0,none,,,0,0,0,none,,0,none,,0,none,,none,1,Linear Trend,Point Anomalies,1,0,0,0,0,0,1,0,0,0,0,0,0,0,0,1
2020-07-30,0.3137651428651639,0,0,1,0,0,0,0,0,1,0,0,0,1,0,0,0,0,0,22,"[0, 3, 12, 43, 93, 98, 110, 176, 207, 209, 210, 223, 250, 267, 302, 374, 425, 426, 444, 449, 471, 478]","[0, 3, 12, 43, 93, 98, 110, 176, 207, 209, 210, 223, 250, 267, 302, 374, 425, 426, 444, 449, 471, 478]",0,none,,,0,0,0,none,,0,none,,0,none,,none,1,Linear Trend,Point Anomalies,1,0,0,0,0,0,1,0,0,0,0,0,0,0,0,1
2020-07-31,0.2978394037619158,0,0,1,0,0,0,0,0,1,0,0,0,1,0,0,0,0,0,22,"[0, 3, 12, 43, 93, 98, 110, 176, 207, 209, 210, 223, 250, 267, 302, 374, 425, 426, 444, 449, 471, 478]","[0, 3, 12, 43, 93, 98, 110, 176, 207, 209, 210, 223, 250, 267, 302, 374, 425, 426, 444, 449, 471, 478]",0,none,,,0,0,0,none,,0,none,,0,none,,none,1,Linear Trend,Point Anomalies,1,0,0,0,0,0,1,0,0,0,0,0,0,0,0,1
2020-08-01,0.28576876822491104,0,0,1,0,0,0,0,0,1,0,0,0,1,0,0,0,0,0,22,"[0, 3, 12, 43, 93, 98, 110, 176, 207, 209, 210, 223, 250, 267, 302, 374, 425, 426, 444, 449, 471, 478]","[0, 3, 12, 43, 93, 98, 110, 176, 207, 209, 210, 223, 250, 267, 302, 374, 425, 426, 444, 449, 471, 478]",0,none,,,0,0,0,none,,0,none,,0,none,,none,1,Linear Trend,Point Anomalies,1,0,0,0,0,0,1,0,0,0,0,0,0,0,0,1
2020-08-02,0.3025835527347201,0,0,1,0,0,0,0,0,1,0,0,0,1,0,0,0,0,0,22,"[0, 3, 12, 43, 93, 98, 110, 176, 207, 209, 210, 223, 250, 267, 302, 374, 425, 426, 444, 449, 471, 478]","[0, 3, 12, 43, 93, 98, 110, 176, 207, 209, 210, 223, 250, 267, 302, 374, 425, 426, 444, 449, 471, 478]",0,none,,,0,0,0,none,,0,none,,0,none,,none,1,Linear Trend,Point Anomalies,1,0,0,0,0,0,1,0,0,0,0,0,0,0,0,1
2020-08-03,0.2573055625261932,0,0,1,0,0,0,0,0,1,0,0,0,1,0,0,0,0,0,22,"[0, 3, 12, 43, 93, 98, 110, 176, 207, 209, 210, 223, 250, 267, 302, 374, 425, 426, 444, 449, 471, 478]","[0, 3, 12, 43, 93, 98, 110, 176, 207, 209, 210, 223, 250, 267, 302, 374, 425, 426, 444, 449, 471, 478]",0,none,,,0,0,0,none,,0,none,,0,none,,none,1,Linear Trend,Point Anomalies,1,0,0,0,0,0,1,0,0,0,0,0,0,0,0,1
2020-08-04,0.2486976175473,0,0,1,0,0,0,0,0,1,0,0,0,1,0,0,0,0,0,22,"[0, 3, 12, 43, 93, 98, 110, 176, 207, 209, 210, 223, 250, 267, 302, 374, 425, 426, 444, 449, 471, 478]","[0, 3, 12, 43, 93, 98, 110, 176, 207, 209, 210, 223, 250, 267, 302, 374, 425, 426, 444, 449, 471, 478]",0,none,,,0,0,0,none,,0,none,,0,none,,none,1,Linear Trend,Point Anomalies,1,0,0,0,0,0,1,0,0,0,0,0,0,0,0,1
2020-08-05,0.2692009185932134,0,0,1,0,0,0,0,0,1,0,0,0,1,0,0,0,0,0,22,"[0, 3, 12, 43, 93, 98, 110, 176, 207, 209, 210, 223, 250, 267, 302, 374, 425, 426, 444, 449, 471, 478]","[0, 3, 12, 43, 93, 98, 110, 176, 207, 209, 210, 223, 250, 267, 302, 374, 425, 426, 444, 449, 471, 478]",0,none,,,0,0,0,none,,0,none,,0,none,,none,1,Linear Trend,Point Anomalies,1,0,0,0,0,0,1,0,0,0,0,0,0,0,0,1
2020-08-06,0.2689311155979762,0,0,1,0,0,0,0,0,1,0,0,0,1,0,0,0,0,0,22,"[0, 3, 12, 43, 93, 98, 110, 176, 207, 209, 210, 223, 250, 267, 302, 374, 425, 426, 444, 449, 471, 478]","[0, 3, 12, 43, 93, 98, 110, 176, 207, 209, 210, 223, 250, 267, 302, 374, 425, 426, 444, 449, 471, 478]",0,none,,,0,0,0,none,,0,none,,0,none,,none,1,Linear Trend,Point Anomalies,1,0,0,0,0,0,1,0,0,0,0,0,0,0,0,1
2020-08-07,0.24631640953543577,0,0,1,0,0,0,0,0,1,0,0,0,1,0,0,0,0,0,22,"[0, 3, 12, 43, 93, 98, 110, 176, 207, 209, 210, 223, 250, 267, 302, 374, 425, 426, 444, 449, 471, 478]","[0, 3, 12, 43, 93, 98, 110, 176, 207, 209, 210, 223, 250, 267, 302, 374, 425, 426, 444, 449, 471, 478]",0,none,,,0,0,0,none,,0,none,,0,none,,none,1,Linear Trend,Point Anomalies,1,0,0,0,0,0,1,0,0,0,0,0,0,0,0,1
2020-08-08,0.2394913888821958,0,0,1,0,0,0,0,0,1,0,0,0,1,0,0,0,0,0,22,"[0, 3, 12, 43, 93, 98, 110, 176, 207, 209, 210, 223, 250, 267, 302, 374, 425, 426, 444, 449, 471, 478]","[0, 3, 12, 43, 93, 98, 110, 176, 207, 209, 210, 223, 250, 267, 302, 374, 425, 426, 444, 449, 471, 478]",0,none,,,0,0,0,none,,0,none,,0,none,,none,1,Linear Trend,Point Anomalies,1,0,0,0,0,0,1,0,0,0,0,0,0,0,0,1
2020-08-09,0.20557555650188303,0,0,1,0,0,0,0,0,1,0,0,0,1,0,0,0,0,0,22,"[0, 3, 12, 43, 93, 98, 110, 176, 207, 209, 210, 223, 250, 267, 302, 374, 425, 426, 444, 449, 471, 478]","[0, 3, 12, 43, 93, 98, 110, 176, 207, 209, 210, 223, 250, 267, 302, 374, 425, 426, 444, 449, 471, 478]",0,none,,,0,0,0,none,,0,none,,0,none,,none,1,Linear Trend,Point Anomalies,1,0,0,0,0,0,1,0,0,0,0,0,0,0,0,1
2020-08-10,0.21724513973999393,0,0,1,0,0,0,0,0,1,0,0,0,1,0,0,0,0,0,22,"[0, 3, 12, 43, 93, 98, 110, 176, 207, 209, 210, 223, 250, 267, 302, 374, 425, 426, 444, 449, 471, 478]","[0, 3, 12, 43, 93, 98, 110, 176, 207, 209, 210, 223, 250, 267, 302, 374, 425, 426, 444, 449, 471, 478]",0,none,,,0,0,0,none,,0,none,,0,none,,none,1,Linear Trend,Point Anomalies,1,0,0,0,0,0,1,0,0,0,0,0,0,0,0,1
2020-08-11,6.05394811318552,0,0,1,0,0,0,0,0,1,0,0,0,1,0,0,0,0,0,22,"[0, 3, 12, 43, 93, 98, 110, 176, 207, 209, 210, 223, 250, 267, 302, 374, 425, 426, 444, 449, 471, 478]","[0, 3, 12, 43, 93, 98, 110, 176, 207, 209, 210, 223, 250, 267, 302, 374, 425, 426, 444, 449, 471, 478]",0,none,,,0,0,0,none,,0,none,,0,none,,none,1,Linear Trend,Point Anomalies,1,0,0,0,0,0,1,0,0,0,0,0,0,0,0,1
2020-08-12,0.19443075618049696,0,0,1,0,0,0,0,0,1,0,0,0,1,0,0,0,0,0,22,"[0, 3, 12, 43, 93, 98, 110, 176, 207, 209, 210, 223, 250, 267, 302, 374, 425, 426, 444, 449, 471, 478]","[0, 3, 12, 43, 93, 98, 110, 176, 207, 209, 210, 223, 250, 267, 302, 374, 425, 426, 444, 449, 471, 478]",0,none,,,0,0,0,none,,0,none,,0,none,,none,1,Linear Trend,Point Anomalies,1,0,0,0,0,0,1,0,0,0,0,0,0,0,0,1
2020-08-13,0.1808833839301855,0,0,1,0,0,0,0,0,1,0,0,0,1,0,0,0,0,0,22,"[0, 3, 12, 43, 93, 98, 110, 176, 207, 209, 210, 223, 250, 267, 302, 374, 425, 426, 444, 449, 471, 478]","[0, 3, 12, 43, 93, 98, 110, 176, 207, 209, 210, 223, 250, 267, 302, 374, 425, 426, 444, 449, 471, 478]",0,none,,,0,0,0,none,,0,none,,0,none,,none,1,Linear Trend,Point Anomalies,1,0,0,0,0,0,1,0,0,0,0,0,0,0,0,1
2020-08-14,0.1800333425356063,0,0,1,0,0,0,0,0,1,0,0,0,1,0,0,0,0,0,22,"[0, 3, 12, 43, 93, 98, 110, 176, 207, 209, 210, 223, 250, 267, 302, 374, 425, 426, 444, 449, 471, 478]","[0, 3, 12, 43, 93, 98, 110, 176, 207, 209, 210, 223, 250, 267, 302, 374, 425, 426, 444, 449, 471, 478]",0,none,,,0,0,0,none,,0,none,,0,none,,none,1,Linear Trend,Point Anomalies,1,0,0,0,0,0,1,0,0,0,0,0,0,0,0,1
2020-08-15,0.17965559176715362,0,0,1,0,0,0,0,0,1,0,0,0,1,0,0,0,0,0,22,"[0, 3, 12, 43, 93, 98, 110, 176, 207, 209, 210, 223, 250, 267, 302, 374, 425, 426, 444, 449, 471, 478]","[0, 3, 12, 43, 93, 98, 110, 176, 207, 209, 210, 223, 250, 267, 302, 374, 425, 426, 444, 449, 471, 478]",0,none,,,0,0,0,none,,0,none,,0,none,,none,1,Linear Trend,Point Anomalies,1,0,0,0,0,0,1,0,0,0,0,0,0,0,0,1
2020-08-16,0.1594093939342644,0,0,1,0,0,0,0,0,1,0,0,0,1,0,0,0,0,0,22,"[0, 3, 12, 43, 93, 98, 110, 176, 207, 209, 210, 223, 250, 267, 302, 374, 425, 426, 444, 449, 471, 478]","[0, 3, 12, 43, 93, 98, 110, 176, 207, 209, 210, 223, 250, 267, 302, 374, 425, 426, 444, 449, 471, 478]",0,none,,,0,0,0,none,,0,none,,0,none,,none,1,Linear Trend,Point Anomalies,1,0,0,0,0,0,1,0,0,0,0,0,0,0,0,1
2020-08-17,0.18857494249815068,0,0,1,0,0,0,0,0,1,0,0,0,1,0,0,0,0,0,22,"[0, 3, 12, 43, 93, 98, 110, 176, 207, 209, 210, 223, 250, 267, 302, 374, 425, 426, 444, 449, 471, 478]","[0, 3, 12, 43, 93, 98, 110, 176, 207, 209, 210, 223, 250, 267, 302, 374, 425, 426, 444, 449, 471, 478]",0,none,,,0,0,0,none,,0,none,,0,none,,none,1,Linear Trend,Point Anomalies,1,0,0,0,0,0,1,0,0,0,0,0,0,0,0,1
2020-08-18,0.17439992230501167,0,0,1,0,0,0,0,0,1,0,0,0,1,0,0,0,0,0,22,"[0, 3, 12, 43, 93, 98, 110, 176, 207, 209, 210, 223, 250, 267, 302, 374, 425, 426, 444, 449, 471, 478]","[0, 3, 12, 43, 93, 98, 110, 176, 207, 209, 210, 223, 250, 267, 302, 374, 425, 426, 444, 449, 471, 478]",0,none,,,0,0,0,none,,0,none,,0,none,,none,1,Linear Trend,Point Anomalies,1,0,0,0,0,0,1,0,0,0,0,0,0,0,0,1
2020-08-19,0.1308539033891227,0,0,1,0,0,0,0,0,1,0,0,0,1,0,0,0,0,0,22,"[0, 3, 12, 43, 93, 98, 110, 176, 207, 209, 210, 223, 250, 267, 302, 374, 425, 426, 444, 449, 471, 478]","[0, 3, 12, 43, 93, 98, 110, 176, 207, 209, 210, 223, 250, 267, 302, 374, 425, 426, 444, 449, 471, 478]",0,none,,,0,0,0,none,,0,none,,0,none,,none,1,Linear Trend,Point Anomalies,1,0,0,0,0,0,1,0,0,0,0,0,0,0,0,1
2020-08-20,0.1233991298232741,0,0,1,0,0,0,0,0,1,0,0,0,1,0,0,0,0,0,22,"[0, 3, 12, 43, 93, 98, 110, 176, 207, 209, 210, 223, 250, 267, 302, 374, 425, 426, 444, 449, 471, 478]","[0, 3, 12, 43, 93, 98, 110, 176, 207, 209, 210, 223, 250, 267, 302, 374, 425, 426, 444, 449, 471, 478]",0,none,,,0,0,0,none,,0,none,,0,none,,none,1,Linear Trend,Point Anomalies,1,0,0,0,0,0,1,0,0,0,0,0,0,0,0,1
2020-08-21,0.14602948540605268,0,0,1,0,0,0,0,0,1,0,0,0,1,0,0,0,0,0,22,"[0, 3, 12, 43, 93, 98, 110, 176, 207, 209, 210, 223, 250, 267, 302, 374, 425, 426, 444, 449, 471, 478]","[0, 3, 12, 43, 93, 98, 110, 176, 207, 209, 210, 223, 250, 267, 302, 374, 425, 426, 444, 449, 471, 478]",0,none,,,0,0,0,none,,0,none,,0,none,,none,1,Linear Trend,Point Anomalies,1,0,0,0,0,0,1,0,0,0,0,0,0,0,0,1
2020-08-22,0.1331300042654826,0,0,1,0,0,0,0,0,1,0,0,0,1,0,0,0,0,0,22,"[0, 3, 12, 43, 93, 98, 110, 176, 207, 209, 210, 223, 250, 267, 302, 374, 425, 426, 444, 449, 471, 478]","[0, 3, 12, 43, 93, 98, 110, 176, 207, 209, 210, 223, 250, 267, 302, 374, 425, 426, 444, 449, 471, 478]",0,none,,,0,0,0,none,,0,none,,0,none,,none,1,Linear Trend,Point Anomalies,1,0,0,0,0,0,1,0,0,0,0,0,0,0,0,1
2020-08-23,0.1311758276307815,0,0,1,0,0,0,0,0,1,0,0,0,1,0,0,0,0,0,22,"[0, 3, 12, 43, 93, 98, 110, 176, 207, 209, 210, 223, 250, 267, 302, 374, 425, 426, 444, 449, 471, 478]","[0, 3, 12, 43, 93, 98, 110, 176, 207, 209, 210, 223, 250, 267, 302, 374, 425, 426, 444, 449, 471, 478]",0,none,,,0,0,0,none,,0,none,,0,none,,none,1,Linear Trend,Point Anomalies,1,0,0,0,0,0,1,0,0,0,0,0,0,0,0,1
2020-08-24,0.11003787307636824,0,0,1,0,0,0,0,0,1,0,0,0,1,0,0,0,0,0,22,"[0, 3, 12, 43, 93, 98, 110, 176, 207, 209, 210, 223, 250, 267, 302, 374, 425, 426, 444, 449, 471, 478]","[0, 3, 12, 43, 93, 98, 110, 176, 207, 209, 210, 223, 250, 267, 302, 374, 425, 426, 444, 449, 471, 478]",0,none,,,0,0,0,none,,0,none,,0,none,,none,1,Linear Trend,Point Anomalies,1,0,0,0,0,0,1,0,0,0,0,0,0,0,0,1
2020-08-25,0.11123244708287429,0,0,1,0,0,0,0,0,1,0,0,0,1,0,0,0,0,0,22,"[0, 3, 12, 43, 93, 98, 110, 176, 207, 209, 210, 223, 250, 267, 302, 374, 425, 426, 444, 449, 471, 478]","[0, 3, 12, 43, 93, 98, 110, 176, 207, 209, 210, 223, 250, 267, 302, 374, 425, 426, 444, 449, 471, 478]",0,none,,,0,0,0,none,,0,none,,0,none,,none,1,Linear Trend,Point Anomalies,1,0,0,0,0,0,1,0,0,0,0,0,0,0,0,1
2020-08-26,0.10441950708278237,0,0,1,0,0,0,0,0,1,0,0,0,1,0,0,0,0,0,22,"[0, 3, 12, 43, 93, 98, 110, 176, 207, 209, 210, 223, 250, 267, 302, 374, 425, 426, 444, 449, 471, 478]","[0, 3, 12, 43, 93, 98, 110, 176, 207, 209, 210, 223, 250, 267, 302, 374, 425, 426, 444, 449, 471, 478]",0,none,,,0,0,0,none,,0,none,,0,none,,none,1,Linear Trend,Point Anomalies,1,0,0,0,0,0,1,0,0,0,0,0,0,0,0,1
2020-08-27,0.1293502127060923,0,0,1,0,0,0,0,0,1,0,0,0,1,0,0,0,0,0,22,"[0, 3, 12, 43, 93, 98, 110, 176, 207, 209, 210, 223, 250, 267, 302, 374, 425, 426, 444, 449, 471, 478]","[0, 3, 12, 43, 93, 98, 110, 176, 207, 209, 210, 223, 250, 267, 302, 374, 425, 426, 444, 449, 471, 478]",0,none,,,0,0,0,none,,0,none,,0,none,,none,1,Linear Trend,Point Anomalies,1,0,0,0,0,0,1,0,0,0,0,0,0,0,0,1
2020-08-28,0.08748608920698937,0,0,1,0,0,0,0,0,1,0,0,0,1,0,0,0,0,0,22,"[0, 3, 12, 43, 93, 98, 110, 176, 207, 209, 210, 223, 250, 267, 302, 374, 425, 426, 444, 449, 471, 478]","[0, 3, 12, 43, 93, 98, 110, 176, 207, 209, 210, 223, 250, 267, 302, 374, 425, 426, 444, 449, 471, 478]",0,none,,,0,0,0,none,,0,none,,0,none,,none,1,Linear Trend,Point Anomalies,1,0,0,0,0,0,1,0,0,0,0,0,0,0,0,1
2020-08-29,0.09923787207874225,0,0,1,0,0,0,0,0,1,0,0,0,1,0,0,0,0,0,22,"[0, 3, 12, 43, 93, 98, 110, 176, 207, 209, 210, 223, 250, 267, 302, 374, 425, 426, 444, 449, 471, 478]","[0, 3, 12, 43, 93, 98, 110, 176, 207, 209, 210, 223, 250, 267, 302, 374, 425, 426, 444, 449, 471, 478]",0,none,,,0,0,0,none,,0,none,,0,none,,none,1,Linear Trend,Point Anomalies,1,0,0,0,0,0,1,0,0,0,0,0,0,0,0,1
2020-08-30,0.06901513854204178,0,0,1,0,0,0,0,0,1,0,0,0,1,0,0,0,0,0,22,"[0, 3, 12, 43, 93, 98, 110, 176, 207, 209, 210, 223, 250, 267, 302, 374, 425, 426, 444, 449, 471, 478]","[0, 3, 12, 43, 93, 98, 110, 176, 207, 209, 210, 223, 250, 267, 302, 374, 425, 426, 444, 449, 471, 478]",0,none,,,0,0,0,none,,0,none,,0,none,,none,1,Linear Trend,Point Anomalies,1,0,0,0,0,0,1,0,0,0,0,0,0,0,0,1
2020-08-31,0.09125209879979981,0,0,1,0,0,0,0,0,1,0,0,0,1,0,0,0,0,0,22,"[0, 3, 12, 43, 93, 98, 110, 176, 207, 209, 210, 223, 250, 267, 302, 374, 425, 426, 444, 449, 471, 478]","[0, 3, 12, 43, 93, 98, 110, 176, 207, 209, 210, 223, 250, 267, 302, 374, 425, 426, 444, 449, 471, 478]",0,none,,,0,0,0,none,,0,none,,0,none,,none,1,Linear Trend,Point Anomalies,1,0,0,0,0,0,1,0,0,0,0,0,0,0,0,1
2020-09-01,0.06987931896254194,0,0,1,0,0,0,0,0,1,0,0,0,1,0,0,0,0,0,22,"[0, 3, 12, 43, 93, 98, 110, 176, 207, 209, 210, 223, 250, 267, 302, 374, 425, 426, 444, 449, 471, 478]","[0, 3, 12, 43, 93, 98, 110, 176, 207, 209, 210, 223, 250, 267, 302, 374, 425, 426, 444, 449, 471, 478]",0,none,,,0,0,0,none,,0,none,,0,none,,none,1,Linear Trend,Point Anomalies,1,0,0,0,0,0,1,0,0,0,0,0,0,0,0,1
2020-09-02,0.06091983722131312,0,0,1,0,0,0,0,0,1,0,0,0,1,0,0,0,0,0,22,"[0, 3, 12, 43, 93, 98, 110, 176, 207, 209, 210, 223, 250, 267, 302, 374, 425, 426, 444, 449, 471, 478]","[0, 3, 12, 43, 93, 98, 110, 176, 207, 209, 210, 223, 250, 267, 302, 374, 425, 426, 444, 449, 471, 478]",0,none,,,0,0,0,none,,0,none,,0,none,,none,1,Linear Trend,Point Anomalies,1,0,0,0,0,0,1,0,0,0,0,0,0,0,0,1
2020-09-03,0.05688225174978285,0,0,1,0,0,0,0,0,1,0,0,0,1,0,0,0,0,0,22,"[0, 3, 12, 43, 93, 98, 110, 176, 207, 209, 210, 223, 250, 267, 302, 374, 425, 426, 444, 449, 471, 478]","[0, 3, 12, 43, 93, 98, 110, 176, 207, 209, 210, 223, 250, 267, 302, 374, 425, 426, 444, 449, 471, 478]",0,none,,,0,0,0,none,,0,none,,0,none,,none,1,Linear Trend,Point Anomalies,1,0,0,0,0,0,1,0,0,0,0,0,0,0,0,1
2020-09-04,0.050063437498749655,0,0,1,0,0,0,0,0,1,0,0,0,1,0,0,0,0,0,22,"[0, 3, 12, 43, 93, 98, 110, 176, 207, 209, 210, 223, 250, 267, 302, 374, 425, 426, 444, 449, 471, 478]","[0, 3, 12, 43, 93, 98, 110, 176, 207, 209, 210, 223, 250, 267, 302, 374, 425, 426, 444, 449, 471, 478]",0,none,,,0,0,0,none,,0,none,,0,none,,none,1,Linear Trend,Point Anomalies,1,0,0,0,0,0,1,0,0,0,0,0,0,0,0,1
2020-09-05,0.045818153665786815,0,0,1,0,0,0,0,0,1,0,0,0,1,0,0,0,0,0,22,"[0, 3, 12, 43, 93, 98, 110, 176, 207, 209, 210, 223, 250, 267, 302, 374, 425, 426, 444, 449, 471, 478]","[0, 3, 12, 43, 93, 98, 110, 176, 207, 209, 210, 223, 250, 267, 302, 374, 425, 426, 444, 449, 471, 478]",0,none,,,0,0,0,none,,0,none,,0,none,,none,1,Linear Trend,Point Anomalies,1,0,0,0,0,0,1,0,0,0,0,0,0,0,0,1
2020-09-06,0.0620435275556719,0,0,1,0,0,0,0,0,1,0,0,0,1,0,0,0,0,0,22,"[0, 3, 12, 43, 93, 98, 110, 176, 207, 209, 210, 223, 250, 267, 302, 374, 425, 426, 444, 449, 471, 478]","[0, 3, 12, 43, 93, 98, 110, 176, 207, 209, 210, 223, 250, 267, 302, 374, 425, 426, 444, 449, 471, 478]",0,none,,,0,0,0,none,,0,none,,0,none,,none,1,Linear Trend,Point Anomalies,1,0,0,0,0,0,1,0,0,0,0,0,0,0,0,1
2020-09-07,5.842073511454908,0,0,1,0,0,0,0,0,1,0,0,0,1,0,0,0,0,0,22,"[0, 3, 12, 43, 93, 98, 110, 176, 207, 209, 210, 223, 250, 267, 302, 374, 425, 426, 444, 449, 471, 478]","[0, 3, 12, 43, 93, 98, 110, 176, 207, 209, 210, 223, 250, 267, 302, 374, 425, 426, 444, 449, 471, 478]",0,none,,,0,0,0,none,,0,none,,0,none,,none,1,Linear Trend,Point Anomalies,1,0,0,0,0,0,1,0,0,0,0,0,0,0,0,1
2020-09-08,0.010177389612353047,0,0,1,0,0,0,0,0,1,0,0,0,1,0,0,0,0,0,22,"[0, 3, 12, 43, 93, 98, 110, 176, 207, 209, 210, 223, 250, 267, 302, 374, 425, 426, 444, 449, 471, 478]","[0, 3, 12, 43, 93, 98, 110, 176, 207, 209, 210, 223, 250, 267, 302, 374, 425, 426, 444, 449, 471, 478]",0,none,,,0,0,0,none,,0,none,,0,none,,none,1,Linear Trend,Point Anomalies,1,0,0,0,0,0,1,0,0,0,0,0,0,0,0,1
2020-09-09,-0.011543789977757062,0,0,1,0,0,0,0,0,1,0,0,0,1,0,0,0,0,0,22,"[0, 3, 12, 43, 93, 98, 110, 176, 207, 209, 210, 223, 250, 267, 302, 374, 425, 426, 444, 449, 471, 478]","[0, 3, 12, 43, 93, 98, 110, 176, 207, 209, 210, 223, 250, 267, 302, 374, 425, 426, 444, 449, 471, 478]",0,none,,,0,0,0,none,,0,none,,0,none,,none,1,Linear Trend,Point Anomalies,1,0,0,0,0,0,1,0,0,0,0,0,0,0,0,1
2020-09-10,0.02175974037146003,0,0,1,0,0,0,0,0,1,0,0,0,1,0,0,0,0,0,22,"[0, 3, 12, 43, 93, 98, 110, 176, 207, 209, 210, 223, 250, 267, 302, 374, 425, 426, 444, 449, 471, 478]","[0, 3, 12, 43, 93, 98, 110, 176, 207, 209, 210, 223, 250, 267, 302, 374, 425, 426, 444, 449, 471, 478]",0,none,,,0,0,0,none,,0,none,,0,none,,none,1,Linear Trend,Point Anomalies,1,0,0,0,0,0,1,0,0,0,0,0,0,0,0,1
2020-09-11,0.006166416749030529,0,0,1,0,0,0,0,0,1,0,0,0,1,0,0,0,0,0,22,"[0, 3, 12, 43, 93, 98, 110, 176, 207, 209, 210, 223, 250, 267, 302, 374, 425, 426, 444, 449, 471, 478]","[0, 3, 12, 43, 93, 98, 110, 176, 207, 209, 210, 223, 250, 267, 302, 374, 425, 426, 444, 449, 471, 478]",0,none,,,0,0,0,none,,0,none,,0,none,,none,1,Linear Trend,Point Anomalies,1,0,0,0,0,0,1,0,0,0,0,0,0,0,0,1
2020-09-12,0.013837225495369896,0,0,1,0,0,0,0,0,1,0,0,0,1,0,0,0,0,0,22,"[0, 3, 12, 43, 93, 98, 110, 176, 207, 209, 210, 223, 250, 267, 302, 374, 425, 426, 444, 449, 471, 478]","[0, 3, 12, 43, 93, 98, 110, 176, 207, 209, 210, 223, 250, 267, 302, 374, 425, 426, 444, 449, 471, 478]",0,none,,,0,0,0,none,,0,none,,0,none,,none,1,Linear Trend,Point Anomalies,1,0,0,0,0,0,1,0,0,0,0,0,0,0,0,1
2020-09-13,0.012815634772268526,0,0,1,0,0,0,0,0,1,0,0,0,1,0,0,0,0,0,22,"[0, 3, 12, 43, 93, 98, 110, 176, 207, 209, 210, 223, 250, 267, 302, 374, 425, 426, 444, 449, 471, 478]","[0, 3, 12, 43, 93, 98, 110, 176, 207, 209, 210, 223, 250, 267, 302, 374, 425, 426, 444, 449, 471, 478]",0,none,,,0,0,0,none,,0,none,,0,none,,none,1,Linear Trend,Point Anomalies,1,0,0,0,0,0,1,0,0,0,0,0,0,0,0,1
2020-09-14,-0.04214961610579966,0,0,1,0,0,0,0,0,1,0,0,0,1,0,0,0,0,0,22,"[0, 3, 12, 43, 93, 98, 110, 176, 207, 209, 210, 223, 250, 267, 302, 374, 425, 426, 444, 449, 471, 478]","[0, 3, 12, 43, 93, 98, 110, 176, 207, 209, 210, 223, 250, 267, 302, 374, 425, 426, 444, 449, 471, 478]",0,none,,,0,0,0,none,,0,none,,0,none,,none,1,Linear Trend,Point Anomalies,1,0,0,0,0,0,1,0,0,0,0,0,0,0,0,1
2020-09-15,-0.024463836370357313,0,0,1,0,0,0,0,0,1,0,0,0,1,0,0,0,0,0,22,"[0, 3, 12, 43, 93, 98, 110, 176, 207, 209, 210, 223, 250, 267, 302, 374, 425, 426, 444, 449, 471, 478]","[0, 3, 12, 43, 93, 98, 110, 176, 207, 209, 210, 223, 250, 267, 302, 374, 425, 426, 444, 449, 471, 478]",0,none,,,0,0,0,none,,0,none,,0,none,,none,1,Linear Trend,Point Anomalies,1,0,0,0,0,0,1,0,0,0,0,0,0,0,0,1
2020-09-16,-0.048541075942502,0,0,1,0,0,0,0,0,1,0,0,0,1,0,0,0,0,0,22,"[0, 3, 12, 43, 93, 98, 110, 176, 207, 209, 210, 223, 250, 267, 302, 374, 425, 426, 444, 449, 471, 478]","[0, 3, 12, 43, 93, 98, 110, 176, 207, 209, 210, 223, 250, 267, 302, 374, 425, 426, 444, 449, 471, 478]",0,none,,,0,0,0,none,,0,none,,0,none,,none,1,Linear Trend,Point Anomalies,1,0,0,0,0,0,1,0,0,0,0,0,0,0,0,1
2020-09-17,-0.03975771633073789,0,0,1,0,0,0,0,0,1,0,0,0,1,0,0,0,0,0,22,"[0, 3, 12, 43, 93, 98, 110, 176, 207, 209, 210, 223, 250, 267, 302, 374, 425, 426, 444, 449, 471, 478]","[0, 3, 12, 43, 93, 98, 110, 176, 207, 209, 210, 223, 250, 267, 302, 374, 425, 426, 444, 449, 471, 478]",0,none,,,0,0,0,none,,0,none,,0,none,,none,1,Linear Trend,Point Anomalies,1,0,0,0,0,0,1,0,0,0,0,0,0,0,0,1
2020-09-18,-0.04865608804908716,0,0,1,0,0,0,0,0,1,0,0,0,1,0,0,0,0,0,22,"[0, 3, 12, 43, 93, 98, 110, 176, 207, 209, 210, 223, 250, 267, 302, 374, 425, 426, 444, 449, 471, 478]","[0, 3, 12, 43, 93, 98, 110, 176, 207, 209, 210, 223, 250, 267, 302, 374, 425, 426, 444, 449, 471, 478]",0,none,,,0,0,0,none,,0,none,,0,none,,none,1,Linear Trend,Point Anomalies,1,0,0,0,0,0,1,0,0,0,0,0,0,0,0,1
2020-09-19,-0.03404997429561853,0,0,1,0,0,0,0,0,1,0,0,0,1,0,0,0,0,0,22,"[0, 3, 12, 43, 93, 98, 110, 176, 207, 209, 210, 223, 250, 267, 302, 374, 425, 426, 444, 449, 471, 478]","[0, 3, 12, 43, 93, 98, 110, 176, 207, 209, 210, 223, 250, 267, 302, 374, 425, 426, 444, 449, 471, 478]",0,none,,,0,0,0,none,,0,none,,0,none,,none,1,Linear Trend,Point Anomalies,1,0,0,0,0,0,1,0,0,0,0,0,0,0,0,1
2020-09-20,-0.057738514959249164,0,0,1,0,0,0,0,0,1,0,0,0,1,0,0,0,0,0,22,"[0, 3, 12, 43, 93, 98, 110, 176, 207, 209, 210, 223, 250, 267, 302, 374, 425, 426, 444, 449, 471, 478]","[0, 3, 12, 43, 93, 98, 110, 176, 207, 209, 210, 223, 250, 267, 302, 374, 425, 426, 444, 449, 471, 478]",0,none,,,0,0,0,none,,0,none,,0,none,,none,1,Linear Trend,Point Anomalies,1,0,0,0,0,0,1,0,0,0,0,0,0,0,0,1
2020-09-21,-0.05307676774428856,0,0,1,0,0,0,0,0,1,0,0,0,1,0,0,0,0,0,22,"[0, 3, 12, 43, 93, 98, 110, 176, 207, 209, 210, 223, 250, 267, 302, 374, 425, 426, 444, 449, 471, 478]","[0, 3, 12, 43, 93, 98, 110, 176, 207, 209, 210, 223, 250, 267, 302, 374, 425, 426, 444, 449, 471, 478]",0,none,,,0,0,0,none,,0,none,,0,none,,none,1,Linear Trend,Point Anomalies,1,0,0,0,0,0,1,0,0,0,0,0,0,0,0,1
2020-09-22,-0.08149472858051118,0,0,1,0,0,0,0,0,1,0,0,0,1,0,0,0,0,0,22,"[0, 3, 12, 43, 93, 98, 110, 176, 207, 209, 210, 223, 250, 267, 302, 374, 425, 426, 444, 449, 471, 478]","[0, 3, 12, 43, 93, 98, 110, 176, 207, 209, 210, 223, 250, 267, 302, 374, 425, 426, 444, 449, 471, 478]",0,none,,,0,0,0,none,,0,none,,0,none,,none,1,Linear Trend,Point Anomalies,1,0,0,0,0,0,1,0,0,0,0,0,0,0,0,1
2020-09-23,-0.06804388736114869,0,0,1,0,0,0,0,0,1,0,0,0,1,0,0,0,0,0,22,"[0, 3, 12, 43, 93, 98, 110, 176, 207, 209, 210, 223, 250, 267, 302, 374, 425, 426, 444, 449, 471, 478]","[0, 3, 12, 43, 93, 98, 110, 176, 207, 209, 210, 223, 250, 267, 302, 374, 425, 426, 444, 449, 471, 478]",0,none,,,0,0,0,none,,0,none,,0,none,,none,1,Linear Trend,Point Anomalies,1,0,0,0,0,0,1,0,0,0,0,0,0,0,0,1
2020-09-24,-5.9351180236554955,0,0,1,0,0,0,0,0,1,0,0,0,1,0,0,0,0,0,22,"[0, 3, 12, 43, 93, 98, 110, 176, 207, 209, 210, 223, 250, 267, 302, 374, 425, 426, 444, 449, 471, 478]","[0, 3, 12, 43, 93, 98, 110, 176, 207, 209, 210, 223, 250, 267, 302, 374, 425, 426, 444, 449, 471, 478]",0,none,,,0,0,0,none,,0,none,,0,none,,none,1,Linear Trend,Point Anomalies,1,0,0,0,0,0,1,0,0,0,0,0,0,0,0,1
2020-09-25,-0.08375131537183923,0,0,1,0,0,0,0,0,1,0,0,0,1,0,0,0,0,0,22,"[0, 3, 12, 43, 93, 98, 110, 176, 207, 209, 210, 223, 250, 267, 302, 374, 425, 426, 444, 449, 471, 478]","[0, 3, 12, 43, 93, 98, 110, 176, 207, 209, 210, 223, 250, 267, 302, 374, 425, 426, 444, 449, 471, 478]",0,none,,,0,0,0,none,,0,none,,0,none,,none,1,Linear Trend,Point Anomalies,1,0,0,0,0,0,1,0,0,0,0,0,0,0,0,1
2020-09-26,-0.11918410358316571,0,0,1,0,0,0,0,0,1,0,0,0,1,0,0,0,0,0,22,"[0, 3, 12, 43, 93, 98, 110, 176, 207, 209, 210, 223, 250, 267, 302, 374, 425, 426, 444, 449, 471, 478]","[0, 3, 12, 43, 93, 98, 110, 176, 207, 209, 210, 223, 250, 267, 302, 374, 425, 426, 444, 449, 471, 478]",0,none,,,0,0,0,none,,0,none,,0,none,,none,1,Linear Trend,Point Anomalies,1,0,0,0,0,0,1,0,0,0,0,0,0,0,0,1
2020-09-27,-0.09612278520258223,0,0,1,0,0,0,0,0,1,0,0,0,1,0,0,0,0,0,22,"[0, 3, 12, 43, 93, 98, 110, 176, 207, 209, 210, 223, 250, 267, 302, 374, 425, 426, 444, 449, 471, 478]","[0, 3, 12, 43, 93, 98, 110, 176, 207, 209, 210, 223, 250, 267, 302, 374, 425, 426, 444, 449, 471, 478]",0,none,,,0,0,0,none,,0,none,,0,none,,none,1,Linear Trend,Point Anomalies,1,0,0,0,0,0,1,0,0,0,0,0,0,0,0,1
2020-09-28,-0.11952169637544621,0,0,1,0,0,0,0,0,1,0,0,0,1,0,0,0,0,0,22,"[0, 3, 12, 43, 93, 98, 110, 176, 207, 209, 210, 223, 250, 267, 302, 374, 425, 426, 444, 449, 471, 478]","[0, 3, 12, 43, 93, 98, 110, 176, 207, 209, 210, 223, 250, 267, 302, 374, 425, 426, 444, 449, 471, 478]",0,none,,,0,0,0,none,,0,none,,0,none,,none,1,Linear Trend,Point Anomalies,1,0,0,0,0,0,1,0,0,0,0,0,0,0,0,1
2020-09-29,-0.11350022823177619,0,0,1,0,0,0,0,0,1,0,0,0,1,0,0,0,0,0,22,"[0, 3, 12, 43, 93, 98, 110, 176, 207, 209, 210, 223, 250, 267, 302, 374, 425, 426, 444, 449, 471, 478]","[0, 3, 12, 43, 93, 98, 110, 176, 207, 209, 210, 223, 250, 267, 302, 374, 425, 426, 444, 449, 471, 478]",0,none,,,0,0,0,none,,0,none,,0,none,,none,1,Linear Trend,Point Anomalies,1,0,0,0,0,0,1,0,0,0,0,0,0,0,0,1
2020-09-30,-0.1388717523513031,0,0,1,0,0,0,0,0,1,0,0,0,1,0,0,0,0,0,22,"[0, 3, 12, 43, 93, 98, 110, 176, 207, 209, 210, 223, 250, 267, 302, 374, 425, 426, 444, 449, 471, 478]","[0, 3, 12, 43, 93, 98, 110, 176, 207, 209, 210, 223, 250, 267, 302, 374, 425, 426, 444, 449, 471, 478]",0,none,,,0,0,0,none,,0,none,,0,none,,none,1,Linear Trend,Point Anomalies,1,0,0,0,0,0,1,0,0,0,0,0,0,0,0,1
2020-10-01,-0.13176598112589186,0,0,1,0,0,0,0,0,1,0,0,0,1,0,0,0,0,0,22,"[0, 3, 12, 43, 93, 98, 110, 176, 207, 209, 210, 223, 250, 267, 302, 374, 425, 426, 444, 449, 471, 478]","[0, 3, 12, 43, 93, 98, 110, 176, 207, 209, 210, 223, 250, 267, 302, 374, 425, 426, 444, 449, 471, 478]",0,none,,,0,0,0,none,,0,none,,0,none,,none,1,Linear Trend,Point Anomalies,1,0,0,0,0,0,1,0,0,0,0,0,0,0,0,1
2020-10-02,-0.16318596692037335,0,0,1,0,0,0,0,0,1,0,0,0,1,0,0,0,0,0,22,"[0, 3, 12, 43, 93, 98, 110, 176, 207, 209, 210, 223, 250, 267, 302, 374, 425, 426, 444, 449, 471, 478]","[0, 3, 12, 43, 93, 98, 110, 176, 207, 209, 210, 223, 250, 267, 302, 374, 425, 426, 444, 449, 471, 478]",0,none,,,0,0,0,none,,0,none,,0,none,,none,1,Linear Trend,Point Anomalies,1,0,0,0,0,0,1,0,0,0,0,0,0,0,0,1
2020-10-03,-0.1519582418294655,0,0,1,0,0,0,0,0,1,0,0,0,1,0,0,0,0,0,22,"[0, 3, 12, 43, 93, 98, 110, 176, 207, 209, 210, 223, 250, 267, 302, 374, 425, 426, 444, 449, 471, 478]","[0, 3, 12, 43, 93, 98, 110, 176, 207, 209, 210, 223, 250, 267, 302, 374, 425, 426, 444, 449, 471, 478]",0,none,,,0,0,0,none,,0,none,,0,none,,none,1,Linear Trend,Point Anomalies,1,0,0,0,0,0,1,0,0,0,0,0,0,0,0,1
2020-10-04,-0.16264193383119624,0,0,1,0,0,0,0,0,1,0,0,0,1,0,0,0,0,0,22,"[0, 3, 12, 43, 93, 98, 110, 176, 207, 209, 210, 223, 250, 267, 302, 374, 425, 426, 444, 449, 471, 478]","[0, 3, 12, 43, 93, 98, 110, 176, 207, 209, 210, 223, 250, 267, 302, 374, 425, 426, 444, 449, 471, 478]",0,none,,,0,0,0,none,,0,none,,0,none,,none,1,Linear Trend,Point Anomalies,1,0,0,0,0,0,1,0,0,0,0,0,0,0,0,1
2020-10-05,-0.15780822105965203,0,0,1,0,0,0,0,0,1,0,0,0,1,0,0,0,0,0,22,"[0, 3, 12, 43, 93, 98, 110, 176, 207, 209, 210, 223, 250, 267, 302, 374, 425, 426, 444, 449, 471, 478]","[0, 3, 12, 43, 93, 98, 110, 176, 207, 209, 210, 223, 250, 267, 302, 374, 425, 426, 444, 449, 471, 478]",0,none,,,0,0,0,none,,0,none,,0,none,,none,1,Linear Trend,Point Anomalies,1,0,0,0,0,0,1,0,0,0,0,0,0,0,0,1
2020-10-06,-0.16921604978358618,0,0,1,0,0,0,0,0,1,0,0,0,1,0,0,0,0,0,22,"[0, 3, 12, 43, 93, 98, 110, 176, 207, 209, 210, 223, 250, 267, 302, 374, 425, 426, 444, 449, 471, 478]","[0, 3, 12, 43, 93, 98, 110, 176, 207, 209, 210, 223, 250, 267, 302, 374, 425, 426, 444, 449, 471, 478]",0,none,,,0,0,0,none,,0,none,,0,none,,none,1,Linear Trend,Point Anomalies,1,0,0,0,0,0,1,0,0,0,0,0,0,0,0,1
2020-10-07,-0.16358867937789762,0,0,1,0,0,0,0,0,1,0,0,0,1,0,0,0,0,0,22,"[0, 3, 12, 43, 93, 98, 110, 176, 207, 209, 210, 223, 250, 267, 302, 374, 425, 426, 444, 449, 471, 478]","[0, 3, 12, 43, 93, 98, 110, 176, 207, 209, 210, 223, 250, 267, 302, 374, 425, 426, 444, 449, 471, 478]",0,none,,,0,0,0,none,,0,none,,0,none,,none,1,Linear Trend,Point Anomalies,1,0,0,0,0,0,1,0,0,0,0,0,0,0,0,1
2020-10-08,-0.19027574706884554,0,0,1,0,0,0,0,0,1,0,0,0,1,0,0,0,0,0,22,"[0, 3, 12, 43, 93, 98, 110, 176, 207, 209, 210, 223, 250, 267, 302, 374, 425, 426, 444, 449, 471, 478]","[0, 3, 12, 43, 93, 98, 110, 176, 207, 209, 210, 223, 250, 267, 302, 374, 425, 426, 444, 449, 471, 478]",0,none,,,0,0,0,none,,0,none,,0,none,,none,1,Linear Trend,Point Anomalies,1,0,0,0,0,0,1,0,0,0,0,0,0,0,0,1
2020-10-09,-0.17650239854915784,0,0,1,0,0,0,0,0,1,0,0,0,1,0,0,0,0,0,22,"[0, 3, 12, 43, 93, 98, 110, 176, 207, 209, 210, 223, 250, 267, 302, 374, 425, 426, 444, 449, 471, 478]","[0, 3, 12, 43, 93, 98, 110, 176, 207, 209, 210, 223, 250, 267, 302, 374, 425, 426, 444, 449, 471, 478]",0,none,,,0,0,0,none,,0,none,,0,none,,none,1,Linear Trend,Point Anomalies,1,0,0,0,0,0,1,0,0,0,0,0,0,0,0,1
2020-10-10,-0.1963156430227529,0,0,1,0,0,0,0,0,1,0,0,0,1,0,0,0,0,0,22,"[0, 3, 12, 43, 93, 98, 110, 176, 207, 209, 210, 223, 250, 267, 302, 374, 425, 426, 444, 449, 471, 478]","[0, 3, 12, 43, 93, 98, 110, 176, 207, 209, 210, 223, 250, 267, 302, 374, 425, 426, 444, 449, 471, 478]",0,none,,,0,0,0,none,,0,none,,0,none,,none,1,Linear Trend,Point Anomalies,1,0,0,0,0,0,1,0,0,0,0,0,0,0,0,1
2020-10-11,-0.19560686547227915,0,0,1,0,0,0,0,0,1,0,0,0,1,0,0,0,0,0,22,"[0, 3, 12, 43, 93, 98, 110, 176, 207, 209, 210, 223, 250, 267, 302, 374, 425, 426, 444, 449, 471, 478]","[0, 3, 12, 43, 93, 98, 110, 176, 207, 209, 210, 223, 250, 267, 302, 374, 425, 426, 444, 449, 471, 478]",0,none,,,0,0,0,none,,0,none,,0,none,,none,1,Linear Trend,Point Anomalies,1,0,0,0,0,0,1,0,0,0,0,0,0,0,0,1
2020-10-12,-0.20819005001812715,0,0,1,0,0,0,0,0,1,0,0,0,1,0,0,0,0,0,22,"[0, 3, 12, 43, 93, 98, 110, 176, 207, 209, 210, 223, 250, 267, 302, 374, 425, 426, 444, 449, 471, 478]","[0, 3, 12, 43, 93, 98, 110, 176, 207, 209, 210, 223, 250, 267, 302, 374, 425, 426, 444, 449, 471, 478]",0,none,,,0,0,0,none,,0,none,,0,none,,none,1,Linear Trend,Point Anomalies,1,0,0,0,0,0,1,0,0,0,0,0,0,0,0,1
2020-10-13,-0.21061784254643434,0,0,1,0,0,0,0,0,1,0,0,0,1,0,0,0,0,0,22,"[0, 3, 12, 43, 93, 98, 110, 176, 207, 209, 210, 223, 250, 267, 302, 374, 425, 426, 444, 449, 471, 478]","[0, 3, 12, 43, 93, 98, 110, 176, 207, 209, 210, 223, 250, 267, 302, 374, 425, 426, 444, 449, 471, 478]",0,none,,,0,0,0,none,,0,none,,0,none,,none,1,Linear Trend,Point Anomalies,1,0,0,0,0,0,1,0,0,0,0,0,0,0,0,1
2020-10-14,-0.21319406106349698,0,0,1,0,0,0,0,0,1,0,0,0,1,0,0,0,0,0,22,"[0, 3, 12, 43, 93, 98, 110, 176, 207, 209, 210, 223, 250, 267, 302, 374, 425, 426, 444, 449, 471, 478]","[0, 3, 12, 43, 93, 98, 110, 176, 207, 209, 210, 223, 250, 267, 302, 374, 425, 426, 444, 449, 471, 478]",0,none,,,0,0,0,none,,0,none,,0,none,,none,1,Linear Trend,Point Anomalies,1,0,0,0,0,0,1,0,0,0,0,0,0,0,0,1
2020-10-15,-0.23113006407775305,0,0,1,0,0,0,0,0,1,0,0,0,1,0,0,0,0,0,22,"[0, 3, 12, 43, 93, 98, 110, 176, 207, 209, 210, 223, 250, 267, 302, 374, 425, 426, 444, 449, 471, 478]","[0, 3, 12, 43, 93, 98, 110, 176, 207, 209, 210, 223, 250, 267, 302, 374, 425, 426, 444, 449, 471, 478]",0,none,,,0,0,0,none,,0,none,,0,none,,none,1,Linear Trend,Point Anomalies,1,0,0,0,0,0,1,0,0,0,0,0,0,0,0,1
2020-10-16,-0.2338793428172683,0,0,1,0,0,0,0,0,1,0,0,0,1,0,0,0,0,0,22,"[0, 3, 12, 43, 93, 98, 110, 176, 207, 209, 210, 223, 250, 267, 302, 374, 425, 426, 444, 449, 471, 478]","[0, 3, 12, 43, 93, 98, 110, 176, 207, 209, 210, 223, 250, 267, 302, 374, 425, 426, 444, 449, 471, 478]",0,none,,,0,0,0,none,,0,none,,0,none,,none,1,Linear Trend,Point Anomalies,1,0,0,0,0,0,1,0,0,0,0,0,0,0,0,1
2020-10-17,-0.22169046915631083,0,0,1,0,0,0,0,0,1,0,0,0,1,0,0,0,0,0,22,"[0, 3, 12, 43, 93, 98, 110, 176, 207, 209, 210, 223, 250, 267, 302, 374, 425, 426, 444, 449, 471, 478]","[0, 3, 12, 43, 93, 98, 110, 176, 207, 209, 210, 223, 250, 267, 302, 374, 425, 426, 444, 449, 471, 478]",0,none,,,0,0,0,none,,0,none,,0,none,,none,1,Linear Trend,Point Anomalies,1,0,0,0,0,0,1,0,0,0,0,0,0,0,0,1
2020-10-18,-0.222721157444397,0,0,1,0,0,0,0,0,1,0,0,0,1,0,0,0,0,0,22,"[0, 3, 12, 43, 93, 98, 110, 176, 207, 209, 210, 223, 250, 267, 302, 374, 425, 426, 444, 449, 471, 478]","[0, 3, 12, 43, 93, 98, 110, 176, 207, 209, 210, 223, 250, 267, 302, 374, 425, 426, 444, 449, 471, 478]",0,none,,,0,0,0,none,,0,none,,0,none,,none,1,Linear Trend,Point Anomalies,1,0,0,0,0,0,1,0,0,0,0,0,0,0,0,1
2020-10-19,-0.22450651810718172,0,0,1,0,0,0,0,0,1,0,0,0,1,0,0,0,0,0,22,"[0, 3, 12, 43, 93, 98, 110, 176, 207, 209, 210, 223, 250, 267, 302, 374, 425, 426, 444, 449, 471, 478]","[0, 3, 12, 43, 93, 98, 110, 176, 207, 209, 210, 223, 250, 267, 302, 374, 425, 426, 444, 449, 471, 478]",0,none,,,0,0,0,none,,0,none,,0,none,,none,1,Linear Trend,Point Anomalies,1,0,0,0,0,0,1,0,0,0,0,0,0,0,0,1
2020-10-20,-0.27845210555249794,0,0,1,0,0,0,0,0,1,0,0,0,1,0,0,0,0,0,22,"[0, 3, 12, 43, 93, 98, 110, 176, 207, 209, 210, 223, 250, 267, 302, 374, 425, 426, 444, 449, 471, 478]","[0, 3, 12, 43, 93, 98, 110, 176, 207, 209, 210, 223, 250, 267, 302, 374, 425, 426, 444, 449, 471, 478]",0,none,,,0,0,0,none,,0,none,,0,none,,none,1,Linear Trend,Point Anomalies,1,0,0,0,0,0,1,0,0,0,0,0,0,0,0,1
2020-10-21,-0.2723135910918522,0,0,1,0,0,0,0,0,1,0,0,0,1,0,0,0,0,0,22,"[0, 3, 12, 43, 93, 98, 110, 176, 207, 209, 210, 223, 250, 267, 302, 374, 425, 426, 444, 449, 471, 478]","[0, 3, 12, 43, 93, 98, 110, 176, 207, 209, 210, 223, 250, 267, 302, 374, 425, 426, 444, 449, 471, 478]",0,none,,,0,0,0,none,,0,none,,0,none,,none,1,Linear Trend,Point Anomalies,1,0,0,0,0,0,1,0,0,0,0,0,0,0,0,1
2020-10-22,-0.2838177551978488,0,0,1,0,0,0,0,0,1,0,0,0,1,0,0,0,0,0,22,"[0, 3, 12, 43, 93, 98, 110, 176, 207, 209, 210, 223, 250, 267, 302, 374, 425, 426, 444, 449, 471, 478]","[0, 3, 12, 43, 93, 98, 110, 176, 207, 209, 210, 223, 250, 267, 302, 374, 425, 426, 444, 449, 471, 478]",0,none,,,0,0,0,none,,0,none,,0,none,,none,1,Linear Trend,Point Anomalies,1,0,0,0,0,0,1,0,0,0,0,0,0,0,0,1
2020-10-23,-0.2692679691476729,0,0,1,0,0,0,0,0,1,0,0,0,1,0,0,0,0,0,22,"[0, 3, 12, 43, 93, 98, 110, 176, 207, 209, 210, 223, 250, 267, 302, 374, 425, 426, 444, 449, 471, 478]","[0, 3, 12, 43, 93, 98, 110, 176, 207, 209, 210, 223, 250, 267, 302, 374, 425, 426, 444, 449, 471, 478]",0,none,,,0,0,0,none,,0,none,,0,none,,none,1,Linear Trend,Point Anomalies,1,0,0,0,0,0,1,0,0,0,0,0,0,0,0,1
2020-10-24,-0.30228324326973516,0,0,1,0,0,0,0,0,1,0,0,0,1,0,0,0,0,0,22,"[0, 3, 12, 43, 93, 98, 110, 176, 207, 209, 210, 223, 250, 267, 302, 374, 425, 426, 444, 449, 471, 478]","[0, 3, 12, 43, 93, 98, 110, 176, 207, 209, 210, 223, 250, 267, 302, 374, 425, 426, 444, 449, 471, 478]",0,none,,,0,0,0,none,,0,none,,0,none,,none,1,Linear Trend,Point Anomalies,1,0,0,0,0,0,1,0,0,0,0,0,0,0,0,1
2020-10-25,-0.2931140646536011,0,0,1,0,0,0,0,0,1,0,0,0,1,0,0,0,0,0,22,"[0, 3, 12, 43, 93, 98, 110, 176, 207, 209, 210, 223, 250, 267, 302, 374, 425, 426, 444, 449, 471, 478]","[0, 3, 12, 43, 93, 98, 110, 176, 207, 209, 210, 223, 250, 267, 302, 374, 425, 426, 444, 449, 471, 478]",0,none,,,0,0,0,none,,0,none,,0,none,,none,1,Linear Trend,Point Anomalies,1,0,0,0,0,0,1,0,0,0,0,0,0,0,0,1
2020-10-26,-0.28104298152196644,0,0,1,0,0,0,0,0,1,0,0,0,1,0,0,0,0,0,22,"[0, 3, 12, 43, 93, 98, 110, 176, 207, 209, 210, 223, 250, 267, 302, 374, 425, 426, 444, 449, 471, 478]","[0, 3, 12, 43, 93, 98, 110, 176, 207, 209, 210, 223, 250, 267, 302, 374, 425, 426, 444, 449, 471, 478]",0,none,,,0,0,0,none,,0,none,,0,none,,none,1,Linear Trend,Point Anomalies,1,0,0,0,0,0,1,0,0,0,0,0,0,0,0,1
2020-10-27,-0.2942591358172838,0,0,1,0,0,0,0,0,1,0,0,0,1,0,0,0,0,0,22,"[0, 3, 12, 43, 93, 98, 110, 176, 207, 209, 210, 223, 250, 267, 302, 374, 425, 426, 444, 449, 471, 478]","[0, 3, 12, 43, 93, 98, 110, 176, 207, 209, 210, 223, 250, 267, 302, 374, 425, 426, 444, 449, 471, 478]",0,none,,,0,0,0,none,,0,none,,0,none,,none,1,Linear Trend,Point Anomalies,1,0,0,0,0,0,1,0,0,0,0,0,0,0,0,1
2020-10-28,-0.33931219889579317,0,0,1,0,0,0,0,0,1,0,0,0,1,0,0,0,0,0,22,"[0, 3, 12, 43, 93, 98, 110, 176, 207, 209, 210, 223, 250, 267, 302, 374, 425, 426, 444, 449, 471, 478]","[0, 3, 12, 43, 93, 98, 110, 176, 207, 209, 210, 223, 250, 267, 302, 374, 425, 426, 444, 449, 471, 478]",0,none,,,0,0,0,none,,0,none,,0,none,,none,1,Linear Trend,Point Anomalies,1,0,0,0,0,0,1,0,0,0,0,0,0,0,0,1
2020-10-29,-6.103465961795486,0,0,1,0,0,0,0,0,1,0,0,0,1,0,0,0,0,0,22,"[0, 3, 12, 43, 93, 98, 110, 176, 207, 209, 210, 223, 250, 267, 302, 374, 425, 426, 444, 449, 471, 478]","[0, 3, 12, 43, 93, 98, 110, 176, 207, 209, 210, 223, 250, 267, 302, 374, 425, 426, 444, 449, 471, 478]",0,none,,,0,0,0,none,,0,none,,0,none,,none,1,Linear Trend,Point Anomalies,1,0,0,0,0,0,1,0,0,0,0,0,0,0,0,1
2020-10-30,-0.3408333084544867,0,0,1,0,0,0,0,0,1,0,0,0,1,0,0,0,0,0,22,"[0, 3, 12, 43, 93, 98, 110, 176, 207, 209, 210, 223, 250, 267, 302, 374, 425, 426, 444, 449, 471, 478]","[0, 3, 12, 43, 93, 98, 110, 176, 207, 209, 210, 223, 250, 267, 302, 374, 425, 426, 444, 449, 471, 478]",0,none,,,0,0,0,none,,0,none,,0,none,,none,1,Linear Trend,Point Anomalies,1,0,0,0,0,0,1,0,0,0,0,0,0,0,0,1
2020-10-31,-0.34298392725262056,0,0,1,0,0,0,0,0,1,0,0,0,1,0,0,0,0,0,22,"[0, 3, 12, 43, 93, 98, 110, 176, 207, 209, 210, 223, 250, 267, 302, 374, 425, 426, 444, 449, 471, 478]","[0, 3, 12, 43, 93, 98, 110, 176, 207, 209, 210, 223, 250, 267, 302, 374, 425, 426, 444, 449, 471, 478]",0,none,,,0,0,0,none,,0,none,,0,none,,none,1,Linear Trend,Point Anomalies,1,0,0,0,0,0,1,0,0,0,0,0,0,0,0,1
2020-11-01,-0.3487101333369221,0,0,1,0,0,0,0,0,1,0,0,0,1,0,0,0,0,0,22,"[0, 3, 12, 43, 93, 98, 110, 176, 207, 209, 210, 223, 250, 267, 302, 374, 425, 426, 444, 449, 471, 478]","[0, 3, 12, 43, 93, 98, 110, 176, 207, 209, 210, 223, 250, 267, 302, 374, 425, 426, 444, 449, 471, 478]",0,none,,,0,0,0,none,,0,none,,0,none,,none,1,Linear Trend,Point Anomalies,1,0,0,0,0,0,1,0,0,0,0,0,0,0,0,1
2020-11-02,-0.3438381663706973,0,0,1,0,0,0,0,0,1,0,0,0,1,0,0,0,0,0,22,"[0, 3, 12, 43, 93, 98, 110, 176, 207, 209, 210, 223, 250, 267, 302, 374, 425, 426, 444, 449, 471, 478]","[0, 3, 12, 43, 93, 98, 110, 176, 207, 209, 210, 223, 250, 267, 302, 374, 425, 426, 444, 449, 471, 478]",0,none,,,0,0,0,none,,0,none,,0,none,,none,1,Linear Trend,Point Anomalies,1,0,0,0,0,0,1,0,0,0,0,0,0,0,0,1
2020-11-03,-0.35751766956976017,0,0,1,0,0,0,0,0,1,0,0,0,1,0,0,0,0,0,22,"[0, 3, 12, 43, 93, 98, 110, 176, 207, 209, 210, 223, 250, 267, 302, 374, 425, 426, 444, 449, 471, 478]","[0, 3, 12, 43, 93, 98, 110, 176, 207, 209, 210, 223, 250, 267, 302, 374, 425, 426, 444, 449, 471, 478]",0,none,,,0,0,0,none,,0,none,,0,none,,none,1,Linear Trend,Point Anomalies,1,0,0,0,0,0,1,0,0,0,0,0,0,0,0,1
2020-11-04,-0.3695358888170344,0,0,1,0,0,0,0,0,1,0,0,0,1,0,0,0,0,0,22,"[0, 3, 12, 43, 93, 98, 110, 176, 207, 209, 210, 223, 250, 267, 302, 374, 425, 426, 444, 449, 471, 478]","[0, 3, 12, 43, 93, 98, 110, 176, 207, 209, 210, 223, 250, 267, 302, 374, 425, 426, 444, 449, 471, 478]",0,none,,,0,0,0,none,,0,none,,0,none,,none,1,Linear Trend,Point Anomalies,1,0,0,0,0,0,1,0,0,0,0,0,0,0,0,1
2020-11-05,-0.36064600892914195,0,0,1,0,0,0,0,0,1,0,0,0,1,0,0,0,0,0,22,"[0, 3, 12, 43, 93, 98, 110, 176, 207, 209, 210, 223, 250, 267, 302, 374, 425, 426, 444, 449, 471, 478]","[0, 3, 12, 43, 93, 98, 110, 176, 207, 209, 210, 223, 250, 267, 302, 374, 425, 426, 444, 449, 471, 478]",0,none,,,0,0,0,none,,0,none,,0,none,,none,1,Linear Trend,Point Anomalies,1,0,0,0,0,0,1,0,0,0,0,0,0,0,0,1
2020-11-06,-0.38787766180840433,0,0,1,0,0,0,0,0,1,0,0,0,1,0,0,0,0,0,22,"[0, 3, 12, 43, 93, 98, 110, 176, 207, 209, 210, 223, 250, 267, 302, 374, 425, 426, 444, 449, 471, 478]","[0, 3, 12, 43, 93, 98, 110, 176, 207, 209, 210, 223, 250, 267, 302, 374, 425, 426, 444, 449, 471, 478]",0,none,,,0,0,0,none,,0,none,,0,none,,none,1,Linear Trend,Point Anomalies,1,0,0,0,0,0,1,0,0,0,0,0,0,0,0,1
2020-11-07,-0.3727543345970965,0,0,1,0,0,0,0,0,1,0,0,0,1,0,0,0,0,0,22,"[0, 3, 12, 43, 93, 98, 110, 176, 207, 209, 210, 223, 250, 267, 302, 374, 425, 426, 444, 449, 471, 478]","[0, 3, 12, 43, 93, 98, 110, 176, 207, 209, 210, 223, 250, 267, 302, 374, 425, 426, 444, 449, 471, 478]",0,none,,,0,0,0,none,,0,none,,0,none,,none,1,Linear Trend,Point Anomalies,1,0,0,0,0,0,1,0,0,0,0,0,0,0,0,1
2020-11-08,-0.3782333272346899,0,0,1,0,0,0,0,0,1,0,0,0,1,0,0,0,0,0,22,"[0, 3, 12, 43, 93, 98, 110, 176, 207, 209, 210, 223, 250, 267, 302, 374, 425, 426, 444, 449, 471, 478]","[0, 3, 12, 43, 93, 98, 110, 176, 207, 209, 210, 223, 250, 267, 302, 374, 425, 426, 444, 449, 471, 478]",0,none,,,0,0,0,none,,0,none,,0,none,,none,1,Linear Trend,Point Anomalies,1,0,0,0,0,0,1,0,0,0,0,0,0,0,0,1
2020-11-09,-0.3771818867804308,0,0,1,0,0,0,0,0,1,0,0,0,1,0,0,0,0,0,22,"[0, 3, 12, 43, 93, 98, 110, 176, 207, 209, 210, 223, 250, 267, 302, 374, 425, 426, 444, 449, 471, 478]","[0, 3, 12, 43, 93, 98, 110, 176, 207, 209, 210, 223, 250, 267, 302, 374, 425, 426, 444, 449, 471, 478]",0,none,,,0,0,0,none,,0,none,,0,none,,none,1,Linear Trend,Point Anomalies,1,0,0,0,0,0,1,0,0,0,0,0,0,0,0,1
2020-11-10,-0.41903846978316356,0,0,1,0,0,0,0,0,1,0,0,0,1,0,0,0,0,0,22,"[0, 3, 12, 43, 93, 98, 110, 176, 207, 209, 210, 223, 250, 267, 302, 374, 425, 426, 444, 449, 471, 478]","[0, 3, 12, 43, 93, 98, 110, 176, 207, 209, 210, 223, 250, 267, 302, 374, 425, 426, 444, 449, 471, 478]",0,none,,,0,0,0,none,,0,none,,0,none,,none,1,Linear Trend,Point Anomalies,1,0,0,0,0,0,1,0,0,0,0,0,0,0,0,1
2020-11-11,-0.43021699501493516,0,0,1,0,0,0,0,0,1,0,0,0,1,0,0,0,0,0,22,"[0, 3, 12, 43, 93, 98, 110, 176, 207, 209, 210, 223, 250, 267, 302, 374, 425, 426, 444, 449, 471, 478]","[0, 3, 12, 43, 93, 98, 110, 176, 207, 209, 210, 223, 250, 267, 302, 374, 425, 426, 444, 449, 471, 478]",0,none,,,0,0,0,none,,0,none,,0,none,,none,1,Linear Trend,Point Anomalies,1,0,0,0,0,0,1,0,0,0,0,0,0,0,0,1
2020-11-12,-0.40168700611960423,0,0,1,0,0,0,0,0,1,0,0,0,1,0,0,0,0,0,22,"[0, 3, 12, 43, 93, 98, 110, 176, 207, 209, 210, 223, 250, 267, 302, 374, 425, 426, 444, 449, 471, 478]","[0, 3, 12, 43, 93, 98, 110, 176, 207, 209, 210, 223, 250, 267, 302, 374, 425, 426, 444, 449, 471, 478]",0,none,,,0,0,0,none,,0,none,,0,none,,none,1,Linear Trend,Point Anomalies,1,0,0,0,0,0,1,0,0,0,0,0,0,0,0,1
2020-11-13,-0.4349585236736719,0,0,1,0,0,0,0,0,1,0,0,0,1,0,0,0,0,0,22,"[0, 3, 12, 43, 93, 98, 110, 176, 207, 209, 210, 223, 250, 267, 302, 374, 425, 426, 444, 449, 471, 478]","[0, 3, 12, 43, 93, 98, 110, 176, 207, 209, 210, 223, 250, 267, 302, 374, 425, 426, 444, 449, 471, 478]",0,none,,,0,0,0,none,,0,none,,0,none,,none,1,Linear Trend,Point Anomalies,1,0,0,0,0,0,1,0,0,0,0,0,0,0,0,1
2020-11-14,-0.41143221083918063,0,0,1,0,0,0,0,0,1,0,0,0,1,0,0,0,0,0,22,"[0, 3, 12, 43, 93, 98, 110, 176, 207, 209, 210, 223, 250, 267, 302, 374, 425, 426, 444, 449, 471, 478]","[0, 3, 12, 43, 93, 98, 110, 176, 207, 209, 210, 223, 250, 267, 302, 374, 425, 426, 444, 449, 471, 478]",0,none,,,0,0,0,none,,0,none,,0,none,,none,1,Linear Trend,Point Anomalies,1,0,0,0,0,0,1,0,0,0,0,0,0,0,0,1
2020-11-15,-0.4417817781076989,0,0,1,0,0,0,0,0,1,0,0,0,1,0,0,0,0,0,22,"[0, 3, 12, 43, 93, 98, 110, 176, 207, 209, 210, 223, 250, 267, 302, 374, 425, 426, 444, 449, 471, 478]","[0, 3, 12, 43, 93, 98, 110, 176, 207, 209, 210, 223, 250, 267, 302, 374, 425, 426, 444, 449, 471, 478]",0,none,,,0,0,0,none,,0,none,,0,none,,none,1,Linear Trend,Point Anomalies,1,0,0,0,0,0,1,0,0,0,0,0,0,0,0,1
2020-11-16,-0.4367831003733026,0,0,1,0,0,0,0,0,1,0,0,0,1,0,0,0,0,0,22,"[0, 3, 12, 43, 93, 98, 110, 176, 207, 209, 210, 223, 250, 267, 302, 374, 425, 426, 444, 449, 471, 478]","[0, 3, 12, 43, 93, 98, 110, 176, 207, 209, 210, 223, 250, 267, 302, 374, 425, 426, 444, 449, 471, 478]",0,none,,,0,0,0,none,,0,none,,0,none,,none,1,Linear Trend,Point Anomalies,1,0,0,0,0,0,1,0,0,0,0,0,0,0,0,1
2020-11-17,-0.468204014978449,0,0,1,0,0,0,0,0,1,0,0,0,1,0,0,0,0,0,22,"[0, 3, 12, 43, 93, 98, 110, 176, 207, 209, 210, 223, 250, 267, 302, 374, 425, 426, 444, 449, 471, 478]","[0, 3, 12, 43, 93, 98, 110, 176, 207, 209, 210, 223, 250, 267, 302, 374, 425, 426, 444, 449, 471, 478]",0,none,,,0,0,0,none,,0,none,,0,none,,none,1,Linear Trend,Point Anomalies,1,0,0,0,0,0,1,0,0,0,0,0,0,0,0,1
2020-11-18,-0.49391076888376134,0,0,1,0,0,0,0,0,1,0,0,0,1,0,0,0,0,0,22,"[0, 3, 12, 43, 93, 98, 110, 176, 207, 209, 210, 223, 250, 267, 302, 374, 425, 426, 444, 449, 471, 478]","[0, 3, 12, 43, 93, 98, 110, 176, 207, 209, 210, 223, 250, 267, 302, 374, 425, 426, 444, 449, 471, 478]",0,none,,,0,0,0,none,,0,none,,0,none,,none,1,Linear Trend,Point Anomalies,1,0,0,0,0,0,1,0,0,0,0,0,0,0,0,1
2020-11-19,-0.4830497185489616,0,0,1,0,0,0,0,0,1,0,0,0,1,0,0,0,0,0,22,"[0, 3, 12, 43, 93, 98, 110, 176, 207, 209, 210, 223, 250, 267, 302, 374, 425, 426, 444, 449, 471, 478]","[0, 3, 12, 43, 93, 98, 110, 176, 207, 209, 210, 223, 250, 267, 302, 374, 425, 426, 444, 449, 471, 478]",0,none,,,0,0,0,none,,0,none,,0,none,,none,1,Linear Trend,Point Anomalies,1,0,0,0,0,0,1,0,0,0,0,0,0,0,0,1
2020-11-20,-0.4642705315696572,0,0,1,0,0,0,0,0,1,0,0,0,1,0,0,0,0,0,22,"[0, 3, 12, 43, 93, 98, 110, 176, 207, 209, 210, 223, 250, 267, 302, 374, 425, 426, 444, 449, 471, 478]","[0, 3, 12, 43, 93, 98, 110, 176, 207, 209, 210, 223, 250, 267, 302, 374, 425, 426, 444, 449, 471, 478]",0,none,,,0,0,0,none,,0,none,,0,none,,none,1,Linear Trend,Point Anomalies,1,0,0,0,0,0,1,0,0,0,0,0,0,0,0,1
2020-11-21,-0.48361470377465005,0,0,1,0,0,0,0,0,1,0,0,0,1,0,0,0,0,0,22,"[0, 3, 12, 43, 93, 98, 110, 176, 207, 209, 210, 223, 250, 267, 302, 374, 425, 426, 444, 449, 471, 478]","[0, 3, 12, 43, 93, 98, 110, 176, 207, 209, 210, 223, 250, 267, 302, 374, 425, 426, 444, 449, 471, 478]",0,none,,,0,0,0,none,,0,none,,0,none,,none,1,Linear Trend,Point Anomalies,1,0,0,0,0,0,1,0,0,0,0,0,0,0,0,1
2020-11-22,-0.5044171127813591,0,0,1,0,0,0,0,0,1,0,0,0,1,0,0,0,0,0,22,"[0, 3, 12, 43, 93, 98, 110, 176, 207, 209, 210, 223, 250, 267, 302, 374, 425, 426, 444, 449, 471, 478]","[0, 3, 12, 43, 93, 98, 110, 176, 207, 209, 210, 223, 250, 267, 302, 374, 425, 426, 444, 449, 471, 478]",0,none,,,0,0,0,none,,0,none,,0,none,,none,1,Linear Trend,Point Anomalies,1,0,0,0,0,0,1,0,0,0,0,0,0,0,0,1
2020-11-23,-0.5001437181996158,0,0,1,0,0,0,0,0,1,0,0,0,1,0,0,0,0,0,22,"[0, 3, 12, 43, 93, 98, 110, 176, 207, 209, 210, 223, 250, 267, 302, 374, 425, 426, 444, 449, 471, 478]","[0, 3, 12, 43, 93, 98, 110, 176, 207, 209, 210, 223, 250, 267, 302, 374, 425, 426, 444, 449, 471, 478]",0,none,,,0,0,0,none,,0,none,,0,none,,none,1,Linear Trend,Point Anomalies,1,0,0,0,0,0,1,0,0,0,0,0,0,0,0,1
2020-11-24,-0.5215733395412366,0,0,1,0,0,0,0,0,1,0,0,0,1,0,0,0,0,0,22,"[0, 3, 12, 43, 93, 98, 110, 176, 207, 209, 210, 223, 250, 267, 302, 374, 425, 426, 444, 449, 471, 478]","[0, 3, 12, 43, 93, 98, 110, 176, 207, 209, 210, 223, 250, 267, 302, 374, 425, 426, 444, 449, 471, 478]",0,none,,,0,0,0,none,,0,none,,0,none,,none,1,Linear Trend,Point Anomalies,1,0,0,0,0,0,1,0,0,0,0,0,0,0,0,1
2020-11-25,-0.5270890864963824,0,0,1,0,0,0,0,0,1,0,0,0,1,0,0,0,0,0,22,"[0, 3, 12, 43, 93, 98, 110, 176, 207, 209, 210, 223, 250, 267, 302, 374, 425, 426, 444, 449, 471, 478]","[0, 3, 12, 43, 93, 98, 110, 176, 207, 209, 210, 223, 250, 267, 302, 374, 425, 426, 444, 449, 471, 478]",0,none,,,0,0,0,none,,0,none,,0,none,,none,1,Linear Trend,Point Anomalies,1,0,0,0,0,0,1,0,0,0,0,0,0,0,0,1
2020-11-26,-0.527914570163868,0,0,1,0,0,0,0,0,1,0,0,0,1,0,0,0,0,0,22,"[0, 3, 12, 43, 93, 98, 110, 176, 207, 209, 210, 223, 250, 267, 302, 374, 425, 426, 444, 449, 471, 478]","[0, 3, 12, 43, 93, 98, 110, 176, 207, 209, 210, 223, 250, 267, 302, 374, 425, 426, 444, 449, 471, 478]",0,none,,,0,0,0,none,,0,none,,0,none,,none,1,Linear Trend,Point Anomalies,1,0,0,0,0,0,1,0,0,0,0,0,0,0,0,1
2020-11-27,-0.5118484693516449,0,0,1,0,0,0,0,0,1,0,0,0,1,0,0,0,0,0,22,"[0, 3, 12, 43, 93, 98, 110, 176, 207, 209, 210, 223, 250, 267, 302, 374, 425, 426, 444, 449, 471, 478]","[0, 3, 12, 43, 93, 98, 110, 176, 207, 209, 210, 223, 250, 267, 302, 374, 425, 426, 444, 449, 471, 478]",0,none,,,0,0,0,none,,0,none,,0,none,,none,1,Linear Trend,Point Anomalies,1,0,0,0,0,0,1,0,0,0,0,0,0,0,0,1
2020-11-28,-0.5536337483790088,0,0,1,0,0,0,0,0,1,0,0,0,1,0,0,0,0,0,22,"[0, 3, 12, 43, 93, 98, 110, 176, 207, 209, 210, 223, 250, 267, 302, 374, 425, 426, 444, 449, 471, 478]","[0, 3, 12, 43, 93, 98, 110, 176, 207, 209, 210, 223, 250, 267, 302, 374, 425, 426, 444, 449, 471, 478]",0,none,,,0,0,0,none,,0,none,,0,none,,none,1,Linear Trend,Point Anomalies,1,0,0,0,0,0,1,0,0,0,0,0,0,0,0,1
2020-11-29,-0.5572269582310069,0,0,1,0,0,0,0,0,1,0,0,0,1,0,0,0,0,0,22,"[0, 3, 12, 43, 93, 98, 110, 176, 207, 209, 210, 223, 250, 267, 302, 374, 425, 426, 444, 449, 471, 478]","[0, 3, 12, 43, 93, 98, 110, 176, 207, 209, 210, 223, 250, 267, 302, 374, 425, 426, 444, 449, 471, 478]",0,none,,,0,0,0,none,,0,none,,0,none,,none,1,Linear Trend,Point Anomalies,1,0,0,0,0,0,1,0,0,0,0,0,0,0,0,1
2020-11-30,-0.5438769042762117,0,0,1,0,0,0,0,0,1,0,0,0,1,0,0,0,0,0,22,"[0, 3, 12, 43, 93, 98, 110, 176, 207, 209, 210, 223, 250, 267, 302, 374, 425, 426, 444, 449, 471, 478]","[0, 3, 12, 43, 93, 98, 110, 176, 207, 209, 210, 223, 250, 267, 302, 374, 425, 426, 444, 449, 471, 478]",0,none,,,0,0,0,none,,0,none,,0,none,,none,1,Linear Trend,Point Anomalies,1,0,0,0,0,0,1,0,0,0,0,0,0,0,0,1
2020-12-01,-0.5497955379700495,0,0,1,0,0,0,0,0,1,0,0,0,1,0,0,0,0,0,22,"[0, 3, 12, 43, 93, 98, 110, 176, 207, 209, 210, 223, 250, 267, 302, 374, 425, 426, 444, 449, 471, 478]","[0, 3, 12, 43, 93, 98, 110, 176, 207, 209, 210, 223, 250, 267, 302, 374, 425, 426, 444, 449, 471, 478]",0,none,,,0,0,0,none,,0,none,,0,none,,none,1,Linear Trend,Point Anomalies,1,0,0,0,0,0,1,0,0,0,0,0,0,0,0,1
2020-12-02,-0.5727231580399245,0,0,1,0,0,0,0,0,1,0,0,0,1,0,0,0,0,0,22,"[0, 3, 12, 43, 93, 98, 110, 176, 207, 209, 210, 223, 250, 267, 302, 374, 425, 426, 444, 449, 471, 478]","[0, 3, 12, 43, 93, 98, 110, 176, 207, 209, 210, 223, 250, 267, 302, 374, 425, 426, 444, 449, 471, 478]",0,none,,,0,0,0,none,,0,none,,0,none,,none,1,Linear Trend,Point Anomalies,1,0,0,0,0,0,1,0,0,0,0,0,0,0,0,1
2020-12-03,-0.5420414042968664,0,0,1,0,0,0,0,0,1,0,0,0,1,0,0,0,0,0,22,"[0, 3, 12, 43, 93, 98, 110, 176, 207, 209, 210, 223, 250, 267, 302, 374, 425, 426, 444, 449, 471, 478]","[0, 3, 12, 43, 93, 98, 110, 176, 207, 209, 210, 223, 250, 267, 302, 374, 425, 426, 444, 449, 471, 478]",0,none,,,0,0,0,none,,0,none,,0,none,,none,1,Linear Trend,Point Anomalies,1,0,0,0,0,0,1,0,0,0,0,0,0,0,0,1
2020-12-04,-0.5603972318944211,0,0,1,0,0,0,0,0,1,0,0,0,1,0,0,0,0,0,22,"[0, 3, 12, 43, 93, 98, 110, 176, 207, 209, 210, 223, 250, 267, 302, 374, 425, 426, 444, 449, 471, 478]","[0, 3, 12, 43, 93, 98, 110, 176, 207, 209, 210, 223, 250, 267, 302, 374, 425, 426, 444, 449, 471, 478]",0,none,,,0,0,0,none,,0,none,,0,none,,none,1,Linear Trend,Point Anomalies,1,0,0,0,0,0,1,0,0,0,0,0,0,0,0,1
2020-12-05,-0.5878476450465402,0,0,1,0,0,0,0,0,1,0,0,0,1,0,0,0,0,0,22,"[0, 3, 12, 43, 93, 98, 110, 176, 207, 209, 210, 223, 250, 267, 302, 374, 425, 426, 444, 449, 471, 478]","[0, 3, 12, 43, 93, 98, 110, 176, 207, 209, 210, 223, 250, 267, 302, 374, 425, 426, 444, 449, 471, 478]",0,none,,,0,0,0,none,,0,none,,0,none,,none,1,Linear Trend,Point Anomalies,1,0,0,0,0,0,1,0,0,0,0,0,0,0,0,1
2020-12-06,-0.616349073213112,0,0,1,0,0,0,0,0,1,0,0,0,1,0,0,0,0,0,22,"[0, 3, 12, 43, 93, 98, 110, 176, 207, 209, 210, 223, 250, 267, 302, 374, 425, 426, 444, 449, 471, 478]","[0, 3, 12, 43, 93, 98, 110, 176, 207, 209, 210, 223, 250, 267, 302, 374, 425, 426, 444, 449, 471, 478]",0,none,,,0,0,0,none,,0,none,,0,none,,none,1,Linear Trend,Point Anomalies,1,0,0,0,0,0,1,0,0,0,0,0,0,0,0,1
2020-12-07,-0.6099181926582201,0,0,1,0,0,0,0,0,1,0,0,0,1,0,0,0,0,0,22,"[0, 3, 12, 43, 93, 98, 110, 176, 207, 209, 210, 223, 250, 267, 302, 374, 425, 426, 444, 449, 471, 478]","[0, 3, 12, 43, 93, 98, 110, 176, 207, 209, 210, 223, 250, 267, 302, 374, 425, 426, 444, 449, 471, 478]",0,none,,,0,0,0,none,,0,none,,0,none,,none,1,Linear Trend,Point Anomalies,1,0,0,0,0,0,1,0,0,0,0,0,0,0,0,1
2020-12-08,-0.5839777690430339,0,0,1,0,0,0,0,0,1,0,0,0,1,0,0,0,0,0,22,"[0, 3, 12, 43, 93, 98, 110, 176, 207, 209, 210, 223, 250, 267, 302, 374, 425, 426, 444, 449, 471, 478]","[0, 3, 12, 43, 93, 98, 110, 176, 207, 209, 210, 223, 250, 267, 302, 374, 425, 426, 444, 449, 471, 478]",0,none,,,0,0,0,none,,0,none,,0,none,,none,1,Linear Trend,Point Anomalies,1,0,0,0,0,0,1,0,0,0,0,0,0,0,0,1
2020-12-09,-0.5959625759704961,0,0,1,0,0,0,0,0,1,0,0,0,1,0,0,0,0,0,22,"[0, 3, 12, 43, 93, 98, 110, 176, 207, 209, 210, 223, 250, 267, 302, 374, 425, 426, 444, 449, 471, 478]","[0, 3, 12, 43, 93, 98, 110, 176, 207, 209, 210, 223, 250, 267, 302, 374, 425, 426, 444, 449, 471, 478]",0,none,,,0,0,0,none,,0,none,,0,none,,none,1,Linear Trend,Point Anomalies,1,0,0,0,0,0,1,0,0,0,0,0,0,0,0,1
2020-12-10,-0.627747439838942,0,0,1,0,0,0,0,0,1,0,0,0,1,0,0,0,0,0,22,"[0, 3, 12, 43, 93, 98, 110, 176, 207, 209, 210, 223, 250, 267, 302, 374, 425, 426, 444, 449, 471, 478]","[0, 3, 12, 43, 93, 98, 110, 176, 207, 209, 210, 223, 250, 267, 302, 374, 425, 426, 444, 449, 471, 478]",0,none,,,0,0,0,none,,0,none,,0,none,,none,1,Linear Trend,Point Anomalies,1,0,0,0,0,0,1,0,0,0,0,0,0,0,0,1
2020-12-11,-0.6190556949236418,0,0,1,0,0,0,0,0,1,0,0,0,1,0,0,0,0,0,22,"[0, 3, 12, 43, 93, 98, 110, 176, 207, 209, 210, 223, 250, 267, 302, 374, 425, 426, 444, 449, 471, 478]","[0, 3, 12, 43, 93, 98, 110, 176, 207, 209, 210, 223, 250, 267, 302, 374, 425, 426, 444, 449, 471, 478]",0,none,,,0,0,0,none,,0,none,,0,none,,none,1,Linear Trend,Point Anomalies,1,0,0,0,0,0,1,0,0,0,0,0,0,0,0,1
2020-12-12,-0.619574658403028,0,0,1,0,0,0,0,0,1,0,0,0,1,0,0,0,0,0,22,"[0, 3, 12, 43, 93, 98, 110, 176, 207, 209, 210, 223, 250, 267, 302, 374, 425, 426, 444, 449, 471, 478]","[0, 3, 12, 43, 93, 98, 110, 176, 207, 209, 210, 223, 250, 267, 302, 374, 425, 426, 444, 449, 471, 478]",0,none,,,0,0,0,none,,0,none,,0,none,,none,1,Linear Trend,Point Anomalies,1,0,0,0,0,0,1,0,0,0,0,0,0,0,0,1
2020-12-13,-0.6248261020784739,0,0,1,0,0,0,0,0,1,0,0,0,1,0,0,0,0,0,22,"[0, 3, 12, 43, 93, 98, 110, 176, 207, 209, 210, 223, 250, 267, 302, 374, 425, 426, 444, 449, 471, 478]","[0, 3, 12, 43, 93, 98, 110, 176, 207, 209, 210, 223, 250, 267, 302, 374, 425, 426, 444, 449, 471, 478]",0,none,,,0,0,0,none,,0,none,,0,none,,none,1,Linear Trend,Point Anomalies,1,0,0,0,0,0,1,0,0,0,0,0,0,0,0,1
2020-12-14,-0.6073787693089873,0,0,1,0,0,0,0,0,1,0,0,0,1,0,0,0,0,0,22,"[0, 3, 12, 43, 93, 98, 110, 176, 207, 209, 210, 223, 250, 267, 302, 374, 425, 426, 444, 449, 471, 478]","[0, 3, 12, 43, 93, 98, 110, 176, 207, 209, 210, 223, 250, 267, 302, 374, 425, 426, 444, 449, 471, 478]",0,none,,,0,0,0,none,,0,none,,0,none,,none,1,Linear Trend,Point Anomalies,1,0,0,0,0,0,1,0,0,0,0,0,0,0,0,1
2020-12-15,-0.6611461683697567,0,0,1,0,0,0,0,0,1,0,0,0,1,0,0,0,0,0,22,"[0, 3, 12, 43, 93, 98, 110, 176, 207, 209, 210, 223, 250, 267, 302, 374, 425, 426, 444, 449, 471, 478]","[0, 3, 12, 43, 93, 98, 110, 176, 207, 209, 210, 223, 250, 267, 302, 374, 425, 426, 444, 449, 471, 478]",0,none,,,0,0,0,none,,0,none,,0,none,,none,1,Linear Trend,Point Anomalies,1,0,0,0,0,0,1,0,0,0,0,0,0,0,0,1
2020-12-16,-0.6317073472174838,0,0,1,0,0,0,0,0,1,0,0,0,1,0,0,0,0,0,22,"[0, 3, 12, 43, 93, 98, 110, 176, 207, 209, 210, 223, 250, 267, 302, 374, 425, 426, 444, 449, 471, 478]","[0, 3, 12, 43, 93, 98, 110, 176, 207, 209, 210, 223, 250, 267, 302, 374, 425, 426, 444, 449, 471, 478]",0,none,,,0,0,0,none,,0,none,,0,none,,none,1,Linear Trend,Point Anomalies,1,0,0,0,0,0,1,0,0,0,0,0,0,0,0,1
2020-12-17,-0.6828037834600775,0,0,1,0,0,0,0,0,1,0,0,0,1,0,0,0,0,0,22,"[0, 3, 12, 43, 93, 98, 110, 176, 207, 209, 210, 223, 250, 267, 302, 374, 425, 426, 444, 449, 471, 478]","[0, 3, 12, 43, 93, 98, 110, 176, 207, 209, 210, 223, 250, 267, 302, 374, 425, 426, 444, 449, 471, 478]",0,none,,,0,0,0,none,,0,none,,0,none,,none,1,Linear Trend,Point Anomalies,1,0,0,0,0,0,1,0,0,0,0,0,0,0,0,1
2020-12-18,-0.6593995516087015,0,0,1,0,0,0,0,0,1,0,0,0,1,0,0,0,0,0,22,"[0, 3, 12, 43, 93, 98, 110, 176, 207, 209, 210, 223, 250, 267, 302, 374, 425, 426, 444, 449, 471, 478]","[0, 3, 12, 43, 93, 98, 110, 176, 207, 209, 210, 223, 250, 267, 302, 374, 425, 426, 444, 449, 471, 478]",0,none,,,0,0,0,none,,0,none,,0,none,,none,1,Linear Trend,Point Anomalies,1,0,0,0,0,0,1,0,0,0,0,0,0,0,0,1
2020-12-19,-0.6747046717328007,0,0,1,0,0,0,0,0,1,0,0,0,1,0,0,0,0,0,22,"[0, 3, 12, 43, 93, 98, 110, 176, 207, 209, 210, 223, 250, 267, 302, 374, 425, 426, 444, 449, 471, 478]","[0, 3, 12, 43, 93, 98, 110, 176, 207, 209, 210, 223, 250, 267, 302, 374, 425, 426, 444, 449, 471, 478]",0,none,,,0,0,0,none,,0,none,,0,none,,none,1,Linear Trend,Point Anomalies,1,0,0,0,0,0,1,0,0,0,0,0,0,0,0,1
2020-12-20,-0.6677363481844099,0,0,1,0,0,0,0,0,1,0,0,0,1,0,0,0,0,0,22,"[0, 3, 12, 43, 93, 98, 110, 176, 207, 209, 210, 223, 250, 267, 302, 374, 425, 426, 444, 449, 471, 478]","[0, 3, 12, 43, 93, 98, 110, 176, 207, 209, 210, 223, 250, 267, 302, 374, 425, 426, 444, 449, 471, 478]",0,none,,,0,0,0,none,,0,none,,0,none,,none,1,Linear Trend,Point Anomalies,1,0,0,0,0,0,1,0,0,0,0,0,0,0,0,1
2020-12-21,-0.6849782977348657,0,0,1,0,0,0,0,0,1,0,0,0,1,0,0,0,0,0,22,"[0, 3, 12, 43, 93, 98, 110, 176, 207, 209, 210, 223, 250, 267, 302, 374, 425, 426, 444, 449, 471, 478]","[0, 3, 12, 43, 93, 98, 110, 176, 207, 209, 210, 223, 250, 267, 302, 374, 425, 426, 444, 449, 471, 478]",0,none,,,0,0,0,none,,0,none,,0,none,,none,1,Linear Trend,Point Anomalies,1,0,0,0,0,0,1,0,0,0,0,0,0,0,0,1
2020-12-22,-0.68844851469294,0,0,1,0,0,0,0,0,1,0,0,0,1,0,0,0,0,0,22,"[0, 3, 12, 43, 93, 98, 110, 176, 207, 209, 210, 223, 250, 267, 302, 374, 425, 426, 444, 449, 471, 478]","[0, 3, 12, 43, 93, 98, 110, 176, 207, 209, 210, 223, 250, 267, 302, 374, 425, 426, 444, 449, 471, 478]",0,none,,,0,0,0,none,,0,none,,0,none,,none,1,Linear Trend,Point Anomalies,1,0,0,0,0,0,1,0,0,0,0,0,0,0,0,1
2020-12-23,-0.7041555287728923,0,0,1,0,0,0,0,0,1,0,0,0,1,0,0,0,0,0,22,"[0, 3, 12, 43, 93, 98, 110, 176, 207, 209, 210, 223, 250, 267, 302, 374, 425, 426, 444, 449, 471, 478]","[0, 3, 12, 43, 93, 98, 110, 176, 207, 209, 210, 223, 250, 267, 302, 374, 425, 426, 444, 449, 471, 478]",0,none,,,0,0,0,none,,0,none,,0,none,,none,1,Linear Trend,Point Anomalies,1,0,0,0,0,0,1,0,0,0,0,0,0,0,0,1
2020-12-24,-0.6869056723094221,0,0,1,0,0,0,0,0,1,0,0,0,1,0,0,0,0,0,22,"[0, 3, 12, 43, 93, 98, 110, 176, 207, 209, 210, 223, 250, 267, 302, 374, 425, 426, 444, 449, 471, 478]","[0, 3, 12, 43, 93, 98, 110, 176, 207, 209, 210, 223, 250, 267, 302, 374, 425, 426, 444, 449, 471, 478]",0,none,,,0,0,0,none,,0,none,,0,none,,none,1,Linear Trend,Point Anomalies,1,0,0,0,0,0,1,0,0,0,0,0,0,0,0,1
2020-12-25,-0.7294821812977762,0,0,1,0,0,0,0,0,1,0,0,0,1,0,0,0,0,0,22,"[0, 3, 12, 43, 93, 98, 110, 176, 207, 209, 210, 223, 250, 267, 302, 374, 425, 426, 444, 449, 471, 478]","[0, 3, 12, 43, 93, 98, 110, 176, 207, 209, 210, 223, 250, 267, 302, 374, 425, 426, 444, 449, 471, 478]",0,none,,,0,0,0,none,,0,none,,0,none,,none,1,Linear Trend,Point Anomalies,1,0,0,0,0,0,1,0,0,0,0,0,0,0,0,1
2020-12-26,-0.722089059398933,0,0,1,0,0,0,0,0,1,0,0,0,1,0,0,0,0,0,22,"[0, 3, 12, 43, 93, 98, 110, 176, 207, 209, 210, 223, 250, 267, 302, 374, 425, 426, 444, 449, 471, 478]","[0, 3, 12, 43, 93, 98, 110, 176, 207, 209, 210, 223, 250, 267, 302, 374, 425, 426, 444, 449, 471, 478]",0,none,,,0,0,0,none,,0,none,,0,none,,none,1,Linear Trend,Point Anomalies,1,0,0,0,0,0,1,0,0,0,0,0,0,0,0,1
2020-12-27,-0.7268951601812038,0,0,1,0,0,0,0,0,1,0,0,0,1,0,0,0,0,0,22,"[0, 3, 12, 43, 93, 98, 110, 176, 207, 209, 210, 223, 250, 267, 302, 374, 425, 426, 444, 449, 471, 478]","[0, 3, 12, 43, 93, 98, 110, 176, 207, 209, 210, 223, 250, 267, 302, 374, 425, 426, 444, 449, 471, 478]",0,none,,,0,0,0,none,,0,none,,0,none,,none,1,Linear Trend,Point Anomalies,1,0,0,0,0,0,1,0,0,0,0,0,0,0,0,1
2020-12-28,-0.715306866467045,0,0,1,0,0,0,0,0,1,0,0,0,1,0,0,0,0,0,22,"[0, 3, 12, 43, 93, 98, 110, 176, 207, 209, 210, 223, 250, 267, 302, 374, 425, 426, 444, 449, 471, 478]","[0, 3, 12, 43, 93, 98, 110, 176, 207, 209, 210, 223, 250, 267, 302, 374, 425, 426, 444, 449, 471, 478]",0,none,,,0,0,0,none,,0,none,,0,none,,none,1,Linear Trend,Point Anomalies,1,0,0,0,0,0,1,0,0,0,0,0,0,0,0,1
2020-12-29,-0.7266013838738846,0,0,1,0,0,0,0,0,1,0,0,0,1,0,0,0,0,0,22,"[0, 3, 12, 43, 93, 98, 110, 176, 207, 209, 210, 223, 250, 267, 302, 374, 425, 426, 444, 449, 471, 478]","[0, 3, 12, 43, 93, 98, 110, 176, 207, 209, 210, 223, 250, 267, 302, 374, 425, 426, 444, 449, 471, 478]",0,none,,,0,0,0,none,,0,none,,0,none,,none,1,Linear Trend,Point Anomalies,1,0,0,0,0,0,1,0,0,0,0,0,0,0,0,1
2020-12-30,-0.723429511103266,0,0,1,0,0,0,0,0,1,0,0,0,1,0,0,0,0,0,22,"[0, 3, 12, 43, 93, 98, 110, 176, 207, 209, 210, 223, 250, 267, 302, 374, 425, 426, 444, 449, 471, 478]","[0, 3, 12, 43, 93, 98, 110, 176, 207, 209, 210, 223, 250, 267, 302, 374, 425, 426, 444, 449, 471, 478]",0,none,,,0,0,0,none,,0,none,,0,none,,none,1,Linear Trend,Point Anomalies,1,0,0,0,0,0,1,0,0,0,0,0,0,0,0,1
2020-12-31,-0.7506974203201761,0,0,1,0,0,0,0,0,1,0,0,0,1,0,0,0,0,0,22,"[0, 3, 12, 43, 93, 98, 110, 176, 207, 209, 210, 223, 250, 267, 302, 374, 425, 426, 444, 449, 471, 478]","[0, 3, 12, 43, 93, 98, 110, 176, 207, 209, 210, 223, 250, 267, 302, 374, 425, 426, 444, 449, 471, 478]",0,none,,,0,0,0,none,,0,none,,0,none,,none,1,Linear Trend,Point Anomalies,1,0,0,0,0,0,1,0,0,0,0,0,0,0,0,1
2021-01-01,-0.7612790796855275,0,0,1,0,0,0,0,0,1,0,0,0,1,0,0,0,0,0,22,"[0, 3, 12, 43, 93, 98, 110, 176, 207, 209, 210, 223, 250, 267, 302, 374, 425, 426, 444, 449, 471, 478]","[0, 3, 12, 43, 93, 98, 110, 176, 207, 209, 210, 223, 250, 267, 302, 374, 425, 426, 444, 449, 471, 478]",0,none,,,0,0,0,none,,0,none,,0,none,,none,1,Linear Trend,Point Anomalies,1,0,0,0,0,0,1,0,0,0,0,0,0,0,0,1
2021-01-02,-0.7615597931895527,0,0,1,0,0,0,0,0,1,0,0,0,1,0,0,0,0,0,22,"[0, 3, 12, 43, 93, 98, 110, 176, 207, 209, 210, 223, 250, 267, 302, 374, 425, 426, 444, 449, 471, 478]","[0, 3, 12, 43, 93, 98, 110, 176, 207, 209, 210, 223, 250, 267, 302, 374, 425, 426, 444, 449, 471, 478]",0,none,,,0,0,0,none,,0,none,,0,none,,none,1,Linear Trend,Point Anomalies,1,0,0,0,0,0,1,0,0,0,0,0,0,0,0,1
2021-01-03,-0.7781770514796394,0,0,1,0,0,0,0,0,1,0,0,0,1,0,0,0,0,0,22,"[0, 3, 12, 43, 93, 98, 110, 176, 207, 209, 210, 223, 250, 267, 302, 374, 425, 426, 444, 449, 471, 478]","[0, 3, 12, 43, 93, 98, 110, 176, 207, 209, 210, 223, 250, 267, 302, 374, 425, 426, 444, 449, 471, 478]",0,none,,,0,0,0,none,,0,none,,0,none,,none,1,Linear Trend,Point Anomalies,1,0,0,0,0,0,1,0,0,0,0,0,0,0,0,1
2021-01-04,-0.770493716772223,0,0,1,0,0,0,0,0,1,0,0,0,1,0,0,0,0,0,22,"[0, 3, 12, 43, 93, 98, 110, 176, 207, 209, 210, 223, 250, 267, 302, 374, 425, 426, 444, 449, 471, 478]","[0, 3, 12, 43, 93, 98, 110, 176, 207, 209, 210, 223, 250, 267, 302, 374, 425, 426, 444, 449, 471, 478]",0,none,,,0,0,0,none,,0,none,,0,none,,none,1,Linear Trend,Point Anomalies,1,0,0,0,0,0,1,0,0,0,0,0,0,0,0,1
2021-01-05,-0.7717473756965598,0,0,1,0,0,0,0,0,1,0,0,0,1,0,0,0,0,0,22,"[0, 3, 12, 43, 93, 98, 110, 176, 207, 209, 210, 223, 250, 267, 302, 374, 425, 426, 444, 449, 471, 478]","[0, 3, 12, 43, 93, 98, 110, 176, 207, 209, 210, 223, 250, 267, 302, 374, 425, 426, 444, 449, 471, 478]",0,none,,,0,0,0,none,,0,none,,0,none,,none,1,Linear Trend,Point Anomalies,1,0,0,0,0,0,1,0,0,0,0,0,0,0,0,1
2021-01-06,-0.8205747365654144,0,0,1,0,0,0,0,0,1,0,0,0,1,0,0,0,0,0,22,"[0, 3, 12, 43, 93, 98, 110, 176, 207, 209, 210, 223, 250, 267, 302, 374, 425, 426, 444, 449, 471, 478]","[0, 3, 12, 43, 93, 98, 110, 176, 207, 209, 210, 223, 250, 267, 302, 374, 425, 426, 444, 449, 471, 478]",0,none,,,0,0,0,none,,0,none,,0,none,,none,1,Linear Trend,Point Anomalies,1,0,0,0,0,0,1,0,0,0,0,0,0,0,0,1
2021-01-07,-0.8123842963970558,0,0,1,0,0,0,0,0,1,0,0,0,1,0,0,0,0,0,22,"[0, 3, 12, 43, 93, 98, 110, 176, 207, 209, 210, 223, 250, 267, 302, 374, 425, 426, 444, 449, 471, 478]","[0, 3, 12, 43, 93, 98, 110, 176, 207, 209, 210, 223, 250, 267, 302, 374, 425, 426, 444, 449, 471, 478]",0,none,,,0,0,0,none,,0,none,,0,none,,none,1,Linear Trend,Point Anomalies,1,0,0,0,0,0,1,0,0,0,0,0,0,0,0,1
2021-01-08,-0.8248192137691893,0,0,1,0,0,0,0,0,1,0,0,0,1,0,0,0,0,0,22,"[0, 3, 12, 43, 93, 98, 110, 176, 207, 209, 210, 223, 250, 267, 302, 374, 425, 426, 444, 449, 471, 478]","[0, 3, 12, 43, 93, 98, 110, 176, 207, 209, 210, 223, 250, 267, 302, 374, 425, 426, 444, 449, 471, 478]",0,none,,,0,0,0,none,,0,none,,0,none,,none,1,Linear Trend,Point Anomalies,1,0,0,0,0,0,1,0,0,0,0,0,0,0,0,1
2021-01-09,-6.638449118033469,0,0,1,0,0,0,0,0,1,0,0,0,1,0,0,0,0,0,22,"[0, 3, 12, 43, 93, 98, 110, 176, 207, 209, 210, 223, 250, 267, 302, 374, 425, 426, 444, 449, 471, 478]","[0, 3, 12, 43, 93, 98, 110, 176, 207, 209, 210, 223, 250, 267, 302, 374, 425, 426, 444, 449, 471, 478]",0,none,,,0,0,0,none,,0,none,,0,none,,none,1,Linear Trend,Point Anomalies,1,0,0,0,0,0,1,0,0,0,0,0,0,0,0,1
2021-01-10,-0.8112552263782125,0,0,1,0,0,0,0,0,1,0,0,0,1,0,0,0,0,0,22,"[0, 3, 12, 43, 93, 98, 110, 176, 207, 209, 210, 223, 250, 267, 302, 374, 425, 426, 444, 449, 471, 478]","[0, 3, 12, 43, 93, 98, 110, 176, 207, 209, 210, 223, 250, 267, 302, 374, 425, 426, 444, 449, 471, 478]",0,none,,,0,0,0,none,,0,none,,0,none,,none,1,Linear Trend,Point Anomalies,1,0,0,0,0,0,1,0,0,0,0,0,0,0,0,1
2021-01-11,-0.8182070835855169,0,0,1,0,0,0,0,0,1,0,0,0,1,0,0,0,0,0,22,"[0, 3, 12, 43, 93, 98, 110, 176, 207, 209, 210, 223, 250, 267, 302, 374, 425, 426, 444, 449, 471, 478]","[0, 3, 12, 43, 93, 98, 110, 176, 207, 209, 210, 223, 250, 267, 302, 374, 425, 426, 444, 449, 471, 478]",0,none,,,0,0,0,none,,0,none,,0,none,,none,1,Linear Trend,Point Anomalies,1,0,0,0,0,0,1,0,0,0,0,0,0,0,0,1
2021-01-12,-0.8452938732804849,0,0,1,0,0,0,0,0,1,0,0,0,1,0,0,0,0,0,22,"[0, 3, 12, 43, 93, 98, 110, 176, 207, 209, 210, 223, 250, 267, 302, 374, 425, 426, 444, 449, 471, 478]","[0, 3, 12, 43, 93, 98, 110, 176, 207, 209, 210, 223, 250, 267, 302, 374, 425, 426, 444, 449, 471, 478]",0,none,,,0,0,0,none,,0,none,,0,none,,none,1,Linear Trend,Point Anomalies,1,0,0,0,0,0,1,0,0,0,0,0,0,0,0,1
2021-01-13,-0.8404279544896509,0,0,1,0,0,0,0,0,1,0,0,0,1,0,0,0,0,0,22,"[0, 3, 12, 43, 93, 98, 110, 176, 207, 209, 210, 223, 250, 267, 302, 374, 425, 426, 444, 449, 471, 478]","[0, 3, 12, 43, 93, 98, 110, 176, 207, 209, 210, 223, 250, 267, 302, 374, 425, 426, 444, 449, 471, 478]",0,none,,,0,0,0,none,,0,none,,0,none,,none,1,Linear Trend,Point Anomalies,1,0,0,0,0,0,1,0,0,0,0,0,0,0,0,1
2021-01-14,-0.8701598043263761,0,0,1,0,0,0,0,0,1,0,0,0,1,0,0,0,0,0,22,"[0, 3, 12, 43, 93, 98, 110, 176, 207, 209, 210, 223, 250, 267, 302, 374, 425, 426, 444, 449, 471, 478]","[0, 3, 12, 43, 93, 98, 110, 176, 207, 209, 210, 223, 250, 267, 302, 374, 425, 426, 444, 449, 471, 478]",0,none,,,0,0,0,none,,0,none,,0,none,,none,1,Linear Trend,Point Anomalies,1,0,0,0,0,0,1,0,0,0,0,0,0,0,0,1
2021-01-15,-0.8632952078020358,0,0,1,0,0,0,0,0,1,0,0,0,1,0,0,0,0,0,22,"[0, 3, 12, 43, 93, 98, 110, 176, 207, 209, 210, 223, 250, 267, 302, 374, 425, 426, 444, 449, 471, 478]","[0, 3, 12, 43, 93, 98, 110, 176, 207, 209, 210, 223, 250, 267, 302, 374, 425, 426, 444, 449, 471, 478]",0,none,,,0,0,0,none,,0,none,,0,none,,none,1,Linear Trend,Point Anomalies,1,0,0,0,0,0,1,0,0,0,0,0,0,0,0,1
2021-01-16,-0.879379671200724,0,0,1,0,0,0,0,0,1,0,0,0,1,0,0,0,0,0,22,"[0, 3, 12, 43, 93, 98, 110, 176, 207, 209, 210, 223, 250, 267, 302, 374, 425, 426, 444, 449, 471, 478]","[0, 3, 12, 43, 93, 98, 110, 176, 207, 209, 210, 223, 250, 267, 302, 374, 425, 426, 444, 449, 471, 478]",0,none,,,0,0,0,none,,0,none,,0,none,,none,1,Linear Trend,Point Anomalies,1,0,0,0,0,0,1,0,0,0,0,0,0,0,0,1
2021-01-17,-0.8687206106687188,0,0,1,0,0,0,0,0,1,0,0,0,1,0,0,0,0,0,22,"[0, 3, 12, 43, 93, 98, 110, 176, 207, 209, 210, 223, 250, 267, 302, 374, 425, 426, 444, 449, 471, 478]","[0, 3, 12, 43, 93, 98, 110, 176, 207, 209, 210, 223, 250, 267, 302, 374, 425, 426, 444, 449, 471, 478]",0,none,,,0,0,0,none,,0,none,,0,none,,none,1,Linear Trend,Point Anomalies,1,0,0,0,0,0,1,0,0,0,0,0,0,0,0,1
2021-01-18,-0.8864940758852898,0,0,1,0,0,0,0,0,1,0,0,0,1,0,0,0,0,0,22,"[0, 3, 12, 43, 93, 98, 110, 176, 207, 209, 210, 223, 250, 267, 302, 374, 425, 426, 444, 449, 471, 478]","[0, 3, 12, 43, 93, 98, 110, 176, 207, 209, 210, 223, 250, 267, 302, 374, 425, 426, 444, 449, 471, 478]",0,none,,,0,0,0,none,,0,none,,0,none,,none,1,Linear Trend,Point Anomalies,1,0,0,0,0,0,1,0,0,0,0,0,0,0,0,1
2021-01-19,-0.8861372239759421,0,0,1,0,0,0,0,0,1,0,0,0,1,0,0,0,0,0,22,"[0, 3, 12, 43, 93, 98, 110, 176, 207, 209, 210, 223, 250, 267, 302, 374, 425, 426, 444, 449, 471, 478]","[0, 3, 12, 43, 93, 98, 110, 176, 207, 209, 210, 223, 250, 267, 302, 374, 425, 426, 444, 449, 471, 478]",0,none,,,0,0,0,none,,0,none,,0,none,,none,1,Linear Trend,Point Anomalies,1,0,0,0,0,0,1,0,0,0,0,0,0,0,0,1
2021-01-20,-0.8893328194438591,0,0,1,0,0,0,0,0,1,0,0,0,1,0,0,0,0,0,22,"[0, 3, 12, 43, 93, 98, 110, 176, 207, 209, 210, 223, 250, 267, 302, 374, 425, 426, 444, 449, 471, 478]","[0, 3, 12, 43, 93, 98, 110, 176, 207, 209, 210, 223, 250, 267, 302, 374, 425, 426, 444, 449, 471, 478]",0,none,,,0,0,0,none,,0,none,,0,none,,none,1,Linear Trend,Point Anomalies,1,0,0,0,0,0,1,0,0,0,0,0,0,0,0,1
2021-01-21,-0.8936286092432832,0,0,1,0,0,0,0,0,1,0,0,0,1,0,0,0,0,0,22,"[0, 3, 12, 43, 93, 98, 110, 176, 207, 209, 210, 223, 250, 267, 302, 374, 425, 426, 444, 449, 471, 478]","[0, 3, 12, 43, 93, 98, 110, 176, 207, 209, 210, 223, 250, 267, 302, 374, 425, 426, 444, 449, 471, 478]",0,none,,,0,0,0,none,,0,none,,0,none,,none,1,Linear Trend,Point Anomalies,1,0,0,0,0,0,1,0,0,0,0,0,0,0,0,1
2021-01-22,-0.8923403793666197,0,0,1,0,0,0,0,0,1,0,0,0,1,0,0,0,0,0,22,"[0, 3, 12, 43, 93, 98, 110, 176, 207, 209, 210, 223, 250, 267, 302, 374, 425, 426, 444, 449, 471, 478]","[0, 3, 12, 43, 93, 98, 110, 176, 207, 209, 210, 223, 250, 267, 302, 374, 425, 426, 444, 449, 471, 478]",0,none,,,0,0,0,none,,0,none,,0,none,,none,1,Linear Trend,Point Anomalies,1,0,0,0,0,0,1,0,0,0,0,0,0,0,0,1
2021-01-23,-0.9248409214806259,0,0,1,0,0,0,0,0,1,0,0,0,1,0,0,0,0,0,22,"[0, 3, 12, 43, 93, 98, 110, 176, 207, 209, 210, 223, 250, 267, 302, 374, 425, 426, 444, 449, 471, 478]","[0, 3, 12, 43, 93, 98, 110, 176, 207, 209, 210, 223, 250, 267, 302, 374, 425, 426, 444, 449, 471, 478]",0,none,,,0,0,0,none,,0,none,,0,none,,none,1,Linear Trend,Point Anomalies,1,0,0,0,0,0,1,0,0,0,0,0,0,0,0,1
2021-01-24,-0.9394456461829128,0,0,1,0,0,0,0,0,1,0,0,0,1,0,0,0,0,0,22,"[0, 3, 12, 43, 93, 98, 110, 176, 207, 209, 210, 223, 250, 267, 302, 374, 425, 426, 444, 449, 471, 478]","[0, 3, 12, 43, 93, 98, 110, 176, 207, 209, 210, 223, 250, 267, 302, 374, 425, 426, 444, 449, 471, 478]",0,none,,,0,0,0,none,,0,none,,0,none,,none,1,Linear Trend,Point Anomalies,1,0,0,0,0,0,1,0,0,0,0,0,0,0,0,1
2021-01-25,-0.9319839587744608,0,0,1,0,0,0,0,0,1,0,0,0,1,0,0,0,0,0,22,"[0, 3, 12, 43, 93, 98, 110, 176, 207, 209, 210, 223, 250, 267, 302, 374, 425, 426, 444, 449, 471, 478]","[0, 3, 12, 43, 93, 98, 110, 176, 207, 209, 210, 223, 250, 267, 302, 374, 425, 426, 444, 449, 471, 478]",0,none,,,0,0,0,none,,0,none,,0,none,,none,1,Linear Trend,Point Anomalies,1,0,0,0,0,0,1,0,0,0,0,0,0,0,0,1
2021-01-26,-0.9372397286000095,0,0,1,0,0,0,0,0,1,0,0,0,1,0,0,0,0,0,22,"[0, 3, 12, 43, 93, 98, 110, 176, 207, 209, 210, 223, 250, 267, 302, 374, 425, 426, 444, 449, 471, 478]","[0, 3, 12, 43, 93, 98, 110, 176, 207, 209, 210, 223, 250, 267, 302, 374, 425, 426, 444, 449, 471, 478]",0,none,,,0,0,0,none,,0,none,,0,none,,none,1,Linear Trend,Point Anomalies,1,0,0,0,0,0,1,0,0,0,0,0,0,0,0,1
2021-01-27,-0.9355917690266701,0,0,1,0,0,0,0,0,1,0,0,0,1,0,0,0,0,0,22,"[0, 3, 12, 43, 93, 98, 110, 176, 207, 209, 210, 223, 250, 267, 302, 374, 425, 426, 444, 449, 471, 478]","[0, 3, 12, 43, 93, 98, 110, 176, 207, 209, 210, 223, 250, 267, 302, 374, 425, 426, 444, 449, 471, 478]",0,none,,,0,0,0,none,,0,none,,0,none,,none,1,Linear Trend,Point Anomalies,1,0,0,0,0,0,1,0,0,0,0,0,0,0,0,1
2021-01-28,-0.9578187323572815,0,0,1,0,0,0,0,0,1,0,0,0,1,0,0,0,0,0,22,"[0, 3, 12, 43, 93, 98, 110, 176, 207, 209, 210, 223, 250, 267, 302, 374, 425, 426, 444, 449, 471, 478]","[0, 3, 12, 43, 93, 98, 110, 176, 207, 209, 210, 223, 250, 267, 302, 374, 425, 426, 444, 449, 471, 478]",0,none,,,0,0,0,none,,0,none,,0,none,,none,1,Linear Trend,Point Anomalies,1,0,0,0,0,0,1,0,0,0,0,0,0,0,0,1
2021-01-29,-0.9866755319699678,0,0,1,0,0,0,0,0,1,0,0,0,1,0,0,0,0,0,22,"[0, 3, 12, 43, 93, 98, 110, 176, 207, 209, 210, 223, 250, 267, 302, 374, 425, 426, 444, 449, 471, 478]","[0, 3, 12, 43, 93, 98, 110, 176, 207, 209, 210, 223, 250, 267, 302, 374, 425, 426, 444, 449, 471, 478]",0,none,,,0,0,0,none,,0,none,,0,none,,none,1,Linear Trend,Point Anomalies,1,0,0,0,0,0,1,0,0,0,0,0,0,0,0,1
2021-01-30,-0.9764258795452235,0,0,1,0,0,0,0,0,1,0,0,0,1,0,0,0,0,0,22,"[0, 3, 12, 43, 93, 98, 110, 176, 207, 209, 210, 223, 250, 267, 302, 374, 425, 426, 444, 449, 471, 478]","[0, 3, 12, 43, 93, 98, 110, 176, 207, 209, 210, 223, 250, 267, 302, 374, 425, 426, 444, 449, 471, 478]",0,none,,,0,0,0,none,,0,none,,0,none,,none,1,Linear Trend,Point Anomalies,1,0,0,0,0,0,1,0,0,0,0,0,0,0,0,1
2021-01-31,-0.9619330950757433,0,0,1,0,0,0,0,0,1,0,0,0,1,0,0,0,0,0,22,"[0, 3, 12, 43, 93, 98, 110, 176, 207, 209, 210, 223, 250, 267, 302, 374, 425, 426, 444, 449, 471, 478]","[0, 3, 12, 43, 93, 98, 110, 176, 207, 209, 210, 223, 250, 267, 302, 374, 425, 426, 444, 449, 471, 478]",0,none,,,0,0,0,none,,0,none,,0,none,,none,1,Linear Trend,Point Anomalies,1,0,0,0,0,0,1,0,0,0,0,0,0,0,0,1
2021-02-01,-0.9646454139343782,0,0,1,0,0,0,0,0,1,0,0,0,1,0,0,0,0,0,22,"[0, 3, 12, 43, 93, 98, 110, 176, 207, 209, 210, 223, 250, 267, 302, 374, 425, 426, 444, 449, 471, 478]","[0, 3, 12, 43, 93, 98, 110, 176, 207, 209, 210, 223, 250, 267, 302, 374, 425, 426, 444, 449, 471, 478]",0,none,,,0,0,0,none,,0,none,,0,none,,none,1,Linear Trend,Point Anomalies,1,0,0,0,0,0,1,0,0,0,0,0,0,0,0,1
2021-02-02,-0.9783220476606422,0,0,1,0,0,0,0,0,1,0,0,0,1,0,0,0,0,0,22,"[0, 3, 12, 43, 93, 98, 110, 176, 207, 209, 210, 223, 250, 267, 302, 374, 425, 426, 444, 449, 471, 478]","[0, 3, 12, 43, 93, 98, 110, 176, 207, 209, 210, 223, 250, 267, 302, 374, 425, 426, 444, 449, 471, 478]",0,none,,,0,0,0,none,,0,none,,0,none,,none,1,Linear Trend,Point Anomalies,1,0,0,0,0,0,1,0,0,0,0,0,0,0,0,1
2021-02-03,-0.9899750669570224,0,0,1,0,0,0,0,0,1,0,0,0,1,0,0,0,0,0,22,"[0, 3, 12, 43, 93, 98, 110, 176, 207, 209, 210, 223, 250, 267, 302, 374, 425, 426, 444, 449, 471, 478]","[0, 3, 12, 43, 93, 98, 110, 176, 207, 209, 210, 223, 250, 267, 302, 374, 425, 426, 444, 449, 471, 478]",0,none,,,0,0,0,none,,0,none,,0,none,,none,1,Linear Trend,Point Anomalies,1,0,0,0,0,0,1,0,0,0,0,0,0,0,0,1
2021-02-04,-0.9901615129408822,0,0,1,0,0,0,0,0,1,0,0,0,1,0,0,0,0,0,22,"[0, 3, 12, 43, 93, 98, 110, 176, 207, 209, 210, 223, 250, 267, 302, 374, 425, 426, 444, 449, 471, 478]","[0, 3, 12, 43, 93, 98, 110, 176, 207, 209, 210, 223, 250, 267, 302, 374, 425, 426, 444, 449, 471, 478]",0,none,,,0,0,0,none,,0,none,,0,none,,none,1,Linear Trend,Point Anomalies,1,0,0,0,0,0,1,0,0,0,0,0,0,0,0,1
2021-02-05,-1.0068714438485284,0,0,1,0,0,0,0,0,1,0,0,0,1,0,0,0,0,0,22,"[0, 3, 12, 43, 93, 98, 110, 176, 207, 209, 210, 223, 250, 267, 302, 374, 425, 426, 444, 449, 471, 478]","[0, 3, 12, 43, 93, 98, 110, 176, 207, 209, 210, 223, 250, 267, 302, 374, 425, 426, 444, 449, 471, 478]",0,none,,,0,0,0,none,,0,none,,0,none,,none,1,Linear Trend,Point Anomalies,1,0,0,0,0,0,1,0,0,0,0,0,0,0,0,1
2021-02-06,-1.0133756735943669,0,0,1,0,0,0,0,0,1,0,0,0,1,0,0,0,0,0,22,"[0, 3, 12, 43, 93, 98, 110, 176, 207, 209, 210, 223, 250, 267, 302, 374, 425, 426, 444, 449, 471, 478]","[0, 3, 12, 43, 93, 98, 110, 176, 207, 209, 210, 223, 250, 267, 302, 374, 425, 426, 444, 449, 471, 478]",0,none,,,0,0,0,none,,0,none,,0,none,,none,1,Linear Trend,Point Anomalies,1,0,0,0,0,0,1,0,0,0,0,0,0,0,0,1
2021-02-07,-1.0125849478052904,0,0,1,0,0,0,0,0,1,0,0,0,1,0,0,0,0,0,22,"[0, 3, 12, 43, 93, 98, 110, 176, 207, 209, 210, 223, 250, 267, 302, 374, 425, 426, 444, 449, 471, 478]","[0, 3, 12, 43, 93, 98, 110, 176, 207, 209, 210, 223, 250, 267, 302, 374, 425, 426, 444, 449, 471, 478]",0,none,,,0,0,0,none,,0,none,,0,none,,none,1,Linear Trend,Point Anomalies,1,0,0,0,0,0,1,0,0,0,0,0,0,0,0,1
2021-02-08,-1.0139847001695466,0,0,1,0,0,0,0,0,1,0,0,0,1,0,0,0,0,0,22,"[0, 3, 12, 43, 93, 98, 110, 176, 207, 209, 210, 223, 250, 267, 302, 374, 425, 426, 444, 449, 471, 478]","[0, 3, 12, 43, 93, 98, 110, 176, 207, 209, 210, 223, 250, 267, 302, 374, 425, 426, 444, 449, 471, 478]",0,none,,,0,0,0,none,,0,none,,0,none,,none,1,Linear Trend,Point Anomalies,1,0,0,0,0,0,1,0,0,0,0,0,0,0,0,1
2021-02-09,-1.0203168905427844,0,0,1,0,0,0,0,0,1,0,0,0,1,0,0,0,0,0,22,"[0, 3, 12, 43, 93, 98, 110, 176, 207, 209, 210, 223, 250, 267, 302, 374, 425, 426, 444, 449, 471, 478]","[0, 3, 12, 43, 93, 98, 110, 176, 207, 209, 210, 223, 250, 267, 302, 374, 425, 426, 444, 449, 471, 478]",0,none,,,0,0,0,none,,0,none,,0,none,,none,1,Linear Trend,Point Anomalies,1,0,0,0,0,0,1,0,0,0,0,0,0,0,0,1
2021-02-10,-1.0451116532848421,0,0,1,0,0,0,0,0,1,0,0,0,1,0,0,0,0,0,22,"[0, 3, 12, 43, 93, 98, 110, 176, 207, 209, 210, 223, 250, 267, 302, 374, 425, 426, 444, 449, 471, 478]","[0, 3, 12, 43, 93, 98, 110, 176, 207, 209, 210, 223, 250, 267, 302, 374, 425, 426, 444, 449, 471, 478]",0,none,,,0,0,0,none,,0,none,,0,none,,none,1,Linear Trend,Point Anomalies,1,0,0,0,0,0,1,0,0,0,0,0,0,0,0,1
2021-02-11,-1.0461054217251997,0,0,1,0,0,0,0,0,1,0,0,0,1,0,0,0,0,0,22,"[0, 3, 12, 43, 93, 98, 110, 176, 207, 209, 210, 223, 250, 267, 302, 374, 425, 426, 444, 449, 471, 478]","[0, 3, 12, 43, 93, 98, 110, 176, 207, 209, 210, 223, 250, 267, 302, 374, 425, 426, 444, 449, 471, 478]",0,none,,,0,0,0,none,,0,none,,0,none,,none,1,Linear Trend,Point Anomalies,1,0,0,0,0,0,1,0,0,0,0,0,0,0,0,1
2021-02-12,-1.0636862395945448,0,0,1,0,0,0,0,0,1,0,0,0,1,0,0,0,0,0,22,"[0, 3, 12, 43, 93, 98, 110, 176, 207, 209, 210, 223, 250, 267, 302, 374, 425, 426, 444, 449, 471, 478]","[0, 3, 12, 43, 93, 98, 110, 176, 207, 209, 210, 223, 250, 267, 302, 374, 425, 426, 444, 449, 471, 478]",0,none,,,0,0,0,none,,0,none,,0,none,,none,1,Linear Trend,Point Anomalies,1,0,0,0,0,0,1,0,0,0,0,0,0,0,0,1
2021-02-13,-1.020168455870043,0,0,1,0,0,0,0,0,1,0,0,0,1,0,0,0,0,0,22,"[0, 3, 12, 43, 93, 98, 110, 176, 207, 209, 210, 223, 250, 267, 302, 374, 425, 426, 444, 449, 471, 478]","[0, 3, 12, 43, 93, 98, 110, 176, 207, 209, 210, 223, 250, 267, 302, 374, 425, 426, 444, 449, 471, 478]",0,none,,,0,0,0,none,,0,none,,0,none,,none,1,Linear Trend,Point Anomalies,1,0,0,0,0,0,1,0,0,0,0,0,0,0,0,1
2021-02-14,-1.09275652117825,0,0,1,0,0,0,0,0,1,0,0,0,1,0,0,0,0,0,22,"[0, 3, 12, 43, 93, 98, 110, 176, 207, 209, 210, 223, 250, 267, 302, 374, 425, 426, 444, 449, 471, 478]","[0, 3, 12, 43, 93, 98, 110, 176, 207, 209, 210, 223, 250, 267, 302, 374, 425, 426, 444, 449, 471, 478]",0,none,,,0,0,0,none,,0,none,,0,none,,none,1,Linear Trend,Point Anomalies,1,0,0,0,0,0,1,0,0,0,0,0,0,0,0,1
2021-02-15,-1.0799666729620954,0,0,1,0,0,0,0,0,1,0,0,0,1,0,0,0,0,0,22,"[0, 3, 12, 43, 93, 98, 110, 176, 207, 209, 210, 223, 250, 267, 302, 374, 425, 426, 444, 449, 471, 478]","[0, 3, 12, 43, 93, 98, 110, 176, 207, 209, 210, 223, 250, 267, 302, 374, 425, 426, 444, 449, 471, 478]",0,none,,,0,0,0,none,,0,none,,0,none,,none,1,Linear Trend,Point Anomalies,1,0,0,0,0,0,1,0,0,0,0,0,0,0,0,1
2021-02-16,-1.0654567481390478,0,0,1,0,0,0,0,0,1,0,0,0,1,0,0,0,0,0,22,"[0, 3, 12, 43, 93, 98, 110, 176, 207, 209, 210, 223, 250, 267, 302, 374, 425, 426, 444, 449, 471, 478]","[0, 3, 12, 43, 93, 98, 110, 176, 207, 209, 210, 223, 250, 267, 302, 374, 425, 426, 444, 449, 471, 478]",0,none,,,0,0,0,none,,0,none,,0,none,,none,1,Linear Trend,Point Anomalies,1,0,0,0,0,0,1,0,0,0,0,0,0,0,0,1
2021-02-17,-1.0576639853434062,0,0,1,0,0,0,0,0,1,0,0,0,1,0,0,0,0,0,22,"[0, 3, 12, 43, 93, 98, 110, 176, 207, 209, 210, 223, 250, 267, 302, 374, 425, 426, 444, 449, 471, 478]","[0, 3, 12, 43, 93, 98, 110, 176, 207, 209, 210, 223, 250, 267, 302, 374, 425, 426, 444, 449, 471, 478]",0,none,,,0,0,0,none,,0,none,,0,none,,none,1,Linear Trend,Point Anomalies,1,0,0,0,0,0,1,0,0,0,0,0,0,0,0,1
2021-02-18,-1.086249412505368,0,0,1,0,0,0,0,0,1,0,0,0,1,0,0,0,0,0,22,"[0, 3, 12, 43, 93, 98, 110, 176, 207, 209, 210, 223, 250, 267, 302, 374, 425, 426, 444, 449, 471, 478]","[0, 3, 12, 43, 93, 98, 110, 176, 207, 209, 210, 223, 250, 267, 302, 374, 425, 426, 444, 449, 471, 478]",0,none,,,0,0,0,none,,0,none,,0,none,,none,1,Linear Trend,Point Anomalies,1,0,0,0,0,0,1,0,0,0,0,0,0,0,0,1
2021-02-19,-1.0961019284562477,0,0,1,0,0,0,0,0,1,0,0,0,1,0,0,0,0,0,22,"[0, 3, 12, 43, 93, 98, 110, 176, 207, 209, 210, 223, 250, 267, 302, 374, 425, 426, 444, 449, 471, 478]","[0, 3, 12, 43, 93, 98, 110, 176, 207, 209, 210, 223, 250, 267, 302, 374, 425, 426, 444, 449, 471, 478]",0,none,,,0,0,0,none,,0,none,,0,none,,none,1,Linear Trend,Point Anomalies,1,0,0,0,0,0,1,0,0,0,0,0,0,0,0,1
2021-02-20,-1.1090816996542876,0,0,1,0,0,0,0,0,1,0,0,0,1,0,0,0,0,0,22,"[0, 3, 12, 43, 93, 98, 110, 176, 207, 209, 210, 223, 250, 267, 302, 374, 425, 426, 444, 449, 471, 478]","[0, 3, 12, 43, 93, 98, 110, 176, 207, 209, 210, 223, 250, 267, 302, 374, 425, 426, 444, 449, 471, 478]",0,none,,,0,0,0,none,,0,none,,0,none,,none,1,Linear Trend,Point Anomalies,1,0,0,0,0,0,1,0,0,0,0,0,0,0,0,1
2021-02-21,-1.0909335943195548,0,0,1,0,0,0,0,0,1,0,0,0,1,0,0,0,0,0,22,"[0, 3, 12, 43, 93, 98, 110, 176, 207, 209, 210, 223, 250, 267, 302, 374, 425, 426, 444, 449, 471, 478]","[0, 3, 12, 43, 93, 98, 110, 176, 207, 209, 210, 223, 250, 267, 302, 374, 425, 426, 444, 449, 471, 478]",0,none,,,0,0,0,none,,0,none,,0,none,,none,1,Linear Trend,Point Anomalies,1,0,0,0,0,0,1,0,0,0,0,0,0,0,0,1
2021-02-22,-1.1107492395223542,0,0,1,0,0,0,0,0,1,0,0,0,1,0,0,0,0,0,22,"[0, 3, 12, 43, 93, 98, 110, 176, 207, 209, 210, 223, 250, 267, 302, 374, 425, 426, 444, 449, 471, 478]","[0, 3, 12, 43, 93, 98, 110, 176, 207, 209, 210, 223, 250, 267, 302, 374, 425, 426, 444, 449, 471, 478]",0,none,,,0,0,0,none,,0,none,,0,none,,none,1,Linear Trend,Point Anomalies,1,0,0,0,0,0,1,0,0,0,0,0,0,0,0,1
2021-02-23,-1.13125856283035,0,0,1,0,0,0,0,0,1,0,0,0,1,0,0,0,0,0,22,"[0, 3, 12, 43, 93, 98, 110, 176, 207, 209, 210, 223, 250, 267, 302, 374, 425, 426, 444, 449, 471, 478]","[0, 3, 12, 43, 93, 98, 110, 176, 207, 209, 210, 223, 250, 267, 302, 374, 425, 426, 444, 449, 471, 478]",0,none,,,0,0,0,none,,0,none,,0,none,,none,1,Linear Trend,Point Anomalies,1,0,0,0,0,0,1,0,0,0,0,0,0,0,0,1
2021-02-24,-1.1660471714875644,0,0,1,0,0,0,0,0,1,0,0,0,1,0,0,0,0,0,22,"[0, 3, 12, 43, 93, 98, 110, 176, 207, 209, 210, 223, 250, 267, 302, 374, 425, 426, 444, 449, 471, 478]","[0, 3, 12, 43, 93, 98, 110, 176, 207, 209, 210, 223, 250, 267, 302, 374, 425, 426, 444, 449, 471, 478]",0,none,,,0,0,0,none,,0,none,,0,none,,none,1,Linear Trend,Point Anomalies,1,0,0,0,0,0,1,0,0,0,0,0,0,0,0,1
2021-02-25,-1.1036531312493236,0,0,1,0,0,0,0,0,1,0,0,0,1,0,0,0,0,0,22,"[0, 3, 12, 43, 93, 98, 110, 176, 207, 209, 210, 223, 250, 267, 302, 374, 425, 426, 444, 449, 471, 478]","[0, 3, 12, 43, 93, 98, 110, 176, 207, 209, 210, 223, 250, 267, 302, 374, 425, 426, 444, 449, 471, 478]",0,none,,,0,0,0,none,,0,none,,0,none,,none,1,Linear Trend,Point Anomalies,1,0,0,0,0,0,1,0,0,0,0,0,0,0,0,1
2021-02-26,-1.0732815311368666,0,0,1,0,0,0,0,0,1,0,0,0,1,0,0,0,0,0,22,"[0, 3, 12, 43, 93, 98, 110, 176, 207, 209, 210, 223, 250, 267, 302, 374, 425, 426, 444, 449, 471, 478]","[0, 3, 12, 43, 93, 98, 110, 176, 207, 209, 210, 223, 250, 267, 302, 374, 425, 426, 444, 449, 471, 478]",0,none,,,0,0,0,none,,0,none,,0,none,,none,1,Linear Trend,Point Anomalies,1,0,0,0,0,0,1,0,0,0,0,0,0,0,0,1
2021-02-27,-1.2398266758248901,0,0,1,0,0,0,0,0,1,0,0,0,1,0,0,0,0,0,22,"[0, 3, 12, 43, 93, 98, 110, 176, 207, 209, 210, 223, 250, 267, 302, 374, 425, 426, 444, 449, 471, 478]","[0, 3, 12, 43, 93, 98, 110, 176, 207, 209, 210, 223, 250, 267, 302, 374, 425, 426, 444, 449, 471, 478]",0,none,,,0,0,0,none,,0,none,,0,none,,none,1,Linear Trend,Point Anomalies,1,0,0,0,0,0,1,0,0,0,0,0,0,0,0,1
2021-02-28,-1.220756458471091,0,0,1,0,0,0,0,0,1,0,0,0,1,0,0,0,0,0,22,"[0, 3, 12, 43, 93, 98, 110, 176, 207, 209, 210, 223, 250, 267, 302, 374, 425, 426, 444, 449, 471, 478]","[0, 3, 12, 43, 93, 98, 110, 176, 207, 209, 210, 223, 250, 267, 302, 374, 425, 426, 444, 449, 471, 478]",0,none,,,0,0,0,none,,0,none,,0,none,,none,1,Linear Trend,Point Anomalies,1,0,0,0,0,0,1,0,0,0,0,0,0,0,0,1
2021-03-01,4.620222519362512,0,0,1,0,0,0,0,0,1,0,0,0,1,0,0,0,0,0,22,"[0, 3, 12, 43, 93, 98, 110, 176, 207, 209, 210, 223, 250, 267, 302, 374, 425, 426, 444, 449, 471, 478]","[0, 3, 12, 43, 93, 98, 110, 176, 207, 209, 210, 223, 250, 267, 302, 374, 425, 426, 444, 449, 471, 478]",0,none,,,0,0,0,none,,0,none,,0,none,,none,1,Linear Trend,Point Anomalies,1,0,0,0,0,0,1,0,0,0,0,0,0,0,0,1
2021-03-02,4.747744732391551,0,0,1,0,0,0,0,0,1,0,0,0,1,0,0,0,0,0,22,"[0, 3, 12, 43, 93, 98, 110, 176, 207, 209, 210, 223, 250, 267, 302, 374, 425, 426, 444, 449, 471, 478]","[0, 3, 12, 43, 93, 98, 110, 176, 207, 209, 210, 223, 250, 267, 302, 374, 425, 426, 444, 449, 471, 478]",0,none,,,0,0,0,none,,0,none,,0,none,,none,1,Linear Trend,Point Anomalies,1,0,0,0,0,0,1,0,0,0,0,0,0,0,0,1
2021-03-03,-1.2305973951650937,0,0,1,0,0,0,0,0,1,0,0,0,1,0,0,0,0,0,22,"[0, 3, 12, 43, 93, 98, 110, 176, 207, 209, 210, 223, 250, 267, 302, 374, 425, 426, 444, 449, 471, 478]","[0, 3, 12, 43, 93, 98, 110, 176, 207, 209, 210, 223, 250, 267, 302, 374, 425, 426, 444, 449, 471, 478]",0,none,,,0,0,0,none,,0,none,,0,none,,none,1,Linear Trend,Point Anomalies,1,0,0,0,0,0,1,0,0,0,0,0,0,0,0,1
2021-03-04,-1.22827247019671,0,0,1,0,0,0,0,0,1,0,0,0,1,0,0,0,0,0,22,"[0, 3, 12, 43, 93, 98, 110, 176, 207, 209, 210, 223, 250, 267, 302, 374, 425, 426, 444, 449, 471, 478]","[0, 3, 12, 43, 93, 98, 110, 176, 207, 209, 210, 223, 250, 267, 302, 374, 425, 426, 444, 449, 471, 478]",0,none,,,0,0,0,none,,0,none,,0,none,,none,1,Linear Trend,Point Anomalies,1,0,0,0,0,0,1,0,0,0,0,0,0,0,0,1
2021-03-05,-1.2414912903932886,0,0,1,0,0,0,0,0,1,0,0,0,1,0,0,0,0,0,22,"[0, 3, 12, 43, 93, 98, 110, 176, 207, 209, 210, 223, 250, 267, 302, 374, 425, 426, 444, 449, 471, 478]","[0, 3, 12, 43, 93, 98, 110, 176, 207, 209, 210, 223, 250, 267, 302, 374, 425, 426, 444, 449, 471, 478]",0,none,,,0,0,0,none,,0,none,,0,none,,none,1,Linear Trend,Point Anomalies,1,0,0,0,0,0,1,0,0,0,0,0,0,0,0,1
2021-03-06,-1.2417835057784488,0,0,1,0,0,0,0,0,1,0,0,0,1,0,0,0,0,0,22,"[0, 3, 12, 43, 93, 98, 110, 176, 207, 209, 210, 223, 250, 267, 302, 374, 425, 426, 444, 449, 471, 478]","[0, 3, 12, 43, 93, 98, 110, 176, 207, 209, 210, 223, 250, 267, 302, 374, 425, 426, 444, 449, 471, 478]",0,none,,,0,0,0,none,,0,none,,0,none,,none,1,Linear Trend,Point Anomalies,1,0,0,0,0,0,1,0,0,0,0,0,0,0,0,1
2021-03-07,-1.1380130422365455,0,0,1,0,0,0,0,0,1,0,0,0,1,0,0,0,0,0,22,"[0, 3, 12, 43, 93, 98, 110, 176, 207, 209, 210, 223, 250, 267, 302, 374, 425, 426, 444, 449, 471, 478]","[0, 3, 12, 43, 93, 98, 110, 176, 207, 209, 210, 223, 250, 267, 302, 374, 425, 426, 444, 449, 471, 478]",0,none,,,0,0,0,none,,0,none,,0,none,,none,1,Linear Trend,Point Anomalies,1,0,0,0,0,0,1,0,0,0,0,0,0,0,0,1
2021-03-08,-1.2321775488264162,0,0,1,0,0,0,0,0,1,0,0,0,1,0,0,0,0,0,22,"[0, 3, 12, 43, 93, 98, 110, 176, 207, 209, 210, 223, 250, 267, 302, 374, 425, 426, 444, 449, 471, 478]","[0, 3, 12, 43, 93, 98, 110, 176, 207, 209, 210, 223, 250, 267, 302, 374, 425, 426, 444, 449, 471, 478]",0,none,,,0,0,0,none,,0,none,,0,none,,none,1,Linear Trend,Point Anomalies,1,0,0,0,0,0,1,0,0,0,0,0,0,0,0,1
2021-03-09,-1.208986065242447,0,0,1,0,0,0,0,0,1,0,0,0,1,0,0,0,0,0,22,"[0, 3, 12, 43, 93, 98, 110, 176, 207, 209, 210, 223, 250, 267, 302, 374, 425, 426, 444, 449, 471, 478]","[0, 3, 12, 43, 93, 98, 110, 176, 207, 209, 210, 223, 250, 267, 302, 374, 425, 426, 444, 449, 471, 478]",0,none,,,0,0,0,none,,0,none,,0,none,,none,1,Linear Trend,Point Anomalies,1,0,0,0,0,0,1,0,0,0,0,0,0,0,0,1
2021-03-10,-1.2294736127885721,0,0,1,0,0,0,0,0,1,0,0,0,1,0,0,0,0,0,22,"[0, 3, 12, 43, 93, 98, 110, 176, 207, 209, 210, 223, 250, 267, 302, 374, 425, 426, 444, 449, 471, 478]","[0, 3, 12, 43, 93, 98, 110, 176, 207, 209, 210, 223, 250, 267, 302, 374, 425, 426, 444, 449, 471, 478]",0,none,,,0,0,0,none,,0,none,,0,none,,none,1,Linear Trend,Point Anomalies,1,0,0,0,0,0,1,0,0,0,0,0,0,0,0,1
2021-03-11,-1.236319274387234,0,0,1,0,0,0,0,0,1,0,0,0,1,0,0,0,0,0,22,"[0, 3, 12, 43, 93, 98, 110, 176, 207, 209, 210, 223, 250, 267, 302, 374, 425, 426, 444, 449, 471, 478]","[0, 3, 12, 43, 93, 98, 110, 176, 207, 209, 210, 223, 250, 267, 302, 374, 425, 426, 444, 449, 471, 478]",0,none,,,0,0,0,none,,0,none,,0,none,,none,1,Linear Trend,Point Anomalies,1,0,0,0,0,0,1,0,0,0,0,0,0,0,0,1
2021-03-12,-1.2453003655988928,0,0,1,0,0,0,0,0,1,0,0,0,1,0,0,0,0,0,22,"[0, 3, 12, 43, 93, 98, 110, 176, 207, 209, 210, 223, 250, 267, 302, 374, 425, 426, 444, 449, 471, 478]","[0, 3, 12, 43, 93, 98, 110, 176, 207, 209, 210, 223, 250, 267, 302, 374, 425, 426, 444, 449, 471, 478]",0,none,,,0,0,0,none,,0,none,,0,none,,none,1,Linear Trend,Point Anomalies,1,0,0,0,0,0,1,0,0,0,0,0,0,0,0,1
2021-03-13,-1.249416190187154,0,0,1,0,0,0,0,0,1,0,0,0,1,0,0,0,0,0,22,"[0, 3, 12, 43, 93, 98, 110, 176, 207, 209, 210, 223, 250, 267, 302, 374, 425, 426, 444, 449, 471, 478]","[0, 3, 12, 43, 93, 98, 110, 176, 207, 209, 210, 223, 250, 267, 302, 374, 425, 426, 444, 449, 471, 478]",0,none,,,0,0,0,none,,0,none,,0,none,,none,1,Linear Trend,Point Anomalies,1,0,0,0,0,0,1,0,0,0,0,0,0,0,0,1
2021-03-14,-1.2487371942774186,0,0,1,0,0,0,0,0,1,0,0,0,1,0,0,0,0,0,22,"[0, 3, 12, 43, 93, 98, 110, 176, 207, 209, 210, 223, 250, 267, 302, 374, 425, 426, 444, 449, 471, 478]","[0, 3, 12, 43, 93, 98, 110, 176, 207, 209, 210, 223, 250, 267, 302, 374, 425, 426, 444, 449, 471, 478]",0,none,,,0,0,0,none,,0,none,,0,none,,none,1,Linear Trend,Point Anomalies,1,0,0,0,0,0,1,0,0,0,0,0,0,0,0,1
2021-03-15,-1.2585487443248975,0,0,1,0,0,0,0,0,1,0,0,0,1,0,0,0,0,0,22,"[0, 3, 12, 43, 93, 98, 110, 176, 207, 209, 210, 223, 250, 267, 302, 374, 425, 426, 444, 449, 471, 478]","[0, 3, 12, 43, 93, 98, 110, 176, 207, 209, 210, 223, 250, 267, 302, 374, 425, 426, 444, 449, 471, 478]",0,none,,,0,0,0,none,,0,none,,0,none,,none,1,Linear Trend,Point Anomalies,1,0,0,0,0,0,1,0,0,0,0,0,0,0,0,1
2021-03-16,-1.255938196203815,0,0,1,0,0,0,0,0,1,0,0,0,1,0,0,0,0,0,22,"[0, 3, 12, 43, 93, 98, 110, 176, 207, 209, 210, 223, 250, 267, 302, 374, 425, 426, 444, 449, 471, 478]","[0, 3, 12, 43, 93, 98, 110, 176, 207, 209, 210, 223, 250, 267, 302, 374, 425, 426, 444, 449, 471, 478]",0,none,,,0,0,0,none,,0,none,,0,none,,none,1,Linear Trend,Point Anomalies,1,0,0,0,0,0,1,0,0,0,0,0,0,0,0,1
2021-03-17,-1.2556365898189374,0,0,1,0,0,0,0,0,1,0,0,0,1,0,0,0,0,0,22,"[0, 3, 12, 43, 93, 98, 110, 176, 207, 209, 210, 223, 250, 267, 302, 374, 425, 426, 444, 449, 471, 478]","[0, 3, 12, 43, 93, 98, 110, 176, 207, 209, 210, 223, 250, 267, 302, 374, 425, 426, 444, 449, 471, 478]",0,none,,,0,0,0,none,,0,none,,0,none,,none,1,Linear Trend,Point Anomalies,1,0,0,0,0,0,1,0,0,0,0,0,0,0,0,1
2021-03-18,-1.2951732707479893,0,0,1,0,0,0,0,0,1,0,0,0,1,0,0,0,0,0,22,"[0, 3, 12, 43, 93, 98, 110, 176, 207, 209, 210, 223, 250, 267, 302, 374, 425, 426, 444, 449, 471, 478]","[0, 3, 12, 43, 93, 98, 110, 176, 207, 209, 210, 223, 250, 267, 302, 374, 425, 426, 444, 449, 471, 478]",0,none,,,0,0,0,none,,0,none,,0,none,,none,1,Linear Trend,Point Anomalies,1,0,0,0,0,0,1,0,0,0,0,0,0,0,0,1
2021-03-19,-1.2951394230048028,0,0,1,0,0,0,0,0,1,0,0,0,1,0,0,0,0,0,22,"[0, 3, 12, 43, 93, 98, 110, 176, 207, 209, 210, 223, 250, 267, 302, 374, 425, 426, 444, 449, 471, 478]","[0, 3, 12, 43, 93, 98, 110, 176, 207, 209, 210, 223, 250, 267, 302, 374, 425, 426, 444, 449, 471, 478]",0,none,,,0,0,0,none,,0,none,,0,none,,none,1,Linear Trend,Point Anomalies,1,0,0,0,0,0,1,0,0,0,0,0,0,0,0,1
2021-03-20,-7.115122401119442,0,0,1,0,0,0,0,0,1,0,0,0,1,0,0,0,0,0,22,"[0, 3, 12, 43, 93, 98, 110, 176, 207, 209, 210, 223, 250, 267, 302, 374, 425, 426, 444, 449, 471, 478]","[0, 3, 12, 43, 93, 98, 110, 176, 207, 209, 210, 223, 250, 267, 302, 374, 425, 426, 444, 449, 471, 478]",0,none,,,0,0,0,none,,0,none,,0,none,,none,1,Linear Trend,Point Anomalies,1,0,0,0,0,0,1,0,0,0,0,0,0,0,0,1
2021-03-21,-1.290329478612349,0,0,1,0,0,0,0,0,1,0,0,0,1,0,0,0,0,0,22,"[0, 3, 12, 43, 93, 98, 110, 176, 207, 209, 210, 223, 250, 267, 302, 374, 425, 426, 444, 449, 471, 478]","[0, 3, 12, 43, 93, 98, 110, 176, 207, 209, 210, 223, 250, 267, 302, 374, 425, 426, 444, 449, 471, 478]",0,none,,,0,0,0,none,,0,none,,0,none,,none,1,Linear Trend,Point Anomalies,1,0,0,0,0,0,1,0,0,0,0,0,0,0,0,1
2021-03-22,-1.2875424587328967,0,0,1,0,0,0,0,0,1,0,0,0,1,0,0,0,0,0,22,"[0, 3, 12, 43, 93, 98, 110, 176, 207, 209, 210, 223, 250, 267, 302, 374, 425, 426, 444, 449, 471, 478]","[0, 3, 12, 43, 93, 98, 110, 176, 207, 209, 210, 223, 250, 267, 302, 374, 425, 426, 444, 449, 471, 478]",0,none,,,0,0,0,none,,0,none,,0,none,,none,1,Linear Trend,Point Anomalies,1,0,0,0,0,0,1,0,0,0,0,0,0,0,0,1
2021-03-23,-1.3041693589827652,0,0,1,0,0,0,0,0,1,0,0,0,1,0,0,0,0,0,22,"[0, 3, 12, 43, 93, 98, 110, 176, 207, 209, 210, 223, 250, 267, 302, 374, 425, 426, 444, 449, 471, 478]","[0, 3, 12, 43, 93, 98, 110, 176, 207, 209, 210, 223, 250, 267, 302, 374, 425, 426, 444, 449, 471, 478]",0,none,,,0,0,0,none,,0,none,,0,none,,none,1,Linear Trend,Point Anomalies,1,0,0,0,0,0,1,0,0,0,0,0,0,0,0,1
2021-03-24,-1.325834404720535,0,0,1,0,0,0,0,0,1,0,0,0,1,0,0,0,0,0,22,"[0, 3, 12, 43, 93, 98, 110, 176, 207, 209, 210, 223, 250, 267, 302, 374, 425, 426, 444, 449, 471, 478]","[0, 3, 12, 43, 93, 98, 110, 176, 207, 209, 210, 223, 250, 267, 302, 374, 425, 426, 444, 449, 471, 478]",0,none,,,0,0,0,none,,0,none,,0,none,,none,1,Linear Trend,Point Anomalies,1,0,0,0,0,0,1,0,0,0,0,0,0,0,0,1
2021-03-25,-7.141248329309966,0,0,1,0,0,0,0,0,1,0,0,0,1,0,0,0,0,0,22,"[0, 3, 12, 43, 93, 98, 110, 176, 207, 209, 210, 223, 250, 267, 302, 374, 425, 426, 444, 449, 471, 478]","[0, 3, 12, 43, 93, 98, 110, 176, 207, 209, 210, 223, 250, 267, 302, 374, 425, 426, 444, 449, 471, 478]",0,none,,,0,0,0,none,,0,none,,0,none,,none,1,Linear Trend,Point Anomalies,1,0,0,0,0,0,1,0,0,0,0,0,0,0,0,1
2021-03-26,-1.3193466423990858,0,0,1,0,0,0,0,0,1,0,0,0,1,0,0,0,0,0,22,"[0, 3, 12, 43, 93, 98, 110, 176, 207, 209, 210, 223, 250, 267, 302, 374, 425, 426, 444, 449, 471, 478]","[0, 3, 12, 43, 93, 98, 110, 176, 207, 209, 210, 223, 250, 267, 302, 374, 425, 426, 444, 449, 471, 478]",0,none,,,0,0,0,none,,0,none,,0,none,,none,1,Linear Trend,Point Anomalies,1,0,0,0,0,0,1,0,0,0,0,0,0,0,0,1
2021-03-27,-1.3293259907670176,0,0,1,0,0,0,0,0,1,0,0,0,1,0,0,0,0,0,22,"[0, 3, 12, 43, 93, 98, 110, 176, 207, 209, 210, 223, 250, 267, 302, 374, 425, 426, 444, 449, 471, 478]","[0, 3, 12, 43, 93, 98, 110, 176, 207, 209, 210, 223, 250, 267, 302, 374, 425, 426, 444, 449, 471, 478]",0,none,,,0,0,0,none,,0,none,,0,none,,none,1,Linear Trend,Point Anomalies,1,0,0,0,0,0,1,0,0,0,0,0,0,0,0,1
2021-03-28,-1.3552667392709952,0,0,1,0,0,0,0,0,1,0,0,0,1,0,0,0,0,0,22,"[0, 3, 12, 43, 93, 98, 110, 176, 207, 209, 210, 223, 250, 267, 302, 374, 425, 426, 444, 449, 471, 478]","[0, 3, 12, 43, 93, 98, 110, 176, 207, 209, 210, 223, 250, 267, 302, 374, 425, 426, 444, 449, 471, 478]",0,none,,,0,0,0,none,,0,none,,0,none,,none,1,Linear Trend,Point Anomalies,1,0,0,0,0,0,1,0,0,0,0,0,0,0,0,1
2021-03-29,-1.36554753384088,0,0,1,0,0,0,0,0,1,0,0,0,1,0,0,0,0,0,22,"[0, 3, 12, 43, 93, 98, 110, 176, 207, 209, 210, 223, 250, 267, 302, 374, 425, 426, 444, 449, 471, 478]","[0, 3, 12, 43, 93, 98, 110, 176, 207, 209, 210, 223, 250, 267, 302, 374, 425, 426, 444, 449, 471, 478]",0,none,,,0,0,0,none,,0,none,,0,none,,none,1,Linear Trend,Point Anomalies,1,0,0,0,0,0,1,0,0,0,0,0,0,0,0,1
2021-03-30,-1.3550348839287554,0,0,1,0,0,0,0,0,1,0,0,0,1,0,0,0,0,0,22,"[0, 3, 12, 43, 93, 98, 110, 176, 207, 209, 210, 223, 250, 267, 302, 374, 425, 426, 444, 449, 471, 478]","[0, 3, 12, 43, 93, 98, 110, 176, 207, 209, 210, 223, 250, 267, 302, 374, 425, 426, 444, 449, 471, 478]",0,none,,,0,0,0,none,,0,none,,0,none,,none,1,Linear Trend,Point Anomalies,1,0,0,0,0,0,1,0,0,0,0,0,0,0,0,1
2021-03-31,-1.3347785627102626,0,0,1,0,0,0,0,0,1,0,0,0,1,0,0,0,0,0,22,"[0, 3, 12, 43, 93, 98, 110, 176, 207, 209, 210, 223, 250, 267, 302, 374, 425, 426, 444, 449, 471, 478]","[0, 3, 12, 43, 93, 98, 110, 176, 207, 209, 210, 223, 250, 267, 302, 374, 425, 426, 444, 449, 471, 478]",0,none,,,0,0,0,none,,0,none,,0,none,,none,1,Linear Trend,Point Anomalies,1,0,0,0,0,0,1,0,0,0,0,0,0,0,0,1
2021-04-01,-1.3475190574013172,0,0,1,0,0,0,0,0,1,0,0,0,1,0,0,0,0,0,22,"[0, 3, 12, 43, 93, 98, 110, 176, 207, 209, 210, 223, 250, 267, 302, 374, 425, 426, 444, 449, 471, 478]","[0, 3, 12, 43, 93, 98, 110, 176, 207, 209, 210, 223, 250, 267, 302, 374, 425, 426, 444, 449, 471, 478]",0,none,,,0,0,0,none,,0,none,,0,none,,none,1,Linear Trend,Point Anomalies,1,0,0,0,0,0,1,0,0,0,0,0,0,0,0,1
2021-04-02,-1.4259727749829916,0,0,1,0,0,0,0,0,1,0,0,0,1,0,0,0,0,0,22,"[0, 3, 12, 43, 93, 98, 110, 176, 207, 209, 210, 223, 250, 267, 302, 374, 425, 426, 444, 449, 471, 478]","[0, 3, 12, 43, 93, 98, 110, 176, 207, 209, 210, 223, 250, 267, 302, 374, 425, 426, 444, 449, 471, 478]",0,none,,,0,0,0,none,,0,none,,0,none,,none,1,Linear Trend,Point Anomalies,1,0,0,0,0,0,1,0,0,0,0,0,0,0,0,1
2021-04-03,-1.4106743173991225,0,0,1,0,0,0,0,0,1,0,0,0,1,0,0,0,0,0,22,"[0, 3, 12, 43, 93, 98, 110, 176, 207, 209, 210, 223, 250, 267, 302, 374, 425, 426, 444, 449, 471, 478]","[0, 3, 12, 43, 93, 98, 110, 176, 207, 209, 210, 223, 250, 267, 302, 374, 425, 426, 444, 449, 471, 478]",0,none,,,0,0,0,none,,0,none,,0,none,,none,1,Linear Trend,Point Anomalies,1,0,0,0,0,0,1,0,0,0,0,0,0,0,0,1
2021-04-04,-1.3917056736466482,0,0,1,0,0,0,0,0,1,0,0,0,1,0,0,0,0,0,22,"[0, 3, 12, 43, 93, 98, 110, 176, 207, 209, 210, 223, 250, 267, 302, 374, 425, 426, 444, 449, 471, 478]","[0, 3, 12, 43, 93, 98, 110, 176, 207, 209, 210, 223, 250, 267, 302, 374, 425, 426, 444, 449, 471, 478]",0,none,,,0,0,0,none,,0,none,,0,none,,none,1,Linear Trend,Point Anomalies,1,0,0,0,0,0,1,0,0,0,0,0,0,0,0,1
2021-04-05,-1.402458714523077,0,0,1,0,0,0,0,0,1,0,0,0,1,0,0,0,0,0,22,"[0, 3, 12, 43, 93, 98, 110, 176, 207, 209, 210, 223, 250, 267, 302, 374, 425, 426, 444, 449, 471, 478]","[0, 3, 12, 43, 93, 98, 110, 176, 207, 209, 210, 223, 250, 267, 302, 374, 425, 426, 444, 449, 471, 478]",0,none,,,0,0,0,none,,0,none,,0,none,,none,1,Linear Trend,Point Anomalies,1,0,0,0,0,0,1,0,0,0,0,0,0,0,0,1
2021-04-06,-1.416233304637705,0,0,1,0,0,0,0,0,1,0,0,0,1,0,0,0,0,0,22,"[0, 3, 12, 43, 93, 98, 110, 176, 207, 209, 210, 223, 250, 267, 302, 374, 425, 426, 444, 449, 471, 478]","[0, 3, 12, 43, 93, 98, 110, 176, 207, 209, 210, 223, 250, 267, 302, 374, 425, 426, 444, 449, 471, 478]",0,none,,,0,0,0,none,,0,none,,0,none,,none,1,Linear Trend,Point Anomalies,1,0,0,0,0,0,1,0,0,0,0,0,0,0,0,1
2021-04-07,-1.4044681702873252,0,0,1,0,0,0,0,0,1,0,0,0,1,0,0,0,0,0,22,"[0, 3, 12, 43, 93, 98, 110, 176, 207, 209, 210, 223, 250, 267, 302, 374, 425, 426, 444, 449, 471, 478]","[0, 3, 12, 43, 93, 98, 110, 176, 207, 209, 210, 223, 250, 267, 302, 374, 425, 426, 444, 449, 471, 478]",0,none,,,0,0,0,none,,0,none,,0,none,,none,1,Linear Trend,Point Anomalies,1,0,0,0,0,0,1,0,0,0,0,0,0,0,0,1
2021-04-08,-1.4156795588500206,0,0,1,0,0,0,0,0,1,0,0,0,1,0,0,0,0,0,22,"[0, 3, 12, 43, 93, 98, 110, 176, 207, 209, 210, 223, 250, 267, 302, 374, 425, 426, 444, 449, 471, 478]","[0, 3, 12, 43, 93, 98, 110, 176, 207, 209, 210, 223, 250, 267, 302, 374, 425, 426, 444, 449, 471, 478]",0,none,,,0,0,0,none,,0,none,,0,none,,none,1,Linear Trend,Point Anomalies,1,0,0,0,0,0,1,0,0,0,0,0,0,0,0,1
2021-04-09,-1.4221991822297613,0,0,1,0,0,0,0,0,1,0,0,0,1,0,0,0,0,0,22,"[0, 3, 12, 43, 93, 98, 110, 176, 207, 209, 210, 223, 250, 267, 302, 374, 425, 426, 444, 449, 471, 478]","[0, 3, 12, 43, 93, 98, 110, 176, 207, 209, 210, 223, 250, 267, 302, 374, 425, 426, 444, 449, 471, 478]",0,none,,,0,0,0,none,,0,none,,0,none,,none,1,Linear Trend,Point Anomalies,1,0,0,0,0,0,1,0,0,0,0,0,0,0,0,1
2021-04-10,-1.4272467051175126,0,0,1,0,0,0,0,0,1,0,0,0,1,0,0,0,0,0,22,"[0, 3, 12, 43, 93, 98, 110, 176, 207, 209, 210, 223, 250, 267, 302, 374, 425, 426, 444, 449, 471, 478]","[0, 3, 12, 43, 93, 98, 110, 176, 207, 209, 210, 223, 250, 267, 302, 374, 425, 426, 444, 449, 471, 478]",0,none,,,0,0,0,none,,0,none,,0,none,,none,1,Linear Trend,Point Anomalies,1,0,0,0,0,0,1,0,0,0,0,0,0,0,0,1
2021-04-11,-1.4569058797552303,0,0,1,0,0,0,0,0,1,0,0,0,1,0,0,0,0,0,22,"[0, 3, 12, 43, 93, 98, 110, 176, 207, 209, 210, 223, 250, 267, 302, 374, 425, 426, 444, 449, 471, 478]","[0, 3, 12, 43, 93, 98, 110, 176, 207, 209, 210, 223, 250, 267, 302, 374, 425, 426, 444, 449, 471, 478]",0,none,,,0,0,0,none,,0,none,,0,none,,none,1,Linear Trend,Point Anomalies,1,0,0,0,0,0,1,0,0,0,0,0,0,0,0,1
2021-04-12,-1.455989418698541,0,0,1,0,0,0,0,0,1,0,0,0,1,0,0,0,0,0,22,"[0, 3, 12, 43, 93, 98, 110, 176, 207, 209, 210, 223, 250, 267, 302, 374, 425, 426, 444, 449, 471, 478]","[0, 3, 12, 43, 93, 98, 110, 176, 207, 209, 210, 223, 250, 267, 302, 374, 425, 426, 444, 449, 471, 478]",0,none,,,0,0,0,none,,0,none,,0,none,,none,1,Linear Trend,Point Anomalies,1,0,0,0,0,0,1,0,0,0,0,0,0,0,0,1
2021-04-13,-1.4606754035940275,0,0,1,0,0,0,0,0,1,0,0,0,1,0,0,0,0,0,22,"[0, 3, 12, 43, 93, 98, 110, 176, 207, 209, 210, 223, 250, 267, 302, 374, 425, 426, 444, 449, 471, 478]","[0, 3, 12, 43, 93, 98, 110, 176, 207, 209, 210, 223, 250, 267, 302, 374, 425, 426, 444, 449, 471, 478]",0,none,,,0,0,0,none,,0,none,,0,none,,none,1,Linear Trend,Point Anomalies,1,0,0,0,0,0,1,0,0,0,0,0,0,0,0,1
2021-04-14,-1.4605488872943215,0,0,1,0,0,0,0,0,1,0,0,0,1,0,0,0,0,0,22,"[0, 3, 12, 43, 93, 98, 110, 176, 207, 209, 210, 223, 250, 267, 302, 374, 425, 426, 444, 449, 471, 478]","[0, 3, 12, 43, 93, 98, 110, 176, 207, 209, 210, 223, 250, 267, 302, 374, 425, 426, 444, 449, 471, 478]",0,none,,,0,0,0,none,,0,none,,0,none,,none,1,Linear Trend,Point Anomalies,1,0,0,0,0,0,1,0,0,0,0,0,0,0,0,1
2021-04-15,-1.4629492995011122,0,0,1,0,0,0,0,0,1,0,0,0,1,0,0,0,0,0,22,"[0, 3, 12, 43, 93, 98, 110, 176, 207, 209, 210, 223, 250, 267, 302, 374, 425, 426, 444, 449, 471, 478]","[0, 3, 12, 43, 93, 98, 110, 176, 207, 209, 210, 223, 250, 267, 302, 374, 425, 426, 444, 449, 471, 478]",0,none,,,0,0,0,none,,0,none,,0,none,,none,1,Linear Trend,Point Anomalies,1,0,0,0,0,0,1,0,0,0,0,0,0,0,0,1
2021-04-16,-7.304818149426348,0,0,1,0,0,0,0,0,1,0,0,0,1,0,0,0,0,0,22,"[0, 3, 12, 43, 93, 98, 110, 176, 207, 209, 210, 223, 250, 267, 302, 374, 425, 426, 444, 449, 471, 478]","[0, 3, 12, 43, 93, 98, 110, 176, 207, 209, 210, 223, 250, 267, 302, 374, 425, 426, 444, 449, 471, 478]",0,none,,,0,0,0,none,,0,none,,0,none,,none,1,Linear Trend,Point Anomalies,1,0,0,0,0,0,1,0,0,0,0,0,0,0,0,1
2021-04-17,-1.4745476271362898,0,0,1,0,0,0,0,0,1,0,0,0,1,0,0,0,0,0,22,"[0, 3, 12, 43, 93, 98, 110, 176, 207, 209, 210, 223, 250, 267, 302, 374, 425, 426, 444, 449, 471, 478]","[0, 3, 12, 43, 93, 98, 110, 176, 207, 209, 210, 223, 250, 267, 302, 374, 425, 426, 444, 449, 471, 478]",0,none,,,0,0,0,none,,0,none,,0,none,,none,1,Linear Trend,Point Anomalies,1,0,0,0,0,0,1,0,0,0,0,0,0,0,0,1
2021-04-18,-1.5029878968824315,0,0,1,0,0,0,0,0,1,0,0,0,1,0,0,0,0,0,22,"[0, 3, 12, 43, 93, 98, 110, 176, 207, 209, 210, 223, 250, 267, 302, 374, 425, 426, 444, 449, 471, 478]","[0, 3, 12, 43, 93, 98, 110, 176, 207, 209, 210, 223, 250, 267, 302, 374, 425, 426, 444, 449, 471, 478]",0,none,,,0,0,0,none,,0,none,,0,none,,none,1,Linear Trend,Point Anomalies,1,0,0,0,0,0,1,0,0,0,0,0,0,0,0,1
2021-04-19,-1.4910988354036911,0,0,1,0,0,0,0,0,1,0,0,0,1,0,0,0,0,0,22,"[0, 3, 12, 43, 93, 98, 110, 176, 207, 209, 210, 223, 250, 267, 302, 374, 425, 426, 444, 449, 471, 478]","[0, 3, 12, 43, 93, 98, 110, 176, 207, 209, 210, 223, 250, 267, 302, 374, 425, 426, 444, 449, 471, 478]",0,none,,,0,0,0,none,,0,none,,0,none,,none,1,Linear Trend,Point Anomalies,1,0,0,0,0,0,1,0,0,0,0,0,0,0,0,1
2021-04-20,-1.4984076571830844,0,0,1,0,0,0,0,0,1,0,0,0,1,0,0,0,0,0,22,"[0, 3, 12, 43, 93, 98, 110, 176, 207, 209, 210, 223, 250, 267, 302, 374, 425, 426, 444, 449, 471, 478]","[0, 3, 12, 43, 93, 98, 110, 176, 207, 209, 210, 223, 250, 267, 302, 374, 425, 426, 444, 449, 471, 478]",0,none,,,0,0,0,none,,0,none,,0,none,,none,1,Linear Trend,Point Anomalies,1,0,0,0,0,0,1,0,0,0,0,0,0,0,0,1
2021-04-21,-1.5304790824092043,0,0,1,0,0,0,0,0,1,0,0,0,1,0,0,0,0,0,22,"[0, 3, 12, 43, 93, 98, 110, 176, 207, 209, 210, 223, 250, 267, 302, 374, 425, 426, 444, 449, 471, 478]","[0, 3, 12, 43, 93, 98, 110, 176, 207, 209, 210, 223, 250, 267, 302, 374, 425, 426, 444, 449, 471, 478]",0,none,,,0,0,0,none,,0,none,,0,none,,none,1,Linear Trend,Point Anomalies,1,0,0,0,0,0,1,0,0,0,0,0,0,0,0,1
2021-04-22,-1.506427706977291,0,0,1,0,0,0,0,0,1,0,0,0,1,0,0,0,0,0,22,"[0, 3, 12, 43, 93, 98, 110, 176, 207, 209, 210, 223, 250, 267, 302, 374, 425, 426, 444, 449, 471, 478]","[0, 3, 12, 43, 93, 98, 110, 176, 207, 209, 210, 223, 250, 267, 302, 374, 425, 426, 444, 449, 471, 478]",0,none,,,0,0,0,none,,0,none,,0,none,,none,1,Linear Trend,Point Anomalies,1,0,0,0,0,0,1,0,0,0,0,0,0,0,0,1
2021-04-23,-7.372066319529015,0,0,1,0,0,0,0,0,1,0,0,0,1,0,0,0,0,0,22,"[0, 3, 12, 43, 93, 98, 110, 176, 207, 209, 210, 223, 250, 267, 302, 374, 425, 426, 444, 449, 471, 478]","[0, 3, 12, 43, 93, 98, 110, 176, 207, 209, 210, 223, 250, 267, 302, 374, 425, 426, 444, 449, 471, 478]",0,none,,,0,0,0,none,,0,none,,0,none,,none,1,Linear Trend,Point Anomalies,1,0,0,0,0,0,1,0,0,0,0,0,0,0,0,1
2021-04-24,-1.5177944743227796,0,0,1,0,0,0,0,0,1,0,0,0,1,0,0,0,0,0,22,"[0, 3, 12, 43, 93, 98, 110, 176, 207, 209, 210, 223, 250, 267, 302, 374, 425, 426, 444, 449, 471, 478]","[0, 3, 12, 43, 93, 98, 110, 176, 207, 209, 210, 223, 250, 267, 302, 374, 425, 426, 444, 449, 471, 478]",0,none,,,0,0,0,none,,0,none,,0,none,,none,1,Linear Trend,Point Anomalies,1,0,0,0,0,0,1,0,0,0,0,0,0,0,0,1
2021-04-25,-1.5525067482488568,0,0,1,0,0,0,0,0,1,0,0,0,1,0,0,0,0,0,22,"[0, 3, 12, 43, 93, 98, 110, 176, 207, 209, 210, 223, 250, 267, 302, 374, 425, 426, 444, 449, 471, 478]","[0, 3, 12, 43, 93, 98, 110, 176, 207, 209, 210, 223, 250, 267, 302, 374, 425, 426, 444, 449, 471, 478]",0,none,,,0,0,0,none,,0,none,,0,none,,none,1,Linear Trend,Point Anomalies,1,0,0,0,0,0,1,0,0,0,0,0,0,0,0,1
2021-04-26,-1.5806931928040513,0,0,1,0,0,0,0,0,1,0,0,0,1,0,0,0,0,0,22,"[0, 3, 12, 43, 93, 98, 110, 176, 207, 209, 210, 223, 250, 267, 302, 374, 425, 426, 444, 449, 471, 478]","[0, 3, 12, 43, 93, 98, 110, 176, 207, 209, 210, 223, 250, 267, 302, 374, 425, 426, 444, 449, 471, 478]",0,none,,,0,0,0,none,,0,none,,0,none,,none,1,Linear Trend,Point Anomalies,1,0,0,0,0,0,1,0,0,0,0,0,0,0,0,1
2021-04-27,-1.5548654092286582,0,0,1,0,0,0,0,0,1,0,0,0,1,0,0,0,0,0,22,"[0, 3, 12, 43, 93, 98, 110, 176, 207, 209, 210, 223, 250, 267, 302, 374, 425, 426, 444, 449, 471, 478]","[0, 3, 12, 43, 93, 98, 110, 176, 207, 209, 210, 223, 250, 267, 302, 374, 425, 426, 444, 449, 471, 478]",0,none,,,0,0,0,none,,0,none,,0,none,,none,1,Linear Trend,Point Anomalies,1,0,0,0,0,0,1,0,0,0,0,0,0,0,0,1
2021-04-28,-1.5672859006722049,0,0,1,0,0,0,0,0,1,0,0,0,1,0,0,0,0,0,22,"[0, 3, 12, 43, 93, 98, 110, 176, 207, 209, 210, 223, 250, 267, 302, 374, 425, 426, 444, 449, 471, 478]","[0, 3, 12, 43, 93, 98, 110, 176, 207, 209, 210, 223, 250, 267, 302, 374, 425, 426, 444, 449, 471, 478]",0,none,,,0,0,0,none,,0,none,,0,none,,none,1,Linear Trend,Point Anomalies,1,0,0,0,0,0,1,0,0,0,0,0,0,0,0,1
2021-04-29,-1.57177556030308,0,0,1,0,0,0,0,0,1,0,0,0,1,0,0,0,0,0,22,"[0, 3, 12, 43, 93, 98, 110, 176, 207, 209, 210, 223, 250, 267, 302, 374, 425, 426, 444, 449, 471, 478]","[0, 3, 12, 43, 93, 98, 110, 176, 207, 209, 210, 223, 250, 267, 302, 374, 425, 426, 444, 449, 471, 478]",0,none,,,0,0,0,none,,0,none,,0,none,,none,1,Linear Trend,Point Anomalies,1,0,0,0,0,0,1,0,0,0,0,0,0,0,0,1
2021-04-30,-1.5600892217832527,0,0,1,0,0,0,0,0,1,0,0,0,1,0,0,0,0,0,22,"[0, 3, 12, 43, 93, 98, 110, 176, 207, 209, 210, 223, 250, 267, 302, 374, 425, 426, 444, 449, 471, 478]","[0, 3, 12, 43, 93, 98, 110, 176, 207, 209, 210, 223, 250, 267, 302, 374, 425, 426, 444, 449, 471, 478]",0,none,,,0,0,0,none,,0,none,,0,none,,none,1,Linear Trend,Point Anomalies,1,0,0,0,0,0,1,0,0,0,0,0,0,0,0,1
2021-05-01,-1.5655055618941784,0,0,1,0,0,0,0,0,1,0,0,0,1,0,0,0,0,0,22,"[0, 3, 12, 43, 93, 98, 110, 176, 207, 209, 210, 223, 250, 267, 302, 374, 425, 426, 444, 449, 471, 478]","[0, 3, 12, 43, 93, 98, 110, 176, 207, 209, 210, 223, 250, 267, 302, 374, 425, 426, 444, 449, 471, 478]",0,none,,,0,0,0,none,,0,none,,0,none,,none,1,Linear Trend,Point Anomalies,1,0,0,0,0,0,1,0,0,0,0,0,0,0,0,1
2021-05-02,-1.590365265937387,0,0,1,0,0,0,0,0,1,0,0,0,1,0,0,0,0,0,22,"[0, 3, 12, 43, 93, 98, 110, 176, 207, 209, 210, 223, 250, 267, 302, 374, 425, 426, 444, 449, 471, 478]","[0, 3, 12, 43, 93, 98, 110, 176, 207, 209, 210, 223, 250, 267, 302, 374, 425, 426, 444, 449, 471, 478]",0,none,,,0,0,0,none,,0,none,,0,none,,none,1,Linear Trend,Point Anomalies,1,0,0,0,0,0,1,0,0,0,0,0,0,0,0,1
2021-05-03,-1.6173877721601546,0,0,1,0,0,0,0,0,1,0,0,0,1,0,0,0,0,0,22,"[0, 3, 12, 43, 93, 98, 110, 176, 207, 209, 210, 223, 250, 267, 302, 374, 425, 426, 444, 449, 471, 478]","[0, 3, 12, 43, 93, 98, 110, 176, 207, 209, 210, 223, 250, 267, 302, 374, 425, 426, 444, 449, 471, 478]",0,none,,,0,0,0,none,,0,none,,0,none,,none,1,Linear Trend,Point Anomalies,1,0,0,0,0,0,1,0,0,0,0,0,0,0,0,1
2021-05-04,-1.587981971694899,0,0,1,0,0,0,0,0,1,0,0,0,1,0,0,0,0,0,22,"[0, 3, 12, 43, 93, 98, 110, 176, 207, 209, 210, 223, 250, 267, 302, 374, 425, 426, 444, 449, 471, 478]","[0, 3, 12, 43, 93, 98, 110, 176, 207, 209, 210, 223, 250, 267, 302, 374, 425, 426, 444, 449, 471, 478]",0,none,,,0,0,0,none,,0,none,,0,none,,none,1,Linear Trend,Point Anomalies,1,0,0,0,0,0,1,0,0,0,0,0,0,0,0,1
2021-05-05,-1.618616134884777,0,0,1,0,0,0,0,0,1,0,0,0,1,0,0,0,0,0,22,"[0, 3, 12, 43, 93, 98, 110, 176, 207, 209, 210, 223, 250, 267, 302, 374, 425, 426, 444, 449, 471, 478]","[0, 3, 12, 43, 93, 98, 110, 176, 207, 209, 210, 223, 250, 267, 302, 374, 425, 426, 444, 449, 471, 478]",0,none,,,0,0,0,none,,0,none,,0,none,,none,1,Linear Trend,Point Anomalies,1,0,0,0,0,0,1,0,0,0,0,0,0,0,0,1
2021-05-06,-1.598329191899667,0,0,1,0,0,0,0,0,1,0,0,0,1,0,0,0,0,0,22,"[0, 3, 12, 43, 93, 98, 110, 176, 207, 209, 210, 223, 250, 267, 302, 374, 425, 426, 444, 449, 471, 478]","[0, 3, 12, 43, 93, 98, 110, 176, 207, 209, 210, 223, 250, 267, 302, 374, 425, 426, 444, 449, 471, 478]",0,none,,,0,0,0,none,,0,none,,0,none,,none,1,Linear Trend,Point Anomalies,1,0,0,0,0,0,1,0,0,0,0,0,0,0,0,1
2021-05-07,-1.6283059051458584,0,0,1,0,0,0,0,0,1,0,0,0,1,0,0,0,0,0,22,"[0, 3, 12, 43, 93, 98, 110, 176, 207, 209, 210, 223, 250, 267, 302, 374, 425, 426, 444, 449, 471, 478]","[0, 3, 12, 43, 93, 98, 110, 176, 207, 209, 210, 223, 250, 267, 302, 374, 425, 426, 444, 449, 471, 478]",0,none,,,0,0,0,none,,0,none,,0,none,,none,1,Linear Trend,Point Anomalies,1,0,0,0,0,0,1,0,0,0,0,0,0,0,0,1
2021-05-08,-1.625952961980158,0,0,1,0,0,0,0,0,1,0,0,0,1,0,0,0,0,0,22,"[0, 3, 12, 43, 93, 98, 110, 176, 207, 209, 210, 223, 250, 267, 302, 374, 425, 426, 444, 449, 471, 478]","[0, 3, 12, 43, 93, 98, 110, 176, 207, 209, 210, 223, 250, 267, 302, 374, 425, 426, 444, 449, 471, 478]",0,none,,,0,0,0,none,,0,none,,0,none,,none,1,Linear Trend,Point Anomalies,1,0,0,0,0,0,1,0,0,0,0,0,0,0,0,1
2021-05-09,-1.6290473870218847,0,0,1,0,0,0,0,0,1,0,0,0,1,0,0,0,0,0,22,"[0, 3, 12, 43, 93, 98, 110, 176, 207, 209, 210, 223, 250, 267, 302, 374, 425, 426, 444, 449, 471, 478]","[0, 3, 12, 43, 93, 98, 110, 176, 207, 209, 210, 223, 250, 267, 302, 374, 425, 426, 444, 449, 471, 478]",0,none,,,0,0,0,none,,0,none,,0,none,,none,1,Linear Trend,Point Anomalies,1,0,0,0,0,0,1,0,0,0,0,0,0,0,0,1
2021-05-10,-1.6333161669981877,0,0,1,0,0,0,0,0,1,0,0,0,1,0,0,0,0,0,22,"[0, 3, 12, 43, 93, 98, 110, 176, 207, 209, 210, 223, 250, 267, 302, 374, 425, 426, 444, 449, 471, 478]","[0, 3, 12, 43, 93, 98, 110, 176, 207, 209, 210, 223, 250, 267, 302, 374, 425, 426, 444, 449, 471, 478]",0,none,,,0,0,0,none,,0,none,,0,none,,none,1,Linear Trend,Point Anomalies,1,0,0,0,0,0,1,0,0,0,0,0,0,0,0,1
2021-05-11,-1.6569655311578053,0,0,1,0,0,0,0,0,1,0,0,0,1,0,0,0,0,0,22,"[0, 3, 12, 43, 93, 98, 110, 176, 207, 209, 210, 223, 250, 267, 302, 374, 425, 426, 444, 449, 471, 478]","[0, 3, 12, 43, 93, 98, 110, 176, 207, 209, 210, 223, 250, 267, 302, 374, 425, 426, 444, 449, 471, 478]",0,none,,,0,0,0,none,,0,none,,0,none,,none,1,Linear Trend,Point Anomalies,1,0,0,0,0,0,1,0,0,0,0,0,0,0,0,1
2021-05-12,-1.6536463074219299,0,0,1,0,0,0,0,0,1,0,0,0,1,0,0,0,0,0,22,"[0, 3, 12, 43, 93, 98, 110, 176, 207, 209, 210, 223, 250, 267, 302, 374, 425, 426, 444, 449, 471, 478]","[0, 3, 12, 43, 93, 98, 110, 176, 207, 209, 210, 223, 250, 267, 302, 374, 425, 426, 444, 449, 471, 478]",0,none,,,0,0,0,none,,0,none,,0,none,,none,1,Linear Trend,Point Anomalies,1,0,0,0,0,0,1,0,0,0,0,0,0,0,0,1
2021-05-13,-1.6728875458450998,0,0,1,0,0,0,0,0,1,0,0,0,1,0,0,0,0,0,22,"[0, 3, 12, 43, 93, 98, 110, 176, 207, 209, 210, 223, 250, 267, 302, 374, 425, 426, 444, 449, 471, 478]","[0, 3, 12, 43, 93, 98, 110, 176, 207, 209, 210, 223, 250, 267, 302, 374, 425, 426, 444, 449, 471, 478]",0,none,,,0,0,0,none,,0,none,,0,none,,none,1,Linear Trend,Point Anomalies,1,0,0,0,0,0,1,0,0,0,0,0,0,0,0,1
2021-05-14,-1.6569077733757402,0,0,1,0,0,0,0,0,1,0,0,0,1,0,0,0,0,0,22,"[0, 3, 12, 43, 93, 98, 110, 176, 207, 209, 210, 223, 250, 267, 302, 374, 425, 426, 444, 449, 471, 478]","[0, 3, 12, 43, 93, 98, 110, 176, 207, 209, 210, 223, 250, 267, 302, 374, 425, 426, 444, 449, 471, 478]",0,none,,,0,0,0,none,,0,none,,0,none,,none,1,Linear Trend,Point Anomalies,1,0,0,0,0,0,1,0,0,0,0,0,0,0,0,1
2021-05-15,-1.6801293105053057,0,0,1,0,0,0,0,0,1,0,0,0,1,0,0,0,0,0,22,"[0, 3, 12, 43, 93, 98, 110, 176, 207, 209, 210, 223, 250, 267, 302, 374, 425, 426, 444, 449, 471, 478]","[0, 3, 12, 43, 93, 98, 110, 176, 207, 209, 210, 223, 250, 267, 302, 374, 425, 426, 444, 449, 471, 478]",0,none,,,0,0,0,none,,0,none,,0,none,,none,1,Linear Trend,Point Anomalies,1,0,0,0,0,0,1,0,0,0,0,0,0,0,0,1
2021-05-16,-1.6738674588219156,0,0,1,0,0,0,0,0,1,0,0,0,1,0,0,0,0,0,22,"[0, 3, 12, 43, 93, 98, 110, 176, 207, 209, 210, 223, 250, 267, 302, 374, 425, 426, 444, 449, 471, 478]","[0, 3, 12, 43, 93, 98, 110, 176, 207, 209, 210, 223, 250, 267, 302, 374, 425, 426, 444, 449, 471, 478]",0,none,,,0,0,0,none,,0,none,,0,none,,none,1,Linear Trend,Point Anomalies,1,0,0,0,0,0,1,0,0,0,0,0,0,0,0,1
2021-05-17,-1.6720948960144089,0,0,1,0,0,0,0,0,1,0,0,0,1,0,0,0,0,0,22,"[0, 3, 12, 43, 93, 98, 110, 176, 207, 209, 210, 223, 250, 267, 302, 374, 425, 426, 444, 449, 471, 478]","[0, 3, 12, 43, 93, 98, 110, 176, 207, 209, 210, 223, 250, 267, 302, 374, 425, 426, 444, 449, 471, 478]",0,none,,,0,0,0,none,,0,none,,0,none,,none,1,Linear Trend,Point Anomalies,1,0,0,0,0,0,1,0,0,0,0,0,0,0,0,1
2021-05-18,-1.708789625522414,0,0,1,0,0,0,0,0,1,0,0,0,1,0,0,0,0,0,22,"[0, 3, 12, 43, 93, 98, 110, 176, 207, 209, 210, 223, 250, 267, 302, 374, 425, 426, 444, 449, 471, 478]","[0, 3, 12, 43, 93, 98, 110, 176, 207, 209, 210, 223, 250, 267, 302, 374, 425, 426, 444, 449, 471, 478]",0,none,,,0,0,0,none,,0,none,,0,none,,none,1,Linear Trend,Point Anomalies,1,0,0,0,0,0,1,0,0,0,0,0,0,0,0,1
2021-05-19,-1.7016427823465574,0,0,1,0,0,0,0,0,1,0,0,0,1,0,0,0,0,0,22,"[0, 3, 12, 43, 93, 98, 110, 176, 207, 209, 210, 223, 250, 267, 302, 374, 425, 426, 444, 449, 471, 478]","[0, 3, 12, 43, 93, 98, 110, 176, 207, 209, 210, 223, 250, 267, 302, 374, 425, 426, 444, 449, 471, 478]",0,none,,,0,0,0,none,,0,none,,0,none,,none,1,Linear Trend,Point Anomalies,1,0,0,0,0,0,1,0,0,0,0,0,0,0,0,1
2021-05-20,-1.6791383925810592,0,0,1,0,0,0,0,0,1,0,0,0,1,0,0,0,0,0,22,"[0, 3, 12, 43, 93, 98, 110, 176, 207, 209, 210, 223, 250, 267, 302, 374, 425, 426, 444, 449, 471, 478]","[0, 3, 12, 43, 93, 98, 110, 176, 207, 209, 210, 223, 250, 267, 302, 374, 425, 426, 444, 449, 471, 478]",0,none,,,0,0,0,none,,0,none,,0,none,,none,1,Linear Trend,Point Anomalies,1,0,0,0,0,0,1,0,0,0,0,0,0,0,0,1
2021-05-21,-1.6990761937693062,0,0,1,0,0,0,0,0,1,0,0,0,1,0,0,0,0,0,22,"[0, 3, 12, 43, 93, 98, 110, 176, 207, 209, 210, 223, 250, 267, 302, 374, 425, 426, 444, 449, 471, 478]","[0, 3, 12, 43, 93, 98, 110, 176, 207, 209, 210, 223, 250, 267, 302, 374, 425, 426, 444, 449, 471, 478]",0,none,,,0,0,0,none,,0,none,,0,none,,none,1,Linear Trend,Point Anomalies,1,0,0,0,0,0,1,0,0,0,0,0,0,0,0,1
2021-05-22,-1.7200852767644854,0,0,1,0,0,0,0,0,1,0,0,0,1,0,0,0,0,0,22,"[0, 3, 12, 43, 93, 98, 110, 176, 207, 209, 210, 223, 250, 267, 302, 374, 425, 426, 444, 449, 471, 478]","[0, 3, 12, 43, 93, 98, 110, 176, 207, 209, 210, 223, 250, 267, 302, 374, 425, 426, 444, 449, 471, 478]",0,none,,,0,0,0,none,,0,none,,0,none,,none,1,Linear Trend,Point Anomalies,1,0,0,0,0,0,1,0,0,0,0,0,0,0,0,1
2021-05-23,-1.7085618306568435,0,0,1,0,0,0,0,0,1,0,0,0,1,0,0,0,0,0,22,"[0, 3, 12, 43, 93, 98, 110, 176, 207, 209, 210, 223, 250, 267, 302, 374, 425, 426, 444, 449, 471, 478]","[0, 3, 12, 43, 93, 98, 110, 176, 207, 209, 210, 223, 250, 267, 302, 374, 425, 426, 444, 449, 471, 478]",0,none,,,0,0,0,none,,0,none,,0,none,,none,1,Linear Trend,Point Anomalies,1,0,0,0,0,0,1,0,0,0,0,0,0,0,0,1
