date,data,stationary,det_lin_up,det_lin_down,det_quad,det_cubic,det_exp,det_damped,stoc_trend,volatility,single_seas,multiple_seas,point_anom_single,point_anom_multi,collect_anom,context_anom,mean_shift,var_shift,trend_shift,point_anom_count,point_anom_location,point_anom_point,collect_anom_count,collect_anom_location,collect_anom_start,collect_anom_end,context_anom_start,context_anom_end,mean_shift_count,mean_shift_location,mean_shift_point,variance_shift_count,variance_shift_location,variance_shift_points,trend_shift_count,trend_shift_location,trend_shift_points,trend_shift_type,is_multi_characteristic,characteristic_1_type,characteristic_2_type,is_point_anomaly_active,is_collective_anomaly_active,is_contextual_anomaly_active,is_mean_shift_active,is_variance_shift_active,is_trend_shift_active,is_linear_trend_active,is_quadratic_trend_active,is_cubic_trend_active,is_exponential_trend_active,is_damped_trend_active,is_single_seasonality_active,is_multiple_seasonality_active,is_seasonal_base_active,is_stochastic_base_active,is_volatility_base_active
2020-01-01,-0.1179760603609546,0,0,0,0,0,0,0,1,0,0,0,0,0,0,0,1,0,0,0,none,,0,none,,,0,0,1,end,346,0,none,,0,none,,none,0,Mean Shift,none,0,0,0,1,0,0,0,0,0,0,0,0,0,0,1,0
2020-01-02,0.6452715052599726,0,0,0,0,0,0,0,1,0,0,0,0,0,0,0,1,0,0,0,none,,0,none,,,0,0,1,end,346,0,none,,0,none,,none,0,Mean Shift,none,0,0,0,1,0,0,0,0,0,0,0,0,0,0,1,0
2020-01-03,0.7187544742696499,0,0,0,0,0,0,0,1,0,0,0,0,0,0,0,1,0,0,0,none,,0,none,,,0,0,1,end,346,0,none,,0,none,,none,0,Mean Shift,none,0,0,0,1,0,0,0,0,0,0,0,0,0,0,1,0
2020-01-04,0.7764536846179474,0,0,0,0,0,0,0,1,0,0,0,0,0,0,0,1,0,0,0,none,,0,none,,,0,0,1,end,346,0,none,,0,none,,none,0,Mean Shift,none,0,0,0,1,0,0,0,0,0,0,0,0,0,0,1,0
2020-01-05,1.716872606767332,0,0,0,0,0,0,0,1,0,0,0,0,0,0,0,1,0,0,0,none,,0,none,,,0,0,1,end,346,0,none,,0,none,,none,0,Mean Shift,none,0,0,0,1,0,0,0,0,0,0,0,0,0,0,1,0
2020-01-06,0.9476740654868729,0,0,0,0,0,0,0,1,0,0,0,0,0,0,0,1,0,0,0,none,,0,none,,,0,0,1,end,346,0,none,,0,none,,none,0,Mean Shift,none,0,0,0,1,0,0,0,0,0,0,0,0,0,0,1,0
2020-01-07,2.087410264991962,0,0,0,0,0,0,0,1,0,0,0,0,0,0,0,1,0,0,0,none,,0,none,,,0,0,1,end,346,0,none,,0,none,,none,0,Mean Shift,none,0,0,0,1,0,0,0,0,0,0,0,0,0,0,1,0
2020-01-08,1.7720849285974007,0,0,0,0,0,0,0,1,0,0,0,0,0,0,0,1,0,0,0,none,,0,none,,,0,0,1,end,346,0,none,,0,none,,none,0,Mean Shift,none,0,0,0,1,0,0,0,0,0,0,0,0,0,0,1,0
2020-01-09,1.1525824744990045,0,0,0,0,0,0,0,1,0,0,0,0,0,0,0,1,0,0,0,none,,0,none,,,0,0,1,end,346,0,none,,0,none,,none,0,Mean Shift,none,0,0,0,1,0,0,0,0,0,0,0,0,0,0,1,0
2020-01-10,1.7273648761006868,0,0,0,0,0,0,0,1,0,0,0,0,0,0,0,1,0,0,0,none,,0,none,,,0,0,1,end,346,0,none,,0,none,,none,0,Mean Shift,none,0,0,0,1,0,0,0,0,0,0,0,0,0,0,1,0
2020-01-11,-0.24512157033390647,0,0,0,0,0,0,0,1,0,0,0,0,0,0,0,1,0,0,0,none,,0,none,,,0,0,1,end,346,0,none,,0,none,,none,0,Mean Shift,none,0,0,0,1,0,0,0,0,0,0,0,0,0,0,1,0
2020-01-12,-0.37443888737472586,0,0,0,0,0,0,0,1,0,0,0,0,0,0,0,1,0,0,0,none,,0,none,,,0,0,1,end,346,0,none,,0,none,,none,0,Mean Shift,none,0,0,0,1,0,0,0,0,0,0,0,0,0,0,1,0
2020-01-13,1.987391217216873,0,0,0,0,0,0,0,1,0,0,0,0,0,0,0,1,0,0,0,none,,0,none,,,0,0,1,end,346,0,none,,0,none,,none,0,Mean Shift,none,0,0,0,1,0,0,0,0,0,0,0,0,0,0,1,0
2020-01-14,0.305058165315662,0,0,0,0,0,0,0,1,0,0,0,0,0,0,0,1,0,0,0,none,,0,none,,,0,0,1,end,346,0,none,,0,none,,none,0,Mean Shift,none,0,0,0,1,0,0,0,0,0,0,0,0,0,0,1,0
2020-01-15,1.3876906288021056,0,0,0,0,0,0,0,1,0,0,0,0,0,0,0,1,0,0,0,none,,0,none,,,0,0,1,end,346,0,none,,0,none,,none,0,Mean Shift,none,0,0,0,1,0,0,0,0,0,0,0,0,0,0,1,0
2020-01-16,-0.08215062839663607,0,0,0,0,0,0,0,1,0,0,0,0,0,0,0,1,0,0,0,none,,0,none,,,0,0,1,end,346,0,none,,0,none,,none,0,Mean Shift,none,0,0,0,1,0,0,0,0,0,0,0,0,0,0,1,0
2020-01-17,0.5328187416490364,0,0,0,0,0,0,0,1,0,0,0,0,0,0,0,1,0,0,0,none,,0,none,,,0,0,1,end,346,0,none,,0,none,,none,0,Mean Shift,none,0,0,0,1,0,0,0,0,0,0,0,0,0,0,1,0
2020-01-18,2.186524455140565,0,0,0,0,0,0,0,1,0,0,0,0,0,0,0,1,0,0,0,none,,0,none,,,0,0,1,end,346,0,none,,0,none,,none,0,Mean Shift,none,0,0,0,1,0,0,0,0,0,0,0,0,0,0,1,0
2020-01-19,0.3000939748706217,0,0,0,0,0,0,0,1,0,0,0,0,0,0,0,1,0,0,0,none,,0,none,,,0,0,1,end,346,0,none,,0,none,,none,0,Mean Shift,none,0,0,0,1,0,0,0,0,0,0,0,0,0,0,1,0
2020-01-20,1.3447439899771207,0,0,0,0,0,0,0,1,0,0,0,0,0,0,0,1,0,0,0,none,,0,none,,,0,0,1,end,346,0,none,,0,none,,none,0,Mean Shift,none,0,0,0,1,0,0,0,0,0,0,0,0,0,0,1,0
2020-01-21,-0.3582779606179114,0,0,0,0,0,0,0,1,0,0,0,0,0,0,0,1,0,0,0,none,,0,none,,,0,0,1,end,346,0,none,,0,none,,none,0,Mean Shift,none,0,0,0,1,0,0,0,0,0,0,0,0,0,0,1,0
2020-01-22,1.2145972154030458,0,0,0,0,0,0,0,1,0,0,0,0,0,0,0,1,0,0,0,none,,0,none,,,0,0,1,end,346,0,none,,0,none,,none,0,Mean Shift,none,0,0,0,1,0,0,0,0,0,0,0,0,0,0,1,0
2020-01-23,1.1240268760908838,0,0,0,0,0,0,0,1,0,0,0,0,0,0,0,1,0,0,0,none,,0,none,,,0,0,1,end,346,0,none,,0,none,,none,0,Mean Shift,none,0,0,0,1,0,0,0,0,0,0,0,0,0,0,1,0
2020-01-24,0.7358771835558219,0,0,0,0,0,0,0,1,0,0,0,0,0,0,0,1,0,0,0,none,,0,none,,,0,0,1,end,346,0,none,,0,none,,none,0,Mean Shift,none,0,0,0,1,0,0,0,0,0,0,0,0,0,0,1,0
2020-01-25,0.5208128267910352,0,0,0,0,0,0,0,1,0,0,0,0,0,0,0,1,0,0,0,none,,0,none,,,0,0,1,end,346,0,none,,0,none,,none,0,Mean Shift,none,0,0,0,1,0,0,0,0,0,0,0,0,0,0,1,0
2020-01-26,0.26161319283956497,0,0,0,0,0,0,0,1,0,0,0,0,0,0,0,1,0,0,0,none,,0,none,,,0,0,1,end,346,0,none,,0,none,,none,0,Mean Shift,none,0,0,0,1,0,0,0,0,0,0,0,0,0,0,1,0
2020-01-27,2.338371945091237,0,0,0,0,0,0,0,1,0,0,0,0,0,0,0,1,0,0,0,none,,0,none,,,0,0,1,end,346,0,none,,0,none,,none,0,Mean Shift,none,0,0,0,1,0,0,0,0,0,0,0,0,0,0,1,0
2020-01-28,2.354976797257772,0,0,0,0,0,0,0,1,0,0,0,0,0,0,0,1,0,0,0,none,,0,none,,,0,0,1,end,346,0,none,,0,none,,none,0,Mean Shift,none,0,0,0,1,0,0,0,0,0,0,0,0,0,0,1,0
2020-01-29,-0.037735585640794614,0,0,0,0,0,0,0,1,0,0,0,0,0,0,0,1,0,0,0,none,,0,none,,,0,0,1,end,346,0,none,,0,none,,none,0,Mean Shift,none,0,0,0,1,0,0,0,0,0,0,0,0,0,0,1,0
2020-01-30,0.10596407939028088,0,0,0,0,0,0,0,1,0,0,0,0,0,0,0,1,0,0,0,none,,0,none,,,0,0,1,end,346,0,none,,0,none,,none,0,Mean Shift,none,0,0,0,1,0,0,0,0,0,0,0,0,0,0,1,0
2020-01-31,-0.5727820991760327,0,0,0,0,0,0,0,1,0,0,0,0,0,0,0,1,0,0,0,none,,0,none,,,0,0,1,end,346,0,none,,0,none,,none,0,Mean Shift,none,0,0,0,1,0,0,0,0,0,0,0,0,0,0,1,0
2020-02-01,0.2817268447921865,0,0,0,0,0,0,0,1,0,0,0,0,0,0,0,1,0,0,0,none,,0,none,,,0,0,1,end,346,0,none,,0,none,,none,0,Mean Shift,none,0,0,0,1,0,0,0,0,0,0,0,0,0,0,1,0
2020-02-02,2.8131819053708025,0,0,0,0,0,0,0,1,0,0,0,0,0,0,0,1,0,0,0,none,,0,none,,,0,0,1,end,346,0,none,,0,none,,none,0,Mean Shift,none,0,0,0,1,0,0,0,0,0,0,0,0,0,0,1,0
2020-02-03,1.893977608438713,0,0,0,0,0,0,0,1,0,0,0,0,0,0,0,1,0,0,0,none,,0,none,,,0,0,1,end,346,0,none,,0,none,,none,0,Mean Shift,none,0,0,0,1,0,0,0,0,0,0,0,0,0,0,1,0
2020-02-04,0.7271814479246896,0,0,0,0,0,0,0,1,0,0,0,0,0,0,0,1,0,0,0,none,,0,none,,,0,0,1,end,346,0,none,,0,none,,none,0,Mean Shift,none,0,0,0,1,0,0,0,0,0,0,0,0,0,0,1,0
2020-02-05,0.3468155485678862,0,0,0,0,0,0,0,1,0,0,0,0,0,0,0,1,0,0,0,none,,0,none,,,0,0,1,end,346,0,none,,0,none,,none,0,Mean Shift,none,0,0,0,1,0,0,0,0,0,0,0,0,0,0,1,0
2020-02-06,1.070253585739346,0,0,0,0,0,0,0,1,0,0,0,0,0,0,0,1,0,0,0,none,,0,none,,,0,0,1,end,346,0,none,,0,none,,none,0,Mean Shift,none,0,0,0,1,0,0,0,0,0,0,0,0,0,0,1,0
2020-02-07,0.4479808624799918,0,0,0,0,0,0,0,1,0,0,0,0,0,0,0,1,0,0,0,none,,0,none,,,0,0,1,end,346,0,none,,0,none,,none,0,Mean Shift,none,0,0,0,1,0,0,0,0,0,0,0,0,0,0,1,0
2020-02-08,0.655789520560901,0,0,0,0,0,0,0,1,0,0,0,0,0,0,0,1,0,0,0,none,,0,none,,,0,0,1,end,346,0,none,,0,none,,none,0,Mean Shift,none,0,0,0,1,0,0,0,0,0,0,0,0,0,0,1,0
2020-02-09,-0.7067392046410111,0,0,0,0,0,0,0,1,0,0,0,0,0,0,0,1,0,0,0,none,,0,none,,,0,0,1,end,346,0,none,,0,none,,none,0,Mean Shift,none,0,0,0,1,0,0,0,0,0,0,0,0,0,0,1,0
2020-02-10,-0.3168560736520649,0,0,0,0,0,0,0,1,0,0,0,0,0,0,0,1,0,0,0,none,,0,none,,,0,0,1,end,346,0,none,,0,none,,none,0,Mean Shift,none,0,0,0,1,0,0,0,0,0,0,0,0,0,0,1,0
2020-02-11,0.2622138594213056,0,0,0,0,0,0,0,1,0,0,0,0,0,0,0,1,0,0,0,none,,0,none,,,0,0,1,end,346,0,none,,0,none,,none,0,Mean Shift,none,0,0,0,1,0,0,0,0,0,0,0,0,0,0,1,0
2020-02-12,1.0359902547393232,0,0,0,0,0,0,0,1,0,0,0,0,0,0,0,1,0,0,0,none,,0,none,,,0,0,1,end,346,0,none,,0,none,,none,0,Mean Shift,none,0,0,0,1,0,0,0,0,0,0,0,0,0,0,1,0
2020-02-13,1.7292840817162862,0,0,0,0,0,0,0,1,0,0,0,0,0,0,0,1,0,0,0,none,,0,none,,,0,0,1,end,346,0,none,,0,none,,none,0,Mean Shift,none,0,0,0,1,0,0,0,0,0,0,0,0,0,0,1,0
2020-02-14,1.3155916965447194,0,0,0,0,0,0,0,1,0,0,0,0,0,0,0,1,0,0,0,none,,0,none,,,0,0,1,end,346,0,none,,0,none,,none,0,Mean Shift,none,0,0,0,1,0,0,0,0,0,0,0,0,0,0,1,0
2020-02-15,1.402485575656539,0,0,0,0,0,0,0,1,0,0,0,0,0,0,0,1,0,0,0,none,,0,none,,,0,0,1,end,346,0,none,,0,none,,none,0,Mean Shift,none,0,0,0,1,0,0,0,0,0,0,0,0,0,0,1,0
2020-02-16,0.42581567268757936,0,0,0,0,0,0,0,1,0,0,0,0,0,0,0,1,0,0,0,none,,0,none,,,0,0,1,end,346,0,none,,0,none,,none,0,Mean Shift,none,0,0,0,1,0,0,0,0,0,0,0,0,0,0,1,0
2020-02-17,-0.31721844443590447,0,0,0,0,0,0,0,1,0,0,0,0,0,0,0,1,0,0,0,none,,0,none,,,0,0,1,end,346,0,none,,0,none,,none,0,Mean Shift,none,0,0,0,1,0,0,0,0,0,0,0,0,0,0,1,0
2020-02-18,0.7500895851031072,0,0,0,0,0,0,0,1,0,0,0,0,0,0,0,1,0,0,0,none,,0,none,,,0,0,1,end,346,0,none,,0,none,,none,0,Mean Shift,none,0,0,0,1,0,0,0,0,0,0,0,0,0,0,1,0
2020-02-19,1.2625422255506105,0,0,0,0,0,0,0,1,0,0,0,0,0,0,0,1,0,0,0,none,,0,none,,,0,0,1,end,346,0,none,,0,none,,none,0,Mean Shift,none,0,0,0,1,0,0,0,0,0,0,0,0,0,0,1,0
2020-02-20,-0.34402856984924024,0,0,0,0,0,0,0,1,0,0,0,0,0,0,0,1,0,0,0,none,,0,none,,,0,0,1,end,346,0,none,,0,none,,none,0,Mean Shift,none,0,0,0,1,0,0,0,0,0,0,0,0,0,0,1,0
2020-02-21,2.47212925644519,0,0,0,0,0,0,0,1,0,0,0,0,0,0,0,1,0,0,0,none,,0,none,,,0,0,1,end,346,0,none,,0,none,,none,0,Mean Shift,none,0,0,0,1,0,0,0,0,0,0,0,0,0,0,1,0
2020-02-22,1.230319536693555,0,0,0,0,0,0,0,1,0,0,0,0,0,0,0,1,0,0,0,none,,0,none,,,0,0,1,end,346,0,none,,0,none,,none,0,Mean Shift,none,0,0,0,1,0,0,0,0,0,0,0,0,0,0,1,0
2020-02-23,0.2353337937044249,0,0,0,0,0,0,0,1,0,0,0,0,0,0,0,1,0,0,0,none,,0,none,,,0,0,1,end,346,0,none,,0,none,,none,0,Mean Shift,none,0,0,0,1,0,0,0,0,0,0,0,0,0,0,1,0
2020-02-24,-0.056204219686764464,0,0,0,0,0,0,0,1,0,0,0,0,0,0,0,1,0,0,0,none,,0,none,,,0,0,1,end,346,0,none,,0,none,,none,0,Mean Shift,none,0,0,0,1,0,0,0,0,0,0,0,0,0,0,1,0
2020-02-25,0.7296519788592405,0,0,0,0,0,0,0,1,0,0,0,0,0,0,0,1,0,0,0,none,,0,none,,,0,0,1,end,346,0,none,,0,none,,none,0,Mean Shift,none,0,0,0,1,0,0,0,0,0,0,0,0,0,0,1,0
2020-02-26,2.04372197187014,0,0,0,0,0,0,0,1,0,0,0,0,0,0,0,1,0,0,0,none,,0,none,,,0,0,1,end,346,0,none,,0,none,,none,0,Mean Shift,none,0,0,0,1,0,0,0,0,0,0,0,0,0,0,1,0
2020-02-27,0.2548118144498858,0,0,0,0,0,0,0,1,0,0,0,0,0,0,0,1,0,0,0,none,,0,none,,,0,0,1,end,346,0,none,,0,none,,none,0,Mean Shift,none,0,0,0,1,0,0,0,0,0,0,0,0,0,0,1,0
2020-02-28,-0.11764237957084553,0,0,0,0,0,0,0,1,0,0,0,0,0,0,0,1,0,0,0,none,,0,none,,,0,0,1,end,346,0,none,,0,none,,none,0,Mean Shift,none,0,0,0,1,0,0,0,0,0,0,0,0,0,0,1,0
2020-02-29,0.5068456598457158,0,0,0,0,0,0,0,1,0,0,0,0,0,0,0,1,0,0,0,none,,0,none,,,0,0,1,end,346,0,none,,0,none,,none,0,Mean Shift,none,0,0,0,1,0,0,0,0,0,0,0,0,0,0,1,0
2020-03-01,-0.10607440816246892,0,0,0,0,0,0,0,1,0,0,0,0,0,0,0,1,0,0,0,none,,0,none,,,0,0,1,end,346,0,none,,0,none,,none,0,Mean Shift,none,0,0,0,1,0,0,0,0,0,0,0,0,0,0,1,0
2020-03-02,0.3464543787052329,0,0,0,0,0,0,0,1,0,0,0,0,0,0,0,1,0,0,0,none,,0,none,,,0,0,1,end,346,0,none,,0,none,,none,0,Mean Shift,none,0,0,0,1,0,0,0,0,0,0,0,0,0,0,1,0
2020-03-03,1.817692683836664,0,0,0,0,0,0,0,1,0,0,0,0,0,0,0,1,0,0,0,none,,0,none,,,0,0,1,end,346,0,none,,0,none,,none,0,Mean Shift,none,0,0,0,1,0,0,0,0,0,0,0,0,0,0,1,0
2020-03-04,0.9520980504372804,0,0,0,0,0,0,0,1,0,0,0,0,0,0,0,1,0,0,0,none,,0,none,,,0,0,1,end,346,0,none,,0,none,,none,0,Mean Shift,none,0,0,0,1,0,0,0,0,0,0,0,0,0,0,1,0
2020-03-05,0.5903872027812717,0,0,0,0,0,0,0,1,0,0,0,0,0,0,0,1,0,0,0,none,,0,none,,,0,0,1,end,346,0,none,,0,none,,none,0,Mean Shift,none,0,0,0,1,0,0,0,0,0,0,0,0,0,0,1,0
2020-03-06,0.41686555784063634,0,0,0,0,0,0,0,1,0,0,0,0,0,0,0,1,0,0,0,none,,0,none,,,0,0,1,end,346,0,none,,0,none,,none,0,Mean Shift,none,0,0,0,1,0,0,0,0,0,0,0,0,0,0,1,0
2020-03-07,0.7167261018652027,0,0,0,0,0,0,0,1,0,0,0,0,0,0,0,1,0,0,0,none,,0,none,,,0,0,1,end,346,0,none,,0,none,,none,0,Mean Shift,none,0,0,0,1,0,0,0,0,0,0,0,0,0,0,1,0
2020-03-08,1.5949464444477464,0,0,0,0,0,0,0,1,0,0,0,0,0,0,0,1,0,0,0,none,,0,none,,,0,0,1,end,346,0,none,,0,none,,none,0,Mean Shift,none,0,0,0,1,0,0,0,0,0,0,0,0,0,0,1,0
2020-03-09,0.9373985946997561,0,0,0,0,0,0,0,1,0,0,0,0,0,0,0,1,0,0,0,none,,0,none,,,0,0,1,end,346,0,none,,0,none,,none,0,Mean Shift,none,0,0,0,1,0,0,0,0,0,0,0,0,0,0,1,0
2020-03-10,0.07594197143075775,0,0,0,0,0,0,0,1,0,0,0,0,0,0,0,1,0,0,0,none,,0,none,,,0,0,1,end,346,0,none,,0,none,,none,0,Mean Shift,none,0,0,0,1,0,0,0,0,0,0,0,0,0,0,1,0
2020-03-11,0.7740137732918657,0,0,0,0,0,0,0,1,0,0,0,0,0,0,0,1,0,0,0,none,,0,none,,,0,0,1,end,346,0,none,,0,none,,none,0,Mean Shift,none,0,0,0,1,0,0,0,0,0,0,0,0,0,0,1,0
2020-03-12,0.6372603775004357,0,0,0,0,0,0,0,1,0,0,0,0,0,0,0,1,0,0,0,none,,0,none,,,0,0,1,end,346,0,none,,0,none,,none,0,Mean Shift,none,0,0,0,1,0,0,0,0,0,0,0,0,0,0,1,0
2020-03-13,0.37044330992893265,0,0,0,0,0,0,0,1,0,0,0,0,0,0,0,1,0,0,0,none,,0,none,,,0,0,1,end,346,0,none,,0,none,,none,0,Mean Shift,none,0,0,0,1,0,0,0,0,0,0,0,0,0,0,1,0
2020-03-14,0.3957111222773178,0,0,0,0,0,0,0,1,0,0,0,0,0,0,0,1,0,0,0,none,,0,none,,,0,0,1,end,346,0,none,,0,none,,none,0,Mean Shift,none,0,0,0,1,0,0,0,0,0,0,0,0,0,0,1,0
2020-03-15,0.7948851093825671,0,0,0,0,0,0,0,1,0,0,0,0,0,0,0,1,0,0,0,none,,0,none,,,0,0,1,end,346,0,none,,0,none,,none,0,Mean Shift,none,0,0,0,1,0,0,0,0,0,0,0,0,0,0,1,0
2020-03-16,-1.0029613752018711,0,0,0,0,0,0,0,1,0,0,0,0,0,0,0,1,0,0,0,none,,0,none,,,0,0,1,end,346,0,none,,0,none,,none,0,Mean Shift,none,0,0,0,1,0,0,0,0,0,0,0,0,0,0,1,0
2020-03-17,0.4374286484805139,0,0,0,0,0,0,0,1,0,0,0,0,0,0,0,1,0,0,0,none,,0,none,,,0,0,1,end,346,0,none,,0,none,,none,0,Mean Shift,none,0,0,0,1,0,0,0,0,0,0,0,0,0,0,1,0
2020-03-18,0.48319888542706285,0,0,0,0,0,0,0,1,0,0,0,0,0,0,0,1,0,0,0,none,,0,none,,,0,0,1,end,346,0,none,,0,none,,none,0,Mean Shift,none,0,0,0,1,0,0,0,0,0,0,0,0,0,0,1,0
2020-03-19,0.7455024485823476,0,0,0,0,0,0,0,1,0,0,0,0,0,0,0,1,0,0,0,none,,0,none,,,0,0,1,end,346,0,none,,0,none,,none,0,Mean Shift,none,0,0,0,1,0,0,0,0,0,0,0,0,0,0,1,0
2020-03-20,-0.2661621255528814,0,0,0,0,0,0,0,1,0,0,0,0,0,0,0,1,0,0,0,none,,0,none,,,0,0,1,end,346,0,none,,0,none,,none,0,Mean Shift,none,0,0,0,1,0,0,0,0,0,0,0,0,0,0,1,0
2020-03-21,1.2377410602633423,0,0,0,0,0,0,0,1,0,0,0,0,0,0,0,1,0,0,0,none,,0,none,,,0,0,1,end,346,0,none,,0,none,,none,0,Mean Shift,none,0,0,0,1,0,0,0,0,0,0,0,0,0,0,1,0
2020-03-22,0.07358633441048093,0,0,0,0,0,0,0,1,0,0,0,0,0,0,0,1,0,0,0,none,,0,none,,,0,0,1,end,346,0,none,,0,none,,none,0,Mean Shift,none,0,0,0,1,0,0,0,0,0,0,0,0,0,0,1,0
2020-03-23,0.019754550670907506,0,0,0,0,0,0,0,1,0,0,0,0,0,0,0,1,0,0,0,none,,0,none,,,0,0,1,end,346,0,none,,0,none,,none,0,Mean Shift,none,0,0,0,1,0,0,0,0,0,0,0,0,0,0,1,0
2020-03-24,0.8382342836952117,0,0,0,0,0,0,0,1,0,0,0,0,0,0,0,1,0,0,0,none,,0,none,,,0,0,1,end,346,0,none,,0,none,,none,0,Mean Shift,none,0,0,0,1,0,0,0,0,0,0,0,0,0,0,1,0
2020-03-25,-0.4347124100178589,0,0,0,0,0,0,0,1,0,0,0,0,0,0,0,1,0,0,0,none,,0,none,,,0,0,1,end,346,0,none,,0,none,,none,0,Mean Shift,none,0,0,0,1,0,0,0,0,0,0,0,0,0,0,1,0
2020-03-26,-2.0083330031929343,0,0,0,0,0,0,0,1,0,0,0,0,0,0,0,1,0,0,0,none,,0,none,,,0,0,1,end,346,0,none,,0,none,,none,0,Mean Shift,none,0,0,0,1,0,0,0,0,0,0,0,0,0,0,1,0
2020-03-27,1.442986748707831,0,0,0,0,0,0,0,1,0,0,0,0,0,0,0,1,0,0,0,none,,0,none,,,0,0,1,end,346,0,none,,0,none,,none,0,Mean Shift,none,0,0,0,1,0,0,0,0,0,0,0,0,0,0,1,0
2020-03-28,0.5469355974174168,0,0,0,0,0,0,0,1,0,0,0,0,0,0,0,1,0,0,0,none,,0,none,,,0,0,1,end,346,0,none,,0,none,,none,0,Mean Shift,none,0,0,0,1,0,0,0,0,0,0,0,0,0,0,1,0
2020-03-29,-1.264457934439116,0,0,0,0,0,0,0,1,0,0,0,0,0,0,0,1,0,0,0,none,,0,none,,,0,0,1,end,346,0,none,,0,none,,none,0,Mean Shift,none,0,0,0,1,0,0,0,0,0,0,0,0,0,0,1,0
2020-03-30,1.5441521215390563,0,0,0,0,0,0,0,1,0,0,0,0,0,0,0,1,0,0,0,none,,0,none,,,0,0,1,end,346,0,none,,0,none,,none,0,Mean Shift,none,0,0,0,1,0,0,0,0,0,0,0,0,0,0,1,0
2020-03-31,1.674165700424969,0,0,0,0,0,0,0,1,0,0,0,0,0,0,0,1,0,0,0,none,,0,none,,,0,0,1,end,346,0,none,,0,none,,none,0,Mean Shift,none,0,0,0,1,0,0,0,0,0,0,0,0,0,0,1,0
2020-04-01,-0.14537442629256786,0,0,0,0,0,0,0,1,0,0,0,0,0,0,0,1,0,0,0,none,,0,none,,,0,0,1,end,346,0,none,,0,none,,none,0,Mean Shift,none,0,0,0,1,0,0,0,0,0,0,0,0,0,0,1,0
2020-04-02,1.4420892235180154,0,0,0,0,0,0,0,1,0,0,0,0,0,0,0,1,0,0,0,none,,0,none,,,0,0,1,end,346,0,none,,0,none,,none,0,Mean Shift,none,0,0,0,1,0,0,0,0,0,0,0,0,0,0,1,0
2020-04-03,0.5819314726427154,0,0,0,0,0,0,0,1,0,0,0,0,0,0,0,1,0,0,0,none,,0,none,,,0,0,1,end,346,0,none,,0,none,,none,0,Mean Shift,none,0,0,0,1,0,0,0,0,0,0,0,0,0,0,1,0
2020-04-04,-0.470204472463371,0,0,0,0,0,0,0,1,0,0,0,0,0,0,0,1,0,0,0,none,,0,none,,,0,0,1,end,346,0,none,,0,none,,none,0,Mean Shift,none,0,0,0,1,0,0,0,0,0,0,0,0,0,0,1,0
2020-04-05,0.9431929308505484,0,0,0,0,0,0,0,1,0,0,0,0,0,0,0,1,0,0,0,none,,0,none,,,0,0,1,end,346,0,none,,0,none,,none,0,Mean Shift,none,0,0,0,1,0,0,0,0,0,0,0,0,0,0,1,0
2020-04-06,1.3830514175069175,0,0,0,0,0,0,0,1,0,0,0,0,0,0,0,1,0,0,0,none,,0,none,,,0,0,1,end,346,0,none,,0,none,,none,0,Mean Shift,none,0,0,0,1,0,0,0,0,0,0,0,0,0,0,1,0
2020-04-07,-0.33489784611405027,0,0,0,0,0,0,0,1,0,0,0,0,0,0,0,1,0,0,0,none,,0,none,,,0,0,1,end,346,0,none,,0,none,,none,0,Mean Shift,none,0,0,0,1,0,0,0,0,0,0,0,0,0,0,1,0
2020-04-08,-0.540120170354759,0,0,0,0,0,0,0,1,0,0,0,0,0,0,0,1,0,0,0,none,,0,none,,,0,0,1,end,346,0,none,,0,none,,none,0,Mean Shift,none,0,0,0,1,0,0,0,0,0,0,0,0,0,0,1,0
2020-04-09,0.9898169714213878,0,0,0,0,0,0,0,1,0,0,0,0,0,0,0,1,0,0,0,none,,0,none,,,0,0,1,end,346,0,none,,0,none,,none,0,Mean Shift,none,0,0,0,1,0,0,0,0,0,0,0,0,0,0,1,0
2020-04-10,0.24127208477098525,0,0,0,0,0,0,0,1,0,0,0,0,0,0,0,1,0,0,0,none,,0,none,,,0,0,1,end,346,0,none,,0,none,,none,0,Mean Shift,none,0,0,0,1,0,0,0,0,0,0,0,0,0,0,1,0
2020-04-11,0.5064841781778999,0,0,0,0,0,0,0,1,0,0,0,0,0,0,0,1,0,0,0,none,,0,none,,,0,0,1,end,346,0,none,,0,none,,none,0,Mean Shift,none,0,0,0,1,0,0,0,0,0,0,0,0,0,0,1,0
2020-04-12,1.153257324045183,0,0,0,0,0,0,0,1,0,0,0,0,0,0,0,1,0,0,0,none,,0,none,,,0,0,1,end,346,0,none,,0,none,,none,0,Mean Shift,none,0,0,0,1,0,0,0,0,0,0,0,0,0,0,1,0
2020-04-13,0.29501496717530074,0,0,0,0,0,0,0,1,0,0,0,0,0,0,0,1,0,0,0,none,,0,none,,,0,0,1,end,346,0,none,,0,none,,none,0,Mean Shift,none,0,0,0,1,0,0,0,0,0,0,0,0,0,0,1,0
2020-04-14,-1.0980506275327517,0,0,0,0,0,0,0,1,0,0,0,0,0,0,0,1,0,0,0,none,,0,none,,,0,0,1,end,346,0,none,,0,none,,none,0,Mean Shift,none,0,0,0,1,0,0,0,0,0,0,0,0,0,0,1,0
2020-04-15,0.349643568824888,0,0,0,0,0,0,0,1,0,0,0,0,0,0,0,1,0,0,0,none,,0,none,,,0,0,1,end,346,0,none,,0,none,,none,0,Mean Shift,none,0,0,0,1,0,0,0,0,0,0,0,0,0,0,1,0
2020-04-16,-0.44189321236274093,0,0,0,0,0,0,0,1,0,0,0,0,0,0,0,1,0,0,0,none,,0,none,,,0,0,1,end,346,0,none,,0,none,,none,0,Mean Shift,none,0,0,0,1,0,0,0,0,0,0,0,0,0,0,1,0
2020-04-17,0.5729148838100098,0,0,0,0,0,0,0,1,0,0,0,0,0,0,0,1,0,0,0,none,,0,none,,,0,0,1,end,346,0,none,,0,none,,none,0,Mean Shift,none,0,0,0,1,0,0,0,0,0,0,0,0,0,0,1,0
2020-04-18,0.4944126537238913,0,0,0,0,0,0,0,1,0,0,0,0,0,0,0,1,0,0,0,none,,0,none,,,0,0,1,end,346,0,none,,0,none,,none,0,Mean Shift,none,0,0,0,1,0,0,0,0,0,0,0,0,0,0,1,0
2020-04-19,1.344497566621229,0,0,0,0,0,0,0,1,0,0,0,0,0,0,0,1,0,0,0,none,,0,none,,,0,0,1,end,346,0,none,,0,none,,none,0,Mean Shift,none,0,0,0,1,0,0,0,0,0,0,0,0,0,0,1,0
2020-04-20,0.7274458922681095,0,0,0,0,0,0,0,1,0,0,0,0,0,0,0,1,0,0,0,none,,0,none,,,0,0,1,end,346,0,none,,0,none,,none,0,Mean Shift,none,0,0,0,1,0,0,0,0,0,0,0,0,0,0,1,0
2020-04-21,1.8595098731347117,0,0,0,0,0,0,0,1,0,0,0,0,0,0,0,1,0,0,0,none,,0,none,,,0,0,1,end,346,0,none,,0,none,,none,0,Mean Shift,none,0,0,0,1,0,0,0,0,0,0,0,0,0,0,1,0
2020-04-22,0.18451939307586004,0,0,0,0,0,0,0,1,0,0,0,0,0,0,0,1,0,0,0,none,,0,none,,,0,0,1,end,346,0,none,,0,none,,none,0,Mean Shift,none,0,0,0,1,0,0,0,0,0,0,0,0,0,0,1,0
2020-04-23,1.8465708151496159,0,0,0,0,0,0,0,1,0,0,0,0,0,0,0,1,0,0,0,none,,0,none,,,0,0,1,end,346,0,none,,0,none,,none,0,Mean Shift,none,0,0,0,1,0,0,0,0,0,0,0,0,0,0,1,0
2020-04-24,0.9457607348676191,0,0,0,0,0,0,0,1,0,0,0,0,0,0,0,1,0,0,0,none,,0,none,,,0,0,1,end,346,0,none,,0,none,,none,0,Mean Shift,none,0,0,0,1,0,0,0,0,0,0,0,0,0,0,1,0
2020-04-25,0.7586968649529577,0,0,0,0,0,0,0,1,0,0,0,0,0,0,0,1,0,0,0,none,,0,none,,,0,0,1,end,346,0,none,,0,none,,none,0,Mean Shift,none,0,0,0,1,0,0,0,0,0,0,0,0,0,0,1,0
2020-04-26,-0.6455719942746049,0,0,0,0,0,0,0,1,0,0,0,0,0,0,0,1,0,0,0,none,,0,none,,,0,0,1,end,346,0,none,,0,none,,none,0,Mean Shift,none,0,0,0,1,0,0,0,0,0,0,0,0,0,0,1,0
2020-04-27,1.4400217457106639,0,0,0,0,0,0,0,1,0,0,0,0,0,0,0,1,0,0,0,none,,0,none,,,0,0,1,end,346,0,none,,0,none,,none,0,Mean Shift,none,0,0,0,1,0,0,0,0,0,0,0,0,0,0,1,0
2020-04-28,0.951854577774434,0,0,0,0,0,0,0,1,0,0,0,0,0,0,0,1,0,0,0,none,,0,none,,,0,0,1,end,346,0,none,,0,none,,none,0,Mean Shift,none,0,0,0,1,0,0,0,0,0,0,0,0,0,0,1,0
2020-04-29,1.2058079194619478,0,0,0,0,0,0,0,1,0,0,0,0,0,0,0,1,0,0,0,none,,0,none,,,0,0,1,end,346,0,none,,0,none,,none,0,Mean Shift,none,0,0,0,1,0,0,0,0,0,0,0,0,0,0,1,0
2020-04-30,1.091457909252483,0,0,0,0,0,0,0,1,0,0,0,0,0,0,0,1,0,0,0,none,,0,none,,,0,0,1,end,346,0,none,,0,none,,none,0,Mean Shift,none,0,0,0,1,0,0,0,0,0,0,0,0,0,0,1,0
2020-05-01,-0.22961455380801205,0,0,0,0,0,0,0,1,0,0,0,0,0,0,0,1,0,0,0,none,,0,none,,,0,0,1,end,346,0,none,,0,none,,none,0,Mean Shift,none,0,0,0,1,0,0,0,0,0,0,0,0,0,0,1,0
2020-05-02,-0.97534475620577,0,0,0,0,0,0,0,1,0,0,0,0,0,0,0,1,0,0,0,none,,0,none,,,0,0,1,end,346,0,none,,0,none,,none,0,Mean Shift,none,0,0,0,1,0,0,0,0,0,0,0,0,0,0,1,0
2020-05-03,-0.05567164201852706,0,0,0,0,0,0,0,1,0,0,0,0,0,0,0,1,0,0,0,none,,0,none,,,0,0,1,end,346,0,none,,0,none,,none,0,Mean Shift,none,0,0,0,1,0,0,0,0,0,0,0,0,0,0,1,0
2020-05-04,0.5762975515468588,0,0,0,0,0,0,0,1,0,0,0,0,0,0,0,1,0,0,0,none,,0,none,,,0,0,1,end,346,0,none,,0,none,,none,0,Mean Shift,none,0,0,0,1,0,0,0,0,0,0,0,0,0,0,1,0
2020-05-05,0.041321977451503955,0,0,0,0,0,0,0,1,0,0,0,0,0,0,0,1,0,0,0,none,,0,none,,,0,0,1,end,346,0,none,,0,none,,none,0,Mean Shift,none,0,0,0,1,0,0,0,0,0,0,0,0,0,0,1,0
2020-05-06,0.7410087533622934,0,0,0,0,0,0,0,1,0,0,0,0,0,0,0,1,0,0,0,none,,0,none,,,0,0,1,end,346,0,none,,0,none,,none,0,Mean Shift,none,0,0,0,1,0,0,0,0,0,0,0,0,0,0,1,0
2020-05-07,1.3519658628345754,0,0,0,0,0,0,0,1,0,0,0,0,0,0,0,1,0,0,0,none,,0,none,,,0,0,1,end,346,0,none,,0,none,,none,0,Mean Shift,none,0,0,0,1,0,0,0,0,0,0,0,0,0,0,1,0
2020-05-08,0.185764129750811,0,0,0,0,0,0,0,1,0,0,0,0,0,0,0,1,0,0,0,none,,0,none,,,0,0,1,end,346,0,none,,0,none,,none,0,Mean Shift,none,0,0,0,1,0,0,0,0,0,0,0,0,0,0,1,0
2020-05-09,-0.17133085194506334,0,0,0,0,0,0,0,1,0,0,0,0,0,0,0,1,0,0,0,none,,0,none,,,0,0,1,end,346,0,none,,0,none,,none,0,Mean Shift,none,0,0,0,1,0,0,0,0,0,0,0,0,0,0,1,0
2020-05-10,-1.0525362150361597,0,0,0,0,0,0,0,1,0,0,0,0,0,0,0,1,0,0,0,none,,0,none,,,0,0,1,end,346,0,none,,0,none,,none,0,Mean Shift,none,0,0,0,1,0,0,0,0,0,0,0,0,0,0,1,0
2020-05-11,0.8495242007425103,0,0,0,0,0,0,0,1,0,0,0,0,0,0,0,1,0,0,0,none,,0,none,,,0,0,1,end,346,0,none,,0,none,,none,0,Mean Shift,none,0,0,0,1,0,0,0,0,0,0,0,0,0,0,1,0
2020-05-12,1.4976495763901014,0,0,0,0,0,0,0,1,0,0,0,0,0,0,0,1,0,0,0,none,,0,none,,,0,0,1,end,346,0,none,,0,none,,none,0,Mean Shift,none,0,0,0,1,0,0,0,0,0,0,0,0,0,0,1,0
2020-05-13,-0.4728525356006376,0,0,0,0,0,0,0,1,0,0,0,0,0,0,0,1,0,0,0,none,,0,none,,,0,0,1,end,346,0,none,,0,none,,none,0,Mean Shift,none,0,0,0,1,0,0,0,0,0,0,0,0,0,0,1,0
2020-05-14,0.7812569092120327,0,0,0,0,0,0,0,1,0,0,0,0,0,0,0,1,0,0,0,none,,0,none,,,0,0,1,end,346,0,none,,0,none,,none,0,Mean Shift,none,0,0,0,1,0,0,0,0,0,0,0,0,0,0,1,0
2020-05-15,-0.7496582827483821,0,0,0,0,0,0,0,1,0,0,0,0,0,0,0,1,0,0,0,none,,0,none,,,0,0,1,end,346,0,none,,0,none,,none,0,Mean Shift,none,0,0,0,1,0,0,0,0,0,0,0,0,0,0,1,0
2020-05-16,-0.5634546216271165,0,0,0,0,0,0,0,1,0,0,0,0,0,0,0,1,0,0,0,none,,0,none,,,0,0,1,end,346,0,none,,0,none,,none,0,Mean Shift,none,0,0,0,1,0,0,0,0,0,0,0,0,0,0,1,0
2020-05-17,0.14066921129122734,0,0,0,0,0,0,0,1,0,0,0,0,0,0,0,1,0,0,0,none,,0,none,,,0,0,1,end,346,0,none,,0,none,,none,0,Mean Shift,none,0,0,0,1,0,0,0,0,0,0,0,0,0,0,1,0
2020-05-18,1.8913253353950796,0,0,0,0,0,0,0,1,0,0,0,0,0,0,0,1,0,0,0,none,,0,none,,,0,0,1,end,346,0,none,,0,none,,none,0,Mean Shift,none,0,0,0,1,0,0,0,0,0,0,0,0,0,0,1,0
2020-05-19,0.43283225077971055,0,0,0,0,0,0,0,1,0,0,0,0,0,0,0,1,0,0,0,none,,0,none,,,0,0,1,end,346,0,none,,0,none,,none,0,Mean Shift,none,0,0,0,1,0,0,0,0,0,0,0,0,0,0,1,0
2020-05-20,0.46696647485129816,0,0,0,0,0,0,0,1,0,0,0,0,0,0,0,1,0,0,0,none,,0,none,,,0,0,1,end,346,0,none,,0,none,,none,0,Mean Shift,none,0,0,0,1,0,0,0,0,0,0,0,0,0,0,1,0
2020-05-21,1.4131346780573624,0,0,0,0,0,0,0,1,0,0,0,0,0,0,0,1,0,0,0,none,,0,none,,,0,0,1,end,346,0,none,,0,none,,none,0,Mean Shift,none,0,0,0,1,0,0,0,0,0,0,0,0,0,0,1,0
2020-05-22,0.9889248271446017,0,0,0,0,0,0,0,1,0,0,0,0,0,0,0,1,0,0,0,none,,0,none,,,0,0,1,end,346,0,none,,0,none,,none,0,Mean Shift,none,0,0,0,1,0,0,0,0,0,0,0,0,0,0,1,0
2020-05-23,0.4185580307233619,0,0,0,0,0,0,0,1,0,0,0,0,0,0,0,1,0,0,0,none,,0,none,,,0,0,1,end,346,0,none,,0,none,,none,0,Mean Shift,none,0,0,0,1,0,0,0,0,0,0,0,0,0,0,1,0
2020-05-24,0.5210231693448001,0,0,0,0,0,0,0,1,0,0,0,0,0,0,0,1,0,0,0,none,,0,none,,,0,0,1,end,346,0,none,,0,none,,none,0,Mean Shift,none,0,0,0,1,0,0,0,0,0,0,0,0,0,0,1,0
2020-05-25,0.6287888068984855,0,0,0,0,0,0,0,1,0,0,0,0,0,0,0,1,0,0,0,none,,0,none,,,0,0,1,end,346,0,none,,0,none,,none,0,Mean Shift,none,0,0,0,1,0,0,0,0,0,0,0,0,0,0,1,0
2020-05-26,0.4244234088044047,0,0,0,0,0,0,0,1,0,0,0,0,0,0,0,1,0,0,0,none,,0,none,,,0,0,1,end,346,0,none,,0,none,,none,0,Mean Shift,none,0,0,0,1,0,0,0,0,0,0,0,0,0,0,1,0
2020-05-27,1.4780730206997077,0,0,0,0,0,0,0,1,0,0,0,0,0,0,0,1,0,0,0,none,,0,none,,,0,0,1,end,346,0,none,,0,none,,none,0,Mean Shift,none,0,0,0,1,0,0,0,0,0,0,0,0,0,0,1,0
2020-05-28,0.0033186753402478938,0,0,0,0,0,0,0,1,0,0,0,0,0,0,0,1,0,0,0,none,,0,none,,,0,0,1,end,346,0,none,,0,none,,none,0,Mean Shift,none,0,0,0,1,0,0,0,0,0,0,0,0,0,0,1,0
2020-05-29,0.9780704873801191,0,0,0,0,0,0,0,1,0,0,0,0,0,0,0,1,0,0,0,none,,0,none,,,0,0,1,end,346,0,none,,0,none,,none,0,Mean Shift,none,0,0,0,1,0,0,0,0,0,0,0,0,0,0,1,0
2020-05-30,2.0555692361642333,0,0,0,0,0,0,0,1,0,0,0,0,0,0,0,1,0,0,0,none,,0,none,,,0,0,1,end,346,0,none,,0,none,,none,0,Mean Shift,none,0,0,0,1,0,0,0,0,0,0,0,0,0,0,1,0
2020-05-31,0.35604858700590153,0,0,0,0,0,0,0,1,0,0,0,0,0,0,0,1,0,0,0,none,,0,none,,,0,0,1,end,346,0,none,,0,none,,none,0,Mean Shift,none,0,0,0,1,0,0,0,0,0,0,0,0,0,0,1,0
2020-06-01,0.6078787432108295,0,0,0,0,0,0,0,1,0,0,0,0,0,0,0,1,0,0,0,none,,0,none,,,0,0,1,end,346,0,none,,0,none,,none,0,Mean Shift,none,0,0,0,1,0,0,0,0,0,0,0,0,0,0,1,0
2020-06-02,0.4274467744737913,0,0,0,0,0,0,0,1,0,0,0,0,0,0,0,1,0,0,0,none,,0,none,,,0,0,1,end,346,0,none,,0,none,,none,0,Mean Shift,none,0,0,0,1,0,0,0,0,0,0,0,0,0,0,1,0
2020-06-03,-0.7012440068552777,0,0,0,0,0,0,0,1,0,0,0,0,0,0,0,1,0,0,0,none,,0,none,,,0,0,1,end,346,0,none,,0,none,,none,0,Mean Shift,none,0,0,0,1,0,0,0,0,0,0,0,0,0,0,1,0
2020-06-04,1.1852604422913544,0,0,0,0,0,0,0,1,0,0,0,0,0,0,0,1,0,0,0,none,,0,none,,,0,0,1,end,346,0,none,,0,none,,none,0,Mean Shift,none,0,0,0,1,0,0,0,0,0,0,0,0,0,0,1,0
2020-06-05,0.9536926146789579,0,0,0,0,0,0,0,1,0,0,0,0,0,0,0,1,0,0,0,none,,0,none,,,0,0,1,end,346,0,none,,0,none,,none,0,Mean Shift,none,0,0,0,1,0,0,0,0,0,0,0,0,0,0,1,0
2020-06-06,-0.6658825144309141,0,0,0,0,0,0,0,1,0,0,0,0,0,0,0,1,0,0,0,none,,0,none,,,0,0,1,end,346,0,none,,0,none,,none,0,Mean Shift,none,0,0,0,1,0,0,0,0,0,0,0,0,0,0,1,0
2020-06-07,1.268747216096254,0,0,0,0,0,0,0,1,0,0,0,0,0,0,0,1,0,0,0,none,,0,none,,,0,0,1,end,346,0,none,,0,none,,none,0,Mean Shift,none,0,0,0,1,0,0,0,0,0,0,0,0,0,0,1,0
2020-06-08,-0.11605426347949556,0,0,0,0,0,0,0,1,0,0,0,0,0,0,0,1,0,0,0,none,,0,none,,,0,0,1,end,346,0,none,,0,none,,none,0,Mean Shift,none,0,0,0,1,0,0,0,0,0,0,0,0,0,0,1,0
2020-06-09,-0.07957949923962822,0,0,0,0,0,0,0,1,0,0,0,0,0,0,0,1,0,0,0,none,,0,none,,,0,0,1,end,346,0,none,,0,none,,none,0,Mean Shift,none,0,0,0,1,0,0,0,0,0,0,0,0,0,0,1,0
2020-06-10,1.3902809682183184,0,0,0,0,0,0,0,1,0,0,0,0,0,0,0,1,0,0,0,none,,0,none,,,0,0,1,end,346,0,none,,0,none,,none,0,Mean Shift,none,0,0,0,1,0,0,0,0,0,0,0,0,0,0,1,0
2020-06-11,1.618173198230684,0,0,0,0,0,0,0,1,0,0,0,0,0,0,0,1,0,0,0,none,,0,none,,,0,0,1,end,346,0,none,,0,none,,none,0,Mean Shift,none,0,0,0,1,0,0,0,0,0,0,0,0,0,0,1,0
2020-06-12,0.3229452649865354,0,0,0,0,0,0,0,1,0,0,0,0,0,0,0,1,0,0,0,none,,0,none,,,0,0,1,end,346,0,none,,0,none,,none,0,Mean Shift,none,0,0,0,1,0,0,0,0,0,0,0,0,0,0,1,0
2020-06-13,1.148985767629105,0,0,0,0,0,0,0,1,0,0,0,0,0,0,0,1,0,0,0,none,,0,none,,,0,0,1,end,346,0,none,,0,none,,none,0,Mean Shift,none,0,0,0,1,0,0,0,0,0,0,0,0,0,0,1,0
2020-06-14,0.7819564446813223,0,0,0,0,0,0,0,1,0,0,0,0,0,0,0,1,0,0,0,none,,0,none,,,0,0,1,end,346,0,none,,0,none,,none,0,Mean Shift,none,0,0,0,1,0,0,0,0,0,0,0,0,0,0,1,0
2020-06-15,-0.1756990607790921,0,0,0,0,0,0,0,1,0,0,0,0,0,0,0,1,0,0,0,none,,0,none,,,0,0,1,end,346,0,none,,0,none,,none,0,Mean Shift,none,0,0,0,1,0,0,0,0,0,0,0,0,0,0,1,0
2020-06-16,1.2069747918474976,0,0,0,0,0,0,0,1,0,0,0,0,0,0,0,1,0,0,0,none,,0,none,,,0,0,1,end,346,0,none,,0,none,,none,0,Mean Shift,none,0,0,0,1,0,0,0,0,0,0,0,0,0,0,1,0
2020-06-17,1.115767924342245,0,0,0,0,0,0,0,1,0,0,0,0,0,0,0,1,0,0,0,none,,0,none,,,0,0,1,end,346,0,none,,0,none,,none,0,Mean Shift,none,0,0,0,1,0,0,0,0,0,0,0,0,0,0,1,0
2020-06-18,0.10991322675230694,0,0,0,0,0,0,0,1,0,0,0,0,0,0,0,1,0,0,0,none,,0,none,,,0,0,1,end,346,0,none,,0,none,,none,0,Mean Shift,none,0,0,0,1,0,0,0,0,0,0,0,0,0,0,1,0
2020-06-19,0.9526026625305813,0,0,0,0,0,0,0,1,0,0,0,0,0,0,0,1,0,0,0,none,,0,none,,,0,0,1,end,346,0,none,,0,none,,none,0,Mean Shift,none,0,0,0,1,0,0,0,0,0,0,0,0,0,0,1,0
2020-06-20,0.5854189881737973,0,0,0,0,0,0,0,1,0,0,0,0,0,0,0,1,0,0,0,none,,0,none,,,0,0,1,end,346,0,none,,0,none,,none,0,Mean Shift,none,0,0,0,1,0,0,0,0,0,0,0,0,0,0,1,0
2020-06-21,-0.714580844960808,0,0,0,0,0,0,0,1,0,0,0,0,0,0,0,1,0,0,0,none,,0,none,,,0,0,1,end,346,0,none,,0,none,,none,0,Mean Shift,none,0,0,0,1,0,0,0,0,0,0,0,0,0,0,1,0
2020-06-22,2.949843583049614,0,0,0,0,0,0,0,1,0,0,0,0,0,0,0,1,0,0,0,none,,0,none,,,0,0,1,end,346,0,none,,0,none,,none,0,Mean Shift,none,0,0,0,1,0,0,0,0,0,0,0,0,0,0,1,0
2020-06-23,1.9127599504106019,0,0,0,0,0,0,0,1,0,0,0,0,0,0,0,1,0,0,0,none,,0,none,,,0,0,1,end,346,0,none,,0,none,,none,0,Mean Shift,none,0,0,0,1,0,0,0,0,0,0,0,0,0,0,1,0
2020-06-24,-0.28517487780409034,0,0,0,0,0,0,0,1,0,0,0,0,0,0,0,1,0,0,0,none,,0,none,,,0,0,1,end,346,0,none,,0,none,,none,0,Mean Shift,none,0,0,0,1,0,0,0,0,0,0,0,0,0,0,1,0
2020-06-25,0.7430462841269467,0,0,0,0,0,0,0,1,0,0,0,0,0,0,0,1,0,0,0,none,,0,none,,,0,0,1,end,346,0,none,,0,none,,none,0,Mean Shift,none,0,0,0,1,0,0,0,0,0,0,0,0,0,0,1,0
2020-06-26,0.2606426362406291,0,0,0,0,0,0,0,1,0,0,0,0,0,0,0,1,0,0,0,none,,0,none,,,0,0,1,end,346,0,none,,0,none,,none,0,Mean Shift,none,0,0,0,1,0,0,0,0,0,0,0,0,0,0,1,0
2020-06-27,0.6313008551822639,0,0,0,0,0,0,0,1,0,0,0,0,0,0,0,1,0,0,0,none,,0,none,,,0,0,1,end,346,0,none,,0,none,,none,0,Mean Shift,none,0,0,0,1,0,0,0,0,0,0,0,0,0,0,1,0
2020-06-28,0.11179687540911193,0,0,0,0,0,0,0,1,0,0,0,0,0,0,0,1,0,0,0,none,,0,none,,,0,0,1,end,346,0,none,,0,none,,none,0,Mean Shift,none,0,0,0,1,0,0,0,0,0,0,0,0,0,0,1,0
2020-06-29,-0.45788209701011856,0,0,0,0,0,0,0,1,0,0,0,0,0,0,0,1,0,0,0,none,,0,none,,,0,0,1,end,346,0,none,,0,none,,none,0,Mean Shift,none,0,0,0,1,0,0,0,0,0,0,0,0,0,0,1,0
2020-06-30,0.3710274508448125,0,0,0,0,0,0,0,1,0,0,0,0,0,0,0,1,0,0,0,none,,0,none,,,0,0,1,end,346,0,none,,0,none,,none,0,Mean Shift,none,0,0,0,1,0,0,0,0,0,0,0,0,0,0,1,0
2020-07-01,-1.2856718161652612,0,0,0,0,0,0,0,1,0,0,0,0,0,0,0,1,0,0,0,none,,0,none,,,0,0,1,end,346,0,none,,0,none,,none,0,Mean Shift,none,0,0,0,1,0,0,0,0,0,0,0,0,0,0,1,0
2020-07-02,-0.7258155478881948,0,0,0,0,0,0,0,1,0,0,0,0,0,0,0,1,0,0,0,none,,0,none,,,0,0,1,end,346,0,none,,0,none,,none,0,Mean Shift,none,0,0,0,1,0,0,0,0,0,0,0,0,0,0,1,0
2020-07-03,1.8930838327314006,0,0,0,0,0,0,0,1,0,0,0,0,0,0,0,1,0,0,0,none,,0,none,,,0,0,1,end,346,0,none,,0,none,,none,0,Mean Shift,none,0,0,0,1,0,0,0,0,0,0,0,0,0,0,1,0
2020-07-04,1.1930425790125172,0,0,0,0,0,0,0,1,0,0,0,0,0,0,0,1,0,0,0,none,,0,none,,,0,0,1,end,346,0,none,,0,none,,none,0,Mean Shift,none,0,0,0,1,0,0,0,0,0,0,0,0,0,0,1,0
2020-07-05,0.6253663029966621,0,0,0,0,0,0,0,1,0,0,0,0,0,0,0,1,0,0,0,none,,0,none,,,0,0,1,end,346,0,none,,0,none,,none,0,Mean Shift,none,0,0,0,1,0,0,0,0,0,0,0,0,0,0,1,0
2020-07-06,-1.3509640089302868,0,0,0,0,0,0,0,1,0,0,0,0,0,0,0,1,0,0,0,none,,0,none,,,0,0,1,end,346,0,none,,0,none,,none,0,Mean Shift,none,0,0,0,1,0,0,0,0,0,0,0,0,0,0,1,0
2020-07-07,0.2611773154553139,0,0,0,0,0,0,0,1,0,0,0,0,0,0,0,1,0,0,0,none,,0,none,,,0,0,1,end,346,0,none,,0,none,,none,0,Mean Shift,none,0,0,0,1,0,0,0,0,0,0,0,0,0,0,1,0
2020-07-08,-0.011411213288336304,0,0,0,0,0,0,0,1,0,0,0,0,0,0,0,1,0,0,0,none,,0,none,,,0,0,1,end,346,0,none,,0,none,,none,0,Mean Shift,none,0,0,0,1,0,0,0,0,0,0,0,0,0,0,1,0
2020-07-09,1.1101175439670894,0,0,0,0,0,0,0,1,0,0,0,0,0,0,0,1,0,0,0,none,,0,none,,,0,0,1,end,346,0,none,,0,none,,none,0,Mean Shift,none,0,0,0,1,0,0,0,0,0,0,0,0,0,0,1,0
2020-07-10,0.8919628901271285,0,0,0,0,0,0,0,1,0,0,0,0,0,0,0,1,0,0,0,none,,0,none,,,0,0,1,end,346,0,none,,0,none,,none,0,Mean Shift,none,0,0,0,1,0,0,0,0,0,0,0,0,0,0,1,0
2020-07-11,-0.250493876822928,0,0,0,0,0,0,0,1,0,0,0,0,0,0,0,1,0,0,0,none,,0,none,,,0,0,1,end,346,0,none,,0,none,,none,0,Mean Shift,none,0,0,0,1,0,0,0,0,0,0,0,0,0,0,1,0
2020-07-12,-0.01405306662636724,0,0,0,0,0,0,0,1,0,0,0,0,0,0,0,1,0,0,0,none,,0,none,,,0,0,1,end,346,0,none,,0,none,,none,0,Mean Shift,none,0,0,0,1,0,0,0,0,0,0,0,0,0,0,1,0
2020-07-13,1.0914474816674098,0,0,0,0,0,0,0,1,0,0,0,0,0,0,0,1,0,0,0,none,,0,none,,,0,0,1,end,346,0,none,,0,none,,none,0,Mean Shift,none,0,0,0,1,0,0,0,0,0,0,0,0,0,0,1,0
2020-07-14,-1.4876736976661342,0,0,0,0,0,0,0,1,0,0,0,0,0,0,0,1,0,0,0,none,,0,none,,,0,0,1,end,346,0,none,,0,none,,none,0,Mean Shift,none,0,0,0,1,0,0,0,0,0,0,0,0,0,0,1,0
2020-07-15,0.5983568688451474,0,0,0,0,0,0,0,1,0,0,0,0,0,0,0,1,0,0,0,none,,0,none,,,0,0,1,end,346,0,none,,0,none,,none,0,Mean Shift,none,0,0,0,1,0,0,0,0,0,0,0,0,0,0,1,0
2020-07-16,-0.037936615812016836,0,0,0,0,0,0,0,1,0,0,0,0,0,0,0,1,0,0,0,none,,0,none,,,0,0,1,end,346,0,none,,0,none,,none,0,Mean Shift,none,0,0,0,1,0,0,0,0,0,0,0,0,0,0,1,0
2020-07-17,0.060953112447898125,0,0,0,0,0,0,0,1,0,0,0,0,0,0,0,1,0,0,0,none,,0,none,,,0,0,1,end,346,0,none,,0,none,,none,0,Mean Shift,none,0,0,0,1,0,0,0,0,0,0,0,0,0,0,1,0
2020-07-18,1.1111963955287476,0,0,0,0,0,0,0,1,0,0,0,0,0,0,0,1,0,0,0,none,,0,none,,,0,0,1,end,346,0,none,,0,none,,none,0,Mean Shift,none,0,0,0,1,0,0,0,0,0,0,0,0,0,0,1,0
2020-07-19,-0.31897121749651747,0,0,0,0,0,0,0,1,0,0,0,0,0,0,0,1,0,0,0,none,,0,none,,,0,0,1,end,346,0,none,,0,none,,none,0,Mean Shift,none,0,0,0,1,0,0,0,0,0,0,0,0,0,0,1,0
2020-07-20,0.9954033380342185,0,0,0,0,0,0,0,1,0,0,0,0,0,0,0,1,0,0,0,none,,0,none,,,0,0,1,end,346,0,none,,0,none,,none,0,Mean Shift,none,0,0,0,1,0,0,0,0,0,0,0,0,0,0,1,0
2020-07-21,-1.332840076662341,0,0,0,0,0,0,0,1,0,0,0,0,0,0,0,1,0,0,0,none,,0,none,,,0,0,1,end,346,0,none,,0,none,,none,0,Mean Shift,none,0,0,0,1,0,0,0,0,0,0,0,0,0,0,1,0
2020-07-22,-0.5805931676468118,0,0,0,0,0,0,0,1,0,0,0,0,0,0,0,1,0,0,0,none,,0,none,,,0,0,1,end,346,0,none,,0,none,,none,0,Mean Shift,none,0,0,0,1,0,0,0,0,0,0,0,0,0,0,1,0
2020-07-23,1.3757351537460751,0,0,0,0,0,0,0,1,0,0,0,0,0,0,0,1,0,0,0,none,,0,none,,,0,0,1,end,346,0,none,,0,none,,none,0,Mean Shift,none,0,0,0,1,0,0,0,0,0,0,0,0,0,0,1,0
2020-07-24,-0.9852248003301585,0,0,0,0,0,0,0,1,0,0,0,0,0,0,0,1,0,0,0,none,,0,none,,,0,0,1,end,346,0,none,,0,none,,none,0,Mean Shift,none,0,0,0,1,0,0,0,0,0,0,0,0,0,0,1,0
2020-07-25,1.3345920167132392,0,0,0,0,0,0,0,1,0,0,0,0,0,0,0,1,0,0,0,none,,0,none,,,0,0,1,end,346,0,none,,0,none,,none,0,Mean Shift,none,0,0,0,1,0,0,0,0,0,0,0,0,0,0,1,0
2020-07-26,-0.03647091179626447,0,0,0,0,0,0,0,1,0,0,0,0,0,0,0,1,0,0,0,none,,0,none,,,0,0,1,end,346,0,none,,0,none,,none,0,Mean Shift,none,0,0,0,1,0,0,0,0,0,0,0,0,0,0,1,0
2020-07-27,-0.1874853720126657,0,0,0,0,0,0,0,1,0,0,0,0,0,0,0,1,0,0,0,none,,0,none,,,0,0,1,end,346,0,none,,0,none,,none,0,Mean Shift,none,0,0,0,1,0,0,0,0,0,0,0,0,0,0,1,0
2020-07-28,1.2515433820007231,0,0,0,0,0,0,0,1,0,0,0,0,0,0,0,1,0,0,0,none,,0,none,,,0,0,1,end,346,0,none,,0,none,,none,0,Mean Shift,none,0,0,0,1,0,0,0,0,0,0,0,0,0,0,1,0
2020-07-29,2.2839815725127512,0,0,0,0,0,0,0,1,0,0,0,0,0,0,0,1,0,0,0,none,,0,none,,,0,0,1,end,346,0,none,,0,none,,none,0,Mean Shift,none,0,0,0,1,0,0,0,0,0,0,0,0,0,0,1,0
2020-07-30,-0.1719482200204835,0,0,0,0,0,0,0,1,0,0,0,0,0,0,0,1,0,0,0,none,,0,none,,,0,0,1,end,346,0,none,,0,none,,none,0,Mean Shift,none,0,0,0,1,0,0,0,0,0,0,0,0,0,0,1,0
2020-07-31,0.11551592875666752,0,0,0,0,0,0,0,1,0,0,0,0,0,0,0,1,0,0,0,none,,0,none,,,0,0,1,end,346,0,none,,0,none,,none,0,Mean Shift,none,0,0,0,1,0,0,0,0,0,0,0,0,0,0,1,0
2020-08-01,1.307244318569609,0,0,0,0,0,0,0,1,0,0,0,0,0,0,0,1,0,0,0,none,,0,none,,,0,0,1,end,346,0,none,,0,none,,none,0,Mean Shift,none,0,0,0,1,0,0,0,0,0,0,0,0,0,0,1,0
2020-08-02,0.5160558407170968,0,0,0,0,0,0,0,1,0,0,0,0,0,0,0,1,0,0,0,none,,0,none,,,0,0,1,end,346,0,none,,0,none,,none,0,Mean Shift,none,0,0,0,1,0,0,0,0,0,0,0,0,0,0,1,0
2020-08-03,-0.31040885914601646,0,0,0,0,0,0,0,1,0,0,0,0,0,0,0,1,0,0,0,none,,0,none,,,0,0,1,end,346,0,none,,0,none,,none,0,Mean Shift,none,0,0,0,1,0,0,0,0,0,0,0,0,0,0,1,0
2020-08-04,0.46604454060522926,0,0,0,0,0,0,0,1,0,0,0,0,0,0,0,1,0,0,0,none,,0,none,,,0,0,1,end,346,0,none,,0,none,,none,0,Mean Shift,none,0,0,0,1,0,0,0,0,0,0,0,0,0,0,1,0
2020-08-05,-0.2202976196151763,0,0,0,0,0,0,0,1,0,0,0,0,0,0,0,1,0,0,0,none,,0,none,,,0,0,1,end,346,0,none,,0,none,,none,0,Mean Shift,none,0,0,0,1,0,0,0,0,0,0,0,0,0,0,1,0
2020-08-06,0.8627990711375872,0,0,0,0,0,0,0,1,0,0,0,0,0,0,0,1,0,0,0,none,,0,none,,,0,0,1,end,346,0,none,,0,none,,none,0,Mean Shift,none,0,0,0,1,0,0,0,0,0,0,0,0,0,0,1,0
2020-08-07,1.5185147165124733,0,0,0,0,0,0,0,1,0,0,0,0,0,0,0,1,0,0,0,none,,0,none,,,0,0,1,end,346,0,none,,0,none,,none,0,Mean Shift,none,0,0,0,1,0,0,0,0,0,0,0,0,0,0,1,0
2020-08-08,0.15319251966220815,0,0,0,0,0,0,0,1,0,0,0,0,0,0,0,1,0,0,0,none,,0,none,,,0,0,1,end,346,0,none,,0,none,,none,0,Mean Shift,none,0,0,0,1,0,0,0,0,0,0,0,0,0,0,1,0
2020-08-09,-0.414470140034038,0,0,0,0,0,0,0,1,0,0,0,0,0,0,0,1,0,0,0,none,,0,none,,,0,0,1,end,346,0,none,,0,none,,none,0,Mean Shift,none,0,0,0,1,0,0,0,0,0,0,0,0,0,0,1,0
2020-08-10,0.16746636033936896,0,0,0,0,0,0,0,1,0,0,0,0,0,0,0,1,0,0,0,none,,0,none,,,0,0,1,end,346,0,none,,0,none,,none,0,Mean Shift,none,0,0,0,1,0,0,0,0,0,0,0,0,0,0,1,0
2020-08-11,-0.18504720063093175,0,0,0,0,0,0,0,1,0,0,0,0,0,0,0,1,0,0,0,none,,0,none,,,0,0,1,end,346,0,none,,0,none,,none,0,Mean Shift,none,0,0,0,1,0,0,0,0,0,0,0,0,0,0,1,0
2020-08-12,-0.9041849919309468,0,0,0,0,0,0,0,1,0,0,0,0,0,0,0,1,0,0,0,none,,0,none,,,0,0,1,end,346,0,none,,0,none,,none,0,Mean Shift,none,0,0,0,1,0,0,0,0,0,0,0,0,0,0,1,0
2020-08-13,1.312307958417071,0,0,0,0,0,0,0,1,0,0,0,0,0,0,0,1,0,0,0,none,,0,none,,,0,0,1,end,346,0,none,,0,none,,none,0,Mean Shift,none,0,0,0,1,0,0,0,0,0,0,0,0,0,0,1,0
2020-08-14,-0.12299027680307145,0,0,0,0,0,0,0,1,0,0,0,0,0,0,0,1,0,0,0,none,,0,none,,,0,0,1,end,346,0,none,,0,none,,none,0,Mean Shift,none,0,0,0,1,0,0,0,0,0,0,0,0,0,0,1,0
2020-08-15,-0.006878460574780203,0,0,0,0,0,0,0,1,0,0,0,0,0,0,0,1,0,0,0,none,,0,none,,,0,0,1,end,346,0,none,,0,none,,none,0,Mean Shift,none,0,0,0,1,0,0,0,0,0,0,0,0,0,0,1,0
2020-08-16,0.08427413557610128,0,0,0,0,0,0,0,1,0,0,0,0,0,0,0,1,0,0,0,none,,0,none,,,0,0,1,end,346,0,none,,0,none,,none,0,Mean Shift,none,0,0,0,1,0,0,0,0,0,0,0,0,0,0,1,0
2020-08-17,-0.06253934825595593,0,0,0,0,0,0,0,1,0,0,0,0,0,0,0,1,0,0,0,none,,0,none,,,0,0,1,end,346,0,none,,0,none,,none,0,Mean Shift,none,0,0,0,1,0,0,0,0,0,0,0,0,0,0,1,0
2020-08-18,-1.4606372509180705,0,0,0,0,0,0,0,1,0,0,0,0,0,0,0,1,0,0,0,none,,0,none,,,0,0,1,end,346,0,none,,0,none,,none,0,Mean Shift,none,0,0,0,1,0,0,0,0,0,0,0,0,0,0,1,0
2020-08-19,0.2103373524016097,0,0,0,0,0,0,0,1,0,0,0,0,0,0,0,1,0,0,0,none,,0,none,,,0,0,1,end,346,0,none,,0,none,,none,0,Mean Shift,none,0,0,0,1,0,0,0,0,0,0,0,0,0,0,1,0
2020-08-20,1.1474863265928021,0,0,0,0,0,0,0,1,0,0,0,0,0,0,0,1,0,0,0,none,,0,none,,,0,0,1,end,346,0,none,,0,none,,none,0,Mean Shift,none,0,0,0,1,0,0,0,0,0,0,0,0,0,0,1,0
2020-08-21,1.0666668576936498,0,0,0,0,0,0,0,1,0,0,0,0,0,0,0,1,0,0,0,none,,0,none,,,0,0,1,end,346,0,none,,0,none,,none,0,Mean Shift,none,0,0,0,1,0,0,0,0,0,0,0,0,0,0,1,0
2020-08-22,-0.5524230737074902,0,0,0,0,0,0,0,1,0,0,0,0,0,0,0,1,0,0,0,none,,0,none,,,0,0,1,end,346,0,none,,0,none,,none,0,Mean Shift,none,0,0,0,1,0,0,0,0,0,0,0,0,0,0,1,0
2020-08-23,0.3972997627534245,0,0,0,0,0,0,0,1,0,0,0,0,0,0,0,1,0,0,0,none,,0,none,,,0,0,1,end,346,0,none,,0,none,,none,0,Mean Shift,none,0,0,0,1,0,0,0,0,0,0,0,0,0,0,1,0
2020-08-24,1.3727063195203795,0,0,0,0,0,0,0,1,0,0,0,0,0,0,0,1,0,0,0,none,,0,none,,,0,0,1,end,346,0,none,,0,none,,none,0,Mean Shift,none,0,0,0,1,0,0,0,0,0,0,0,0,0,0,1,0
2020-08-25,-0.41167743022125636,0,0,0,0,0,0,0,1,0,0,0,0,0,0,0,1,0,0,0,none,,0,none,,,0,0,1,end,346,0,none,,0,none,,none,0,Mean Shift,none,0,0,0,1,0,0,0,0,0,0,0,0,0,0,1,0
2020-08-26,0.8158665011950788,0,0,0,0,0,0,0,1,0,0,0,0,0,0,0,1,0,0,0,none,,0,none,,,0,0,1,end,346,0,none,,0,none,,none,0,Mean Shift,none,0,0,0,1,0,0,0,0,0,0,0,0,0,0,1,0
2020-08-27,-0.742882111416845,0,0,0,0,0,0,0,1,0,0,0,0,0,0,0,1,0,0,0,none,,0,none,,,0,0,1,end,346,0,none,,0,none,,none,0,Mean Shift,none,0,0,0,1,0,0,0,0,0,0,0,0,0,0,1,0
2020-08-28,-0.18169826331635577,0,0,0,0,0,0,0,1,0,0,0,0,0,0,0,1,0,0,0,none,,0,none,,,0,0,1,end,346,0,none,,0,none,,none,0,Mean Shift,none,0,0,0,1,0,0,0,0,0,0,0,0,0,0,1,0
2020-08-29,1.9496050850089588,0,0,0,0,0,0,0,1,0,0,0,0,0,0,0,1,0,0,0,none,,0,none,,,0,0,1,end,346,0,none,,0,none,,none,0,Mean Shift,none,0,0,0,1,0,0,0,0,0,0,0,0,0,0,1,0
2020-08-30,-0.20367860543800811,0,0,0,0,0,0,0,1,0,0,0,0,0,0,0,1,0,0,0,none,,0,none,,,0,0,1,end,346,0,none,,0,none,,none,0,Mean Shift,none,0,0,0,1,0,0,0,0,0,0,0,0,0,0,1,0
2020-08-31,-0.6423367087466735,0,0,0,0,0,0,0,1,0,0,0,0,0,0,0,1,0,0,0,none,,0,none,,,0,0,1,end,346,0,none,,0,none,,none,0,Mean Shift,none,0,0,0,1,0,0,0,0,0,0,0,0,0,0,1,0
2020-09-01,-0.10293022893074613,0,0,0,0,0,0,0,1,0,0,0,0,0,0,0,1,0,0,0,none,,0,none,,,0,0,1,end,346,0,none,,0,none,,none,0,Mean Shift,none,0,0,0,1,0,0,0,0,0,0,0,0,0,0,1,0
2020-09-02,-0.7339583907703908,0,0,0,0,0,0,0,1,0,0,0,0,0,0,0,1,0,0,0,none,,0,none,,,0,0,1,end,346,0,none,,0,none,,none,0,Mean Shift,none,0,0,0,1,0,0,0,0,0,0,0,0,0,0,1,0
2020-09-03,0.18218056023851856,0,0,0,0,0,0,0,1,0,0,0,0,0,0,0,1,0,0,0,none,,0,none,,,0,0,1,end,346,0,none,,0,none,,none,0,Mean Shift,none,0,0,0,1,0,0,0,0,0,0,0,0,0,0,1,0
2020-09-04,-0.18853439177250142,0,0,0,0,0,0,0,1,0,0,0,0,0,0,0,1,0,0,0,none,,0,none,,,0,0,1,end,346,0,none,,0,none,,none,0,Mean Shift,none,0,0,0,1,0,0,0,0,0,0,0,0,0,0,1,0
2020-09-05,0.30620105054125796,0,0,0,0,0,0,0,1,0,0,0,0,0,0,0,1,0,0,0,none,,0,none,,,0,0,1,end,346,0,none,,0,none,,none,0,Mean Shift,none,0,0,0,1,0,0,0,0,0,0,0,0,0,0,1,0
2020-09-06,-0.9513311869102777,0,0,0,0,0,0,0,1,0,0,0,0,0,0,0,1,0,0,0,none,,0,none,,,0,0,1,end,346,0,none,,0,none,,none,0,Mean Shift,none,0,0,0,1,0,0,0,0,0,0,0,0,0,0,1,0
2020-09-07,0.2608871849685836,0,0,0,0,0,0,0,1,0,0,0,0,0,0,0,1,0,0,0,none,,0,none,,,0,0,1,end,346,0,none,,0,none,,none,0,Mean Shift,none,0,0,0,1,0,0,0,0,0,0,0,0,0,0,1,0
2020-09-08,0.28383113065131266,0,0,0,0,0,0,0,1,0,0,0,0,0,0,0,1,0,0,0,none,,0,none,,,0,0,1,end,346,0,none,,0,none,,none,0,Mean Shift,none,0,0,0,1,0,0,0,0,0,0,0,0,0,0,1,0
2020-09-09,-0.6682947153049409,0,0,0,0,0,0,0,1,0,0,0,0,0,0,0,1,0,0,0,none,,0,none,,,0,0,1,end,346,0,none,,0,none,,none,0,Mean Shift,none,0,0,0,1,0,0,0,0,0,0,0,0,0,0,1,0
2020-09-10,-0.8735563545909931,0,0,0,0,0,0,0,1,0,0,0,0,0,0,0,1,0,0,0,none,,0,none,,,0,0,1,end,346,0,none,,0,none,,none,0,Mean Shift,none,0,0,0,1,0,0,0,0,0,0,0,0,0,0,1,0
2020-09-11,0.15021806672048163,0,0,0,0,0,0,0,1,0,0,0,0,0,0,0,1,0,0,0,none,,0,none,,,0,0,1,end,346,0,none,,0,none,,none,0,Mean Shift,none,0,0,0,1,0,0,0,0,0,0,0,0,0,0,1,0
2020-09-12,-0.6356129974579515,0,0,0,0,0,0,0,1,0,0,0,0,0,0,0,1,0,0,0,none,,0,none,,,0,0,1,end,346,0,none,,0,none,,none,0,Mean Shift,none,0,0,0,1,0,0,0,0,0,0,0,0,0,0,1,0
2020-09-13,-0.7555544960543226,0,0,0,0,0,0,0,1,0,0,0,0,0,0,0,1,0,0,0,none,,0,none,,,0,0,1,end,346,0,none,,0,none,,none,0,Mean Shift,none,0,0,0,1,0,0,0,0,0,0,0,0,0,0,1,0
2020-09-14,-0.25820596245849825,0,0,0,0,0,0,0,1,0,0,0,0,0,0,0,1,0,0,0,none,,0,none,,,0,0,1,end,346,0,none,,0,none,,none,0,Mean Shift,none,0,0,0,1,0,0,0,0,0,0,0,0,0,0,1,0
2020-09-15,0.41171411205835795,0,0,0,0,0,0,0,1,0,0,0,0,0,0,0,1,0,0,0,none,,0,none,,,0,0,1,end,346,0,none,,0,none,,none,0,Mean Shift,none,0,0,0,1,0,0,0,0,0,0,0,0,0,0,1,0
2020-09-16,0.18593135315737594,0,0,0,0,0,0,0,1,0,0,0,0,0,0,0,1,0,0,0,none,,0,none,,,0,0,1,end,346,0,none,,0,none,,none,0,Mean Shift,none,0,0,0,1,0,0,0,0,0,0,0,0,0,0,1,0
2020-09-17,-0.21747268275045184,0,0,0,0,0,0,0,1,0,0,0,0,0,0,0,1,0,0,0,none,,0,none,,,0,0,1,end,346,0,none,,0,none,,none,0,Mean Shift,none,0,0,0,1,0,0,0,0,0,0,0,0,0,0,1,0
2020-09-18,0.27389765288532414,0,0,0,0,0,0,0,1,0,0,0,0,0,0,0,1,0,0,0,none,,0,none,,,0,0,1,end,346,0,none,,0,none,,none,0,Mean Shift,none,0,0,0,1,0,0,0,0,0,0,0,0,0,0,1,0
2020-09-19,0.3515383292426389,0,0,0,0,0,0,0,1,0,0,0,0,0,0,0,1,0,0,0,none,,0,none,,,0,0,1,end,346,0,none,,0,none,,none,0,Mean Shift,none,0,0,0,1,0,0,0,0,0,0,0,0,0,0,1,0
2020-09-20,-0.2396325718764719,0,0,0,0,0,0,0,1,0,0,0,0,0,0,0,1,0,0,0,none,,0,none,,,0,0,1,end,346,0,none,,0,none,,none,0,Mean Shift,none,0,0,0,1,0,0,0,0,0,0,0,0,0,0,1,0
2020-09-21,0.8272561462991895,0,0,0,0,0,0,0,1,0,0,0,0,0,0,0,1,0,0,0,none,,0,none,,,0,0,1,end,346,0,none,,0,none,,none,0,Mean Shift,none,0,0,0,1,0,0,0,0,0,0,0,0,0,0,1,0
2020-09-22,0.9362604694529442,0,0,0,0,0,0,0,1,0,0,0,0,0,0,0,1,0,0,0,none,,0,none,,,0,0,1,end,346,0,none,,0,none,,none,0,Mean Shift,none,0,0,0,1,0,0,0,0,0,0,0,0,0,0,1,0
2020-09-23,-0.7286918215432537,0,0,0,0,0,0,0,1,0,0,0,0,0,0,0,1,0,0,0,none,,0,none,,,0,0,1,end,346,0,none,,0,none,,none,0,Mean Shift,none,0,0,0,1,0,0,0,0,0,0,0,0,0,0,1,0
2020-09-24,0.2936105595705604,0,0,0,0,0,0,0,1,0,0,0,0,0,0,0,1,0,0,0,none,,0,none,,,0,0,1,end,346,0,none,,0,none,,none,0,Mean Shift,none,0,0,0,1,0,0,0,0,0,0,0,0,0,0,1,0
2020-09-25,-2.147622403842338,0,0,0,0,0,0,0,1,0,0,0,0,0,0,0,1,0,0,0,none,,0,none,,,0,0,1,end,346,0,none,,0,none,,none,0,Mean Shift,none,0,0,0,1,0,0,0,0,0,0,0,0,0,0,1,0
2020-09-26,-0.7902068763582624,0,0,0,0,0,0,0,1,0,0,0,0,0,0,0,1,0,0,0,none,,0,none,,,0,0,1,end,346,0,none,,0,none,,none,0,Mean Shift,none,0,0,0,1,0,0,0,0,0,0,0,0,0,0,1,0
2020-09-27,-0.34379079578134236,0,0,0,0,0,0,0,1,0,0,0,0,0,0,0,1,0,0,0,none,,0,none,,,0,0,1,end,346,0,none,,0,none,,none,0,Mean Shift,none,0,0,0,1,0,0,0,0,0,0,0,0,0,0,1,0
2020-09-28,-0.13653959303116486,0,0,0,0,0,0,0,1,0,0,0,0,0,0,0,1,0,0,0,none,,0,none,,,0,0,1,end,346,0,none,,0,none,,none,0,Mean Shift,none,0,0,0,1,0,0,0,0,0,0,0,0,0,0,1,0
2020-09-29,-0.5746542572075316,0,0,0,0,0,0,0,1,0,0,0,0,0,0,0,1,0,0,0,none,,0,none,,,0,0,1,end,346,0,none,,0,none,,none,0,Mean Shift,none,0,0,0,1,0,0,0,0,0,0,0,0,0,0,1,0
2020-09-30,-1.269847654027237,0,0,0,0,0,0,0,1,0,0,0,0,0,0,0,1,0,0,0,none,,0,none,,,0,0,1,end,346,0,none,,0,none,,none,0,Mean Shift,none,0,0,0,1,0,0,0,0,0,0,0,0,0,0,1,0
2020-10-01,-0.7471585020147323,0,0,0,0,0,0,0,1,0,0,0,0,0,0,0,1,0,0,0,none,,0,none,,,0,0,1,end,346,0,none,,0,none,,none,0,Mean Shift,none,0,0,0,1,0,0,0,0,0,0,0,0,0,0,1,0
2020-10-02,-1.0316628558181207,0,0,0,0,0,0,0,1,0,0,0,0,0,0,0,1,0,0,0,none,,0,none,,,0,0,1,end,346,0,none,,0,none,,none,0,Mean Shift,none,0,0,0,1,0,0,0,0,0,0,0,0,0,0,1,0
2020-10-03,-0.5232708614820406,0,0,0,0,0,0,0,1,0,0,0,0,0,0,0,1,0,0,0,none,,0,none,,,0,0,1,end,346,0,none,,0,none,,none,0,Mean Shift,none,0,0,0,1,0,0,0,0,0,0,0,0,0,0,1,0
2020-10-04,0.30410316059901044,0,0,0,0,0,0,0,1,0,0,0,0,0,0,0,1,0,0,0,none,,0,none,,,0,0,1,end,346,0,none,,0,none,,none,0,Mean Shift,none,0,0,0,1,0,0,0,0,0,0,0,0,0,0,1,0
2020-10-05,-0.5609680248123617,0,0,0,0,0,0,0,1,0,0,0,0,0,0,0,1,0,0,0,none,,0,none,,,0,0,1,end,346,0,none,,0,none,,none,0,Mean Shift,none,0,0,0,1,0,0,0,0,0,0,0,0,0,0,1,0
2020-10-06,-0.5719463463670745,0,0,0,0,0,0,0,1,0,0,0,0,0,0,0,1,0,0,0,none,,0,none,,,0,0,1,end,346,0,none,,0,none,,none,0,Mean Shift,none,0,0,0,1,0,0,0,0,0,0,0,0,0,0,1,0
2020-10-07,-0.014868851851128325,0,0,0,0,0,0,0,1,0,0,0,0,0,0,0,1,0,0,0,none,,0,none,,,0,0,1,end,346,0,none,,0,none,,none,0,Mean Shift,none,0,0,0,1,0,0,0,0,0,0,0,0,0,0,1,0
2020-10-08,-0.7445230040175178,0,0,0,0,0,0,0,1,0,0,0,0,0,0,0,1,0,0,0,none,,0,none,,,0,0,1,end,346,0,none,,0,none,,none,0,Mean Shift,none,0,0,0,1,0,0,0,0,0,0,0,0,0,0,1,0
2020-10-09,0.15300850946821887,0,0,0,0,0,0,0,1,0,0,0,0,0,0,0,1,0,0,0,none,,0,none,,,0,0,1,end,346,0,none,,0,none,,none,0,Mean Shift,none,0,0,0,1,0,0,0,0,0,0,0,0,0,0,1,0
2020-10-10,-1.5833263090919671,0,0,0,0,0,0,0,1,0,0,0,0,0,0,0,1,0,0,0,none,,0,none,,,0,0,1,end,346,0,none,,0,none,,none,0,Mean Shift,none,0,0,0,1,0,0,0,0,0,0,0,0,0,0,1,0
2020-10-11,0.48219541560272683,0,0,0,0,0,0,0,1,0,0,0,0,0,0,0,1,0,0,0,none,,0,none,,,0,0,1,end,346,0,none,,0,none,,none,0,Mean Shift,none,0,0,0,1,0,0,0,0,0,0,0,0,0,0,1,0
2020-10-12,-0.31752707448361417,0,0,0,0,0,0,0,1,0,0,0,0,0,0,0,1,0,0,0,none,,0,none,,,0,0,1,end,346,0,none,,0,none,,none,0,Mean Shift,none,0,0,0,1,0,0,0,0,0,0,0,0,0,0,1,0
2020-10-13,-0.4960907445488128,0,0,0,0,0,0,0,1,0,0,0,0,0,0,0,1,0,0,0,none,,0,none,,,0,0,1,end,346,0,none,,0,none,,none,0,Mean Shift,none,0,0,0,1,0,0,0,0,0,0,0,0,0,0,1,0
2020-10-14,-1.5634434328834985,0,0,0,0,0,0,0,1,0,0,0,0,0,0,0,1,0,0,0,none,,0,none,,,0,0,1,end,346,0,none,,0,none,,none,0,Mean Shift,none,0,0,0,1,0,0,0,0,0,0,0,0,0,0,1,0
2020-10-15,-1.0687774848434608,0,0,0,0,0,0,0,1,0,0,0,0,0,0,0,1,0,0,0,none,,0,none,,,0,0,1,end,346,0,none,,0,none,,none,0,Mean Shift,none,0,0,0,1,0,0,0,0,0,0,0,0,0,0,1,0
2020-10-16,0.0966371311966986,0,0,0,0,0,0,0,1,0,0,0,0,0,0,0,1,0,0,0,none,,0,none,,,0,0,1,end,346,0,none,,0,none,,none,0,Mean Shift,none,0,0,0,1,0,0,0,0,0,0,0,0,0,0,1,0
2020-10-17,-0.8337610971962545,0,0,0,0,0,0,0,1,0,0,0,0,0,0,0,1,0,0,0,none,,0,none,,,0,0,1,end,346,0,none,,0,none,,none,0,Mean Shift,none,0,0,0,1,0,0,0,0,0,0,0,0,0,0,1,0
2020-10-18,-0.06812207224322463,0,0,0,0,0,0,0,1,0,0,0,0,0,0,0,1,0,0,0,none,,0,none,,,0,0,1,end,346,0,none,,0,none,,none,0,Mean Shift,none,0,0,0,1,0,0,0,0,0,0,0,0,0,0,1,0
2020-10-19,-1.0928611818101621,0,0,0,0,0,0,0,1,0,0,0,0,0,0,0,1,0,0,0,none,,0,none,,,0,0,1,end,346,0,none,,0,none,,none,0,Mean Shift,none,0,0,0,1,0,0,0,0,0,0,0,0,0,0,1,0
2020-10-20,-0.4692175022219402,0,0,0,0,0,0,0,1,0,0,0,0,0,0,0,1,0,0,0,none,,0,none,,,0,0,1,end,346,0,none,,0,none,,none,0,Mean Shift,none,0,0,0,1,0,0,0,0,0,0,0,0,0,0,1,0
2020-10-21,-0.486856585097109,0,0,0,0,0,0,0,1,0,0,0,0,0,0,0,1,0,0,0,none,,0,none,,,0,0,1,end,346,0,none,,0,none,,none,0,Mean Shift,none,0,0,0,1,0,0,0,0,0,0,0,0,0,0,1,0
2020-10-22,0.9632789880302287,0,0,0,0,0,0,0,1,0,0,0,0,0,0,0,1,0,0,0,none,,0,none,,,0,0,1,end,346,0,none,,0,none,,none,0,Mean Shift,none,0,0,0,1,0,0,0,0,0,0,0,0,0,0,1,0
2020-10-23,0.21539335814461116,0,0,0,0,0,0,0,1,0,0,0,0,0,0,0,1,0,0,0,none,,0,none,,,0,0,1,end,346,0,none,,0,none,,none,0,Mean Shift,none,0,0,0,1,0,0,0,0,0,0,0,0,0,0,1,0
2020-10-24,-0.7225353986246106,0,0,0,0,0,0,0,1,0,0,0,0,0,0,0,1,0,0,0,none,,0,none,,,0,0,1,end,346,0,none,,0,none,,none,0,Mean Shift,none,0,0,0,1,0,0,0,0,0,0,0,0,0,0,1,0
2020-10-25,-0.031351730892047854,0,0,0,0,0,0,0,1,0,0,0,0,0,0,0,1,0,0,0,none,,0,none,,,0,0,1,end,346,0,none,,0,none,,none,0,Mean Shift,none,0,0,0,1,0,0,0,0,0,0,0,0,0,0,1,0
2020-10-26,-0.8764554037479283,0,0,0,0,0,0,0,1,0,0,0,0,0,0,0,1,0,0,0,none,,0,none,,,0,0,1,end,346,0,none,,0,none,,none,0,Mean Shift,none,0,0,0,1,0,0,0,0,0,0,0,0,0,0,1,0
2020-10-27,0.0794725236059969,0,0,0,0,0,0,0,1,0,0,0,0,0,0,0,1,0,0,0,none,,0,none,,,0,0,1,end,346,0,none,,0,none,,none,0,Mean Shift,none,0,0,0,1,0,0,0,0,0,0,0,0,0,0,1,0
2020-10-28,-0.36588887318534014,0,0,0,0,0,0,0,1,0,0,0,0,0,0,0,1,0,0,0,none,,0,none,,,0,0,1,end,346,0,none,,0,none,,none,0,Mean Shift,none,0,0,0,1,0,0,0,0,0,0,0,0,0,0,1,0
2020-10-29,-1.2553810872806714,0,0,0,0,0,0,0,1,0,0,0,0,0,0,0,1,0,0,0,none,,0,none,,,0,0,1,end,346,0,none,,0,none,,none,0,Mean Shift,none,0,0,0,1,0,0,0,0,0,0,0,0,0,0,1,0
2020-10-30,-0.7379069207373585,0,0,0,0,0,0,0,1,0,0,0,0,0,0,0,1,0,0,0,none,,0,none,,,0,0,1,end,346,0,none,,0,none,,none,0,Mean Shift,none,0,0,0,1,0,0,0,0,0,0,0,0,0,0,1,0
2020-10-31,0.20308320711764144,0,0,0,0,0,0,0,1,0,0,0,0,0,0,0,1,0,0,0,none,,0,none,,,0,0,1,end,346,0,none,,0,none,,none,0,Mean Shift,none,0,0,0,1,0,0,0,0,0,0,0,0,0,0,1,0
2020-11-01,-1.3976340165494128,0,0,0,0,0,0,0,1,0,0,0,0,0,0,0,1,0,0,0,none,,0,none,,,0,0,1,end,346,0,none,,0,none,,none,0,Mean Shift,none,0,0,0,1,0,0,0,0,0,0,0,0,0,0,1,0
2020-11-02,-1.3715218927630177,0,0,0,0,0,0,0,1,0,0,0,0,0,0,0,1,0,0,0,none,,0,none,,,0,0,1,end,346,0,none,,0,none,,none,0,Mean Shift,none,0,0,0,1,0,0,0,0,0,0,0,0,0,0,1,0
2020-11-03,0.5327492029613494,0,0,0,0,0,0,0,1,0,0,0,0,0,0,0,1,0,0,0,none,,0,none,,,0,0,1,end,346,0,none,,0,none,,none,0,Mean Shift,none,0,0,0,1,0,0,0,0,0,0,0,0,0,0,1,0
2020-11-04,-1.8142931985732527,0,0,0,0,0,0,0,1,0,0,0,0,0,0,0,1,0,0,0,none,,0,none,,,0,0,1,end,346,0,none,,0,none,,none,0,Mean Shift,none,0,0,0,1,0,0,0,0,0,0,0,0,0,0,1,0
2020-11-05,-0.590986594977576,0,0,0,0,0,0,0,1,0,0,0,0,0,0,0,1,0,0,0,none,,0,none,,,0,0,1,end,346,0,none,,0,none,,none,0,Mean Shift,none,0,0,0,1,0,0,0,0,0,0,0,0,0,0,1,0
2020-11-06,0.6012399575980039,0,0,0,0,0,0,0,1,0,0,0,0,0,0,0,1,0,0,0,none,,0,none,,,0,0,1,end,346,0,none,,0,none,,none,0,Mean Shift,none,0,0,0,1,0,0,0,0,0,0,0,0,0,0,1,0
2020-11-07,-0.6788880701778485,0,0,0,0,0,0,0,1,0,0,0,0,0,0,0,1,0,0,0,none,,0,none,,,0,0,1,end,346,0,none,,0,none,,none,0,Mean Shift,none,0,0,0,1,0,0,0,0,0,0,0,0,0,0,1,0
2020-11-08,-1.6745592514038656,0,0,0,0,0,0,0,1,0,0,0,0,0,0,0,1,0,0,0,none,,0,none,,,0,0,1,end,346,0,none,,0,none,,none,0,Mean Shift,none,0,0,0,1,0,0,0,0,0,0,0,0,0,0,1,0
2020-11-09,-1.0492692882814625,0,0,0,0,0,0,0,1,0,0,0,0,0,0,0,1,0,0,0,none,,0,none,,,0,0,1,end,346,0,none,,0,none,,none,0,Mean Shift,none,0,0,0,1,0,0,0,0,0,0,0,0,0,0,1,0
2020-11-10,-0.570614676628487,0,0,0,0,0,0,0,1,0,0,0,0,0,0,0,1,0,0,0,none,,0,none,,,0,0,1,end,346,0,none,,0,none,,none,0,Mean Shift,none,0,0,0,1,0,0,0,0,0,0,0,0,0,0,1,0
2020-11-11,-0.8102129996119707,0,0,0,0,0,0,0,1,0,0,0,0,0,0,0,1,0,0,0,none,,0,none,,,0,0,1,end,346,0,none,,0,none,,none,0,Mean Shift,none,0,0,0,1,0,0,0,0,0,0,0,0,0,0,1,0
2020-11-12,-1.1814514738349033,0,0,0,0,0,0,0,1,0,0,0,0,0,0,0,1,0,0,0,none,,0,none,,,0,0,1,end,346,0,none,,0,none,,none,0,Mean Shift,none,0,0,0,1,0,0,0,0,0,0,0,0,0,0,1,0
2020-11-13,-0.46325198130159934,0,0,0,0,0,0,0,1,0,0,0,0,0,0,0,1,0,0,0,none,,0,none,,,0,0,1,end,346,0,none,,0,none,,none,0,Mean Shift,none,0,0,0,1,0,0,0,0,0,0,0,0,0,0,1,0
2020-11-14,-0.813302676218618,0,0,0,0,0,0,0,1,0,0,0,0,0,0,0,1,0,0,0,none,,0,none,,,0,0,1,end,346,0,none,,0,none,,none,0,Mean Shift,none,0,0,0,1,0,0,0,0,0,0,0,0,0,0,1,0
2020-11-15,-0.11794540995538785,0,0,0,0,0,0,0,1,0,0,0,0,0,0,0,1,0,0,0,none,,0,none,,,0,0,1,end,346,0,none,,0,none,,none,0,Mean Shift,none,0,0,0,1,0,0,0,0,0,0,0,0,0,0,1,0
2020-11-16,-0.010824012409617825,0,0,0,0,0,0,0,1,0,0,0,0,0,0,0,1,0,0,0,none,,0,none,,,0,0,1,end,346,0,none,,0,none,,none,0,Mean Shift,none,0,0,0,1,0,0,0,0,0,0,0,0,0,0,1,0
2020-11-17,-1.5056831691710557,0,0,0,0,0,0,0,1,0,0,0,0,0,0,0,1,0,0,0,none,,0,none,,,0,0,1,end,346,0,none,,0,none,,none,0,Mean Shift,none,0,0,0,1,0,0,0,0,0,0,0,0,0,0,1,0
2020-11-18,0.13106734140985254,0,0,0,0,0,0,0,1,0,0,0,0,0,0,0,1,0,0,0,none,,0,none,,,0,0,1,end,346,0,none,,0,none,,none,0,Mean Shift,none,0,0,0,1,0,0,0,0,0,0,0,0,0,0,1,0
2020-11-19,-0.8829977508775213,0,0,0,0,0,0,0,1,0,0,0,0,0,0,0,1,0,0,0,none,,0,none,,,0,0,1,end,346,0,none,,0,none,,none,0,Mean Shift,none,0,0,0,1,0,0,0,0,0,0,0,0,0,0,1,0
2020-11-20,-1.3908803249483892,0,0,0,0,0,0,0,1,0,0,0,0,0,0,0,1,0,0,0,none,,0,none,,,0,0,1,end,346,0,none,,0,none,,none,0,Mean Shift,none,0,0,0,1,0,0,0,0,0,0,0,0,0,0,1,0
2020-11-21,1.0917474711105677,0,0,0,0,0,0,0,1,0,0,0,0,0,0,0,1,0,0,0,none,,0,none,,,0,0,1,end,346,0,none,,0,none,,none,0,Mean Shift,none,0,0,0,1,0,0,0,0,0,0,0,0,0,0,1,0
2020-11-22,-1.5073359149621508,0,0,0,0,0,0,0,1,0,0,0,0,0,0,0,1,0,0,0,none,,0,none,,,0,0,1,end,346,0,none,,0,none,,none,0,Mean Shift,none,0,0,0,1,0,0,0,0,0,0,0,0,0,0,1,0
2020-11-23,-1.7186839401297855,0,0,0,0,0,0,0,1,0,0,0,0,0,0,0,1,0,0,0,none,,0,none,,,0,0,1,end,346,0,none,,0,none,,none,0,Mean Shift,none,0,0,0,1,0,0,0,0,0,0,0,0,0,0,1,0
2020-11-24,0.01930316127184072,0,0,0,0,0,0,0,1,0,0,0,0,0,0,0,1,0,0,0,none,,0,none,,,0,0,1,end,346,0,none,,0,none,,none,0,Mean Shift,none,0,0,0,1,0,0,0,0,0,0,0,0,0,0,1,0
2020-11-25,-1.074547515186279,0,0,0,0,0,0,0,1,0,0,0,0,0,0,0,1,0,0,0,none,,0,none,,,0,0,1,end,346,0,none,,0,none,,none,0,Mean Shift,none,0,0,0,1,0,0,0,0,0,0,0,0,0,0,1,0
2020-11-26,-0.6581036590751405,0,0,0,0,0,0,0,1,0,0,0,0,0,0,0,1,0,0,0,none,,0,none,,,0,0,1,end,346,0,none,,0,none,,none,0,Mean Shift,none,0,0,0,1,0,0,0,0,0,0,0,0,0,0,1,0
2020-11-27,0.6262558956990968,0,0,0,0,0,0,0,1,0,0,0,0,0,0,0,1,0,0,0,none,,0,none,,,0,0,1,end,346,0,none,,0,none,,none,0,Mean Shift,none,0,0,0,1,0,0,0,0,0,0,0,0,0,0,1,0
2020-11-28,-2.2655475068051585,0,0,0,0,0,0,0,1,0,0,0,0,0,0,0,1,0,0,0,none,,0,none,,,0,0,1,end,346,0,none,,0,none,,none,0,Mean Shift,none,0,0,0,1,0,0,0,0,0,0,0,0,0,0,1,0
2020-11-29,0.9647658936152492,0,0,0,0,0,0,0,1,0,0,0,0,0,0,0,1,0,0,0,none,,0,none,,,0,0,1,end,346,0,none,,0,none,,none,0,Mean Shift,none,0,0,0,1,0,0,0,0,0,0,0,0,0,0,1,0
2020-11-30,0.2906500960147552,0,0,0,0,0,0,0,1,0,0,0,0,0,0,0,1,0,0,0,none,,0,none,,,0,0,1,end,346,0,none,,0,none,,none,0,Mean Shift,none,0,0,0,1,0,0,0,0,0,0,0,0,0,0,1,0
2020-12-01,-1.4504765556386368,0,0,0,0,0,0,0,1,0,0,0,0,0,0,0,1,0,0,0,none,,0,none,,,0,0,1,end,346,0,none,,0,none,,none,0,Mean Shift,none,0,0,0,1,0,0,0,0,0,0,0,0,0,0,1,0
2020-12-02,-1.6587306341074117,0,0,0,0,0,0,0,1,0,0,0,0,0,0,0,1,0,0,0,none,,0,none,,,0,0,1,end,346,0,none,,0,none,,none,0,Mean Shift,none,0,0,0,1,0,0,0,0,0,0,0,0,0,0,1,0
2020-12-03,-2.591563727871317,0,0,0,0,0,0,0,1,0,0,0,0,0,0,0,1,0,0,0,none,,0,none,,,0,0,1,end,346,0,none,,0,none,,none,0,Mean Shift,none,0,0,0,1,0,0,0,0,0,0,0,0,0,0,1,0
2020-12-04,-0.39112980428703703,0,0,0,0,0,0,0,1,0,0,0,0,0,0,0,1,0,0,0,none,,0,none,,,0,0,1,end,346,0,none,,0,none,,none,0,Mean Shift,none,0,0,0,1,0,0,0,0,0,0,0,0,0,0,1,0
2020-12-05,-1.2848324968528015,0,0,0,0,0,0,0,1,0,0,0,0,0,0,0,1,0,0,0,none,,0,none,,,0,0,1,end,346,0,none,,0,none,,none,0,Mean Shift,none,0,0,0,1,0,0,0,0,0,0,0,0,0,0,1,0
2020-12-06,0.31078390883478635,0,0,0,0,0,0,0,1,0,0,0,0,0,0,0,1,0,0,0,none,,0,none,,,0,0,1,end,346,0,none,,0,none,,none,0,Mean Shift,none,0,0,0,1,0,0,0,0,0,0,0,0,0,0,1,0
2020-12-07,-0.12729156067512795,0,0,0,0,0,0,0,1,0,0,0,0,0,0,0,1,0,0,0,none,,0,none,,,0,0,1,end,346,0,none,,0,none,,none,0,Mean Shift,none,0,0,0,1,0,0,0,0,0,0,0,0,0,0,1,0
2020-12-08,-2.251277274326793,0,0,0,0,0,0,0,1,0,0,0,0,0,0,0,1,0,0,0,none,,0,none,,,0,0,1,end,346,0,none,,0,none,,none,0,Mean Shift,none,0,0,0,1,0,0,0,0,0,0,0,0,0,0,1,0
2020-12-09,-0.5002199503912003,0,0,0,0,0,0,0,1,0,0,0,0,0,0,0,1,0,0,0,none,,0,none,,,0,0,1,end,346,0,none,,0,none,,none,0,Mean Shift,none,0,0,0,1,0,0,0,0,0,0,0,0,0,0,1,0
2020-12-10,-2.0654001747236896,0,0,0,0,0,0,0,1,0,0,0,0,0,0,0,1,0,0,0,none,,0,none,,,0,0,1,end,346,0,none,,0,none,,none,0,Mean Shift,none,0,0,0,1,0,0,0,0,0,0,0,0,0,0,1,0
2020-12-11,-0.582704792248269,0,0,0,0,0,0,0,1,0,0,0,0,0,0,0,1,0,0,0,none,,0,none,,,0,0,1,end,346,0,none,,0,none,,none,0,Mean Shift,none,0,0,0,1,0,0,0,0,0,0,0,0,0,0,1,0
2020-12-12,-0.3260517575569909,0,0,0,0,0,0,0,1,0,0,0,0,0,0,0,1,0,0,0,none,,0,none,,,0,0,1,end,346,0,none,,0,none,,none,0,Mean Shift,none,0,0,0,1,0,0,0,0,0,0,0,0,0,0,1,0
2020-12-13,-1.8888056541270029,0,0,0,0,0,0,0,1,0,0,0,0,0,0,0,1,0,0,0,none,,0,none,,,0,0,1,end,346,0,none,,0,none,,none,0,Mean Shift,none,0,0,0,1,0,0,0,0,0,0,0,0,0,0,1,0
2020-12-14,-0.0038568680679235464,0,0,0,0,0,0,0,1,0,0,0,0,0,0,0,1,0,0,0,none,,0,none,,,0,0,1,end,346,0,none,,0,none,,none,0,Mean Shift,none,0,0,0,1,0,0,0,0,0,0,0,0,0,0,1,0
2020-12-15,-0.22469561843747554,0,0,0,0,0,0,0,1,0,0,0,0,0,0,0,1,0,0,0,none,,0,none,,,0,0,1,end,346,0,none,,0,none,,none,0,Mean Shift,none,0,0,0,1,0,0,0,0,0,0,0,0,0,0,1,0
2020-12-16,-0.14707199653422479,0,0,0,0,0,0,0,1,0,0,0,0,0,0,0,1,0,0,0,none,,0,none,,,0,0,1,end,346,0,none,,0,none,,none,0,Mean Shift,none,0,0,0,1,0,0,0,0,0,0,0,0,0,0,1,0
2020-12-17,-0.16932685505823397,0,0,0,0,0,0,0,1,0,0,0,0,0,0,0,1,0,0,0,none,,0,none,,,0,0,1,end,346,0,none,,0,none,,none,0,Mean Shift,none,0,0,0,1,0,0,0,0,0,0,0,0,0,0,1,0
2020-12-18,-1.2979643243849153,0,0,0,0,0,0,0,1,0,0,0,0,0,0,0,1,0,0,0,none,,0,none,,,0,0,1,end,346,0,none,,0,none,,none,0,Mean Shift,none,0,0,0,1,0,0,0,0,0,0,0,0,0,0,1,0
2020-12-19,0.09764116707988811,0,0,0,0,0,0,0,1,0,0,0,0,0,0,0,1,0,0,0,none,,0,none,,,0,0,1,end,346,0,none,,0,none,,none,0,Mean Shift,none,0,0,0,1,0,0,0,0,0,0,0,0,0,0,1,0
2020-12-20,1.5654308979159233,0,0,0,0,0,0,0,1,0,0,0,0,0,0,0,1,0,0,0,none,,0,none,,,0,0,1,end,346,0,none,,0,none,,none,0,Mean Shift,none,0,0,0,1,0,0,0,0,0,0,0,0,0,0,1,0
2020-12-21,0.14083170083340626,0,0,0,0,0,0,0,1,0,0,0,0,0,0,0,1,0,0,0,none,,0,none,,,0,0,1,end,346,0,none,,0,none,,none,0,Mean Shift,none,0,0,0,1,0,0,0,0,0,0,0,0,0,0,1,0
2020-12-22,-0.38053620558549145,0,0,0,0,0,0,0,1,0,0,0,0,0,0,0,1,0,0,0,none,,0,none,,,0,0,1,end,346,0,none,,0,none,,none,0,Mean Shift,none,0,0,0,1,0,0,0,0,0,0,0,0,0,0,1,0
2020-12-23,0.3729549485355853,0,0,0,0,0,0,0,1,0,0,0,0,0,0,0,1,0,0,0,none,,0,none,,,0,0,1,end,346,0,none,,0,none,,none,0,Mean Shift,none,0,0,0,1,0,0,0,0,0,0,0,0,0,0,1,0
2020-12-24,0.10164259075449843,0,0,0,0,0,0,0,1,0,0,0,0,0,0,0,1,0,0,0,none,,0,none,,,0,0,1,end,346,0,none,,0,none,,none,0,Mean Shift,none,0,0,0,1,0,0,0,0,0,0,0,0,0,0,1,0
2020-12-25,0.4840277504281753,0,0,0,0,0,0,0,1,0,0,0,0,0,0,0,1,0,0,0,none,,0,none,,,0,0,1,end,346,0,none,,0,none,,none,0,Mean Shift,none,0,0,0,1,0,0,0,0,0,0,0,0,0,0,1,0
2020-12-26,1.036562275413059,0,0,0,0,0,0,0,1,0,0,0,0,0,0,0,1,0,0,0,none,,0,none,,,0,0,1,end,346,0,none,,0,none,,none,0,Mean Shift,none,0,0,0,1,0,0,0,0,0,0,0,0,0,0,1,0
2020-12-27,-0.14834846380002523,0,0,0,0,0,0,0,1,0,0,0,0,0,0,0,1,0,0,0,none,,0,none,,,0,0,1,end,346,0,none,,0,none,,none,0,Mean Shift,none,0,0,0,1,0,0,0,0,0,0,0,0,0,0,1,0
2020-12-28,-0.12716687631614554,0,0,0,0,0,0,0,1,0,0,0,0,0,0,0,1,0,0,0,none,,0,none,,,0,0,1,end,346,0,none,,0,none,,none,0,Mean Shift,none,0,0,0,1,0,0,0,0,0,0,0,0,0,0,1,0
2020-12-29,-0.09006510141425497,0,0,0,0,0,0,0,1,0,0,0,0,0,0,0,1,0,0,0,none,,0,none,,,0,0,1,end,346,0,none,,0,none,,none,0,Mean Shift,none,0,0,0,1,0,0,0,0,0,0,0,0,0,0,1,0
2020-12-30,0.22756067214082998,0,0,0,0,0,0,0,1,0,0,0,0,0,0,0,1,0,0,0,none,,0,none,,,0,0,1,end,346,0,none,,0,none,,none,0,Mean Shift,none,0,0,0,1,0,0,0,0,0,0,0,0,0,0,1,0
2020-12-31,-0.43484826635464796,0,0,0,0,0,0,0,1,0,0,0,0,0,0,0,1,0,0,0,none,,0,none,,,0,0,1,end,346,0,none,,0,none,,none,0,Mean Shift,none,0,0,0,1,0,0,0,0,0,0,0,0,0,0,1,0
2021-01-01,0.9395503913043423,0,0,0,0,0,0,0,1,0,0,0,0,0,0,0,1,0,0,0,none,,0,none,,,0,0,1,end,346,0,none,,0,none,,none,0,Mean Shift,none,0,0,0,1,0,0,0,0,0,0,0,0,0,0,1,0
2021-01-02,1.5019367191973922,0,0,0,0,0,0,0,1,0,0,0,0,0,0,0,1,0,0,0,none,,0,none,,,0,0,1,end,346,0,none,,0,none,,none,0,Mean Shift,none,0,0,0,1,0,0,0,0,0,0,0,0,0,0,1,0
2021-01-03,-0.29106698965269623,0,0,0,0,0,0,0,1,0,0,0,0,0,0,0,1,0,0,0,none,,0,none,,,0,0,1,end,346,0,none,,0,none,,none,0,Mean Shift,none,0,0,0,1,0,0,0,0,0,0,0,0,0,0,1,0
2021-01-04,-1.1138936612318526,0,0,0,0,0,0,0,1,0,0,0,0,0,0,0,1,0,0,0,none,,0,none,,,0,0,1,end,346,0,none,,0,none,,none,0,Mean Shift,none,0,0,0,1,0,0,0,0,0,0,0,0,0,0,1,0
2021-01-05,-0.5958704794706747,0,0,0,0,0,0,0,1,0,0,0,0,0,0,0,1,0,0,0,none,,0,none,,,0,0,1,end,346,0,none,,0,none,,none,0,Mean Shift,none,0,0,0,1,0,0,0,0,0,0,0,0,0,0,1,0
2021-01-06,1.0811529671501345,0,0,0,0,0,0,0,1,0,0,0,0,0,0,0,1,0,0,0,none,,0,none,,,0,0,1,end,346,0,none,,0,none,,none,0,Mean Shift,none,0,0,0,1,0,0,0,0,0,0,0,0,0,0,1,0
2021-01-07,0.36565303476606553,0,0,0,0,0,0,0,1,0,0,0,0,0,0,0,1,0,0,0,none,,0,none,,,0,0,1,end,346,0,none,,0,none,,none,0,Mean Shift,none,0,0,0,1,0,0,0,0,0,0,0,0,0,0,1,0
2021-01-08,0.5356690976069663,0,0,0,0,0,0,0,1,0,0,0,0,0,0,0,1,0,0,0,none,,0,none,,,0,0,1,end,346,0,none,,0,none,,none,0,Mean Shift,none,0,0,0,1,0,0,0,0,0,0,0,0,0,0,1,0
2021-01-09,-0.10025289853849816,0,0,0,0,0,0,0,1,0,0,0,0,0,0,0,1,0,0,0,none,,0,none,,,0,0,1,end,346,0,none,,0,none,,none,0,Mean Shift,none,0,0,0,1,0,0,0,0,0,0,0,0,0,0,1,0
2021-01-10,1.0217847969125649,0,0,0,0,0,0,0,1,0,0,0,0,0,0,0,1,0,0,0,none,,0,none,,,0,0,1,end,346,0,none,,0,none,,none,0,Mean Shift,none,0,0,0,1,0,0,0,0,0,0,0,0,0,0,1,0
2021-01-11,0.8095990356082016,0,0,0,0,0,0,0,1,0,0,0,0,0,0,0,1,0,0,0,none,,0,none,,,0,0,1,end,346,0,none,,0,none,,none,0,Mean Shift,none,0,0,0,1,0,0,0,0,0,0,0,0,0,0,1,0
2021-01-12,-1.0366791575761538,0,0,0,0,0,0,0,1,0,0,0,0,0,0,0,1,0,0,0,none,,0,none,,,0,0,1,end,346,0,none,,0,none,,none,0,Mean Shift,none,0,0,0,1,0,0,0,0,0,0,0,0,0,0,1,0
2021-01-13,0.5514201137592423,0,0,0,0,0,0,0,1,0,0,0,0,0,0,0,1,0,0,0,none,,0,none,,,0,0,1,end,346,0,none,,0,none,,none,0,Mean Shift,none,0,0,0,1,0,0,0,0,0,0,0,0,0,0,1,0
2021-01-14,-0.7197493671482139,0,0,0,0,0,0,0,1,0,0,0,0,0,0,0,1,0,0,0,none,,0,none,,,0,0,1,end,346,0,none,,0,none,,none,0,Mean Shift,none,0,0,0,1,0,0,0,0,0,0,0,0,0,0,1,0
2021-01-15,-1.1507971612252066,0,0,0,0,0,0,0,1,0,0,0,0,0,0,0,1,0,0,0,none,,0,none,,,0,0,1,end,346,0,none,,0,none,,none,0,Mean Shift,none,0,0,0,1,0,0,0,0,0,0,0,0,0,0,1,0
2021-01-16,-1.343016095464351,0,0,0,0,0,0,0,1,0,0,0,0,0,0,0,1,0,0,0,none,,0,none,,,0,0,1,end,346,0,none,,0,none,,none,0,Mean Shift,none,0,0,0,1,0,0,0,0,0,0,0,0,0,0,1,0
2021-01-17,-1.585038092166203,0,0,0,0,0,0,0,1,0,0,0,0,0,0,0,1,0,0,0,none,,0,none,,,0,0,1,end,346,0,none,,0,none,,none,0,Mean Shift,none,0,0,0,1,0,0,0,0,0,0,0,0,0,0,1,0
2021-01-18,-0.2651596868859789,0,0,0,0,0,0,0,1,0,0,0,0,0,0,0,1,0,0,0,none,,0,none,,,0,0,1,end,346,0,none,,0,none,,none,0,Mean Shift,none,0,0,0,1,0,0,0,0,0,0,0,0,0,0,1,0
2021-01-19,-0.8338906669037551,0,0,0,0,0,0,0,1,0,0,0,0,0,0,0,1,0,0,0,none,,0,none,,,0,0,1,end,346,0,none,,0,none,,none,0,Mean Shift,none,0,0,0,1,0,0,0,0,0,0,0,0,0,0,1,0
2021-01-20,-0.8526891510646342,0,0,0,0,0,0,0,1,0,0,0,0,0,0,0,1,0,0,0,none,,0,none,,,0,0,1,end,346,0,none,,0,none,,none,0,Mean Shift,none,0,0,0,1,0,0,0,0,0,0,0,0,0,0,1,0
2021-01-21,-0.13566454598283093,0,0,0,0,0,0,0,1,0,0,0,0,0,0,0,1,0,0,0,none,,0,none,,,0,0,1,end,346,0,none,,0,none,,none,0,Mean Shift,none,0,0,0,1,0,0,0,0,0,0,0,0,0,0,1,0
2021-01-22,-1.5245432317865049,0,0,0,0,0,0,0,1,0,0,0,0,0,0,0,1,0,0,0,none,,0,none,,,0,0,1,end,346,0,none,,0,none,,none,0,Mean Shift,none,0,0,0,1,0,0,0,0,0,0,0,0,0,0,1,0
2021-01-23,-0.10003739477399748,0,0,0,0,0,0,0,1,0,0,0,0,0,0,0,1,0,0,0,none,,0,none,,,0,0,1,end,346,0,none,,0,none,,none,0,Mean Shift,none,0,0,0,1,0,0,0,0,0,0,0,0,0,0,1,0
2021-01-24,-0.7766674964878432,0,0,0,0,0,0,0,1,0,0,0,0,0,0,0,1,0,0,0,none,,0,none,,,0,0,1,end,346,0,none,,0,none,,none,0,Mean Shift,none,0,0,0,1,0,0,0,0,0,0,0,0,0,0,1,0
2021-01-25,0.27655734975913127,0,0,0,0,0,0,0,1,0,0,0,0,0,0,0,1,0,0,0,none,,0,none,,,0,0,1,end,346,0,none,,0,none,,none,0,Mean Shift,none,0,0,0,1,0,0,0,0,0,0,0,0,0,0,1,0
2021-01-26,-0.9157968187459015,0,0,0,0,0,0,0,1,0,0,0,0,0,0,0,1,0,0,0,none,,0,none,,,0,0,1,end,346,0,none,,0,none,,none,0,Mean Shift,none,0,0,0,1,0,0,0,0,0,0,0,0,0,0,1,0
2021-01-27,0.09177097789160472,0,0,0,0,0,0,0,1,0,0,0,0,0,0,0,1,0,0,0,none,,0,none,,,0,0,1,end,346,0,none,,0,none,,none,0,Mean Shift,none,0,0,0,1,0,0,0,0,0,0,0,0,0,0,1,0
2021-01-28,-1.5765352733021234,0,0,0,0,0,0,0,1,0,0,0,0,0,0,0,1,0,0,0,none,,0,none,,,0,0,1,end,346,0,none,,0,none,,none,0,Mean Shift,none,0,0,0,1,0,0,0,0,0,0,0,0,0,0,1,0
2021-01-29,0.1293012581348623,0,0,0,0,0,0,0,1,0,0,0,0,0,0,0,1,0,0,0,none,,0,none,,,0,0,1,end,346,0,none,,0,none,,none,0,Mean Shift,none,0,0,0,1,0,0,0,0,0,0,0,0,0,0,1,0
2021-01-30,-1.174366529605814,0,0,0,0,0,0,0,1,0,0,0,0,0,0,0,1,0,0,0,none,,0,none,,,0,0,1,end,346,0,none,,0,none,,none,0,Mean Shift,none,0,0,0,1,0,0,0,0,0,0,0,0,0,0,1,0
2021-01-31,-1.4931394519436985,0,0,0,0,0,0,0,1,0,0,0,0,0,0,0,1,0,0,0,none,,0,none,,,0,0,1,end,346,0,none,,0,none,,none,0,Mean Shift,none,0,0,0,1,0,0,0,0,0,0,0,0,0,0,1,0
2021-02-01,-0.45161679422580114,0,0,0,0,0,0,0,1,0,0,0,0,0,0,0,1,0,0,0,none,,0,none,,,0,0,1,end,346,0,none,,0,none,,none,0,Mean Shift,none,0,0,0,1,0,0,0,0,0,0,0,0,0,0,1,0
2021-02-02,-1.2644325545894326,0,0,0,0,0,0,0,1,0,0,0,0,0,0,0,1,0,0,0,none,,0,none,,,0,0,1,end,346,0,none,,0,none,,none,0,Mean Shift,none,0,0,0,1,0,0,0,0,0,0,0,0,0,0,1,0
2021-02-03,0.3718280741749099,0,0,0,0,0,0,0,1,0,0,0,0,0,0,0,1,0,0,0,none,,0,none,,,0,0,1,end,346,0,none,,0,none,,none,0,Mean Shift,none,0,0,0,1,0,0,0,0,0,0,0,0,0,0,1,0
2021-02-04,-1.0032720967555335,0,0,0,0,0,0,0,1,0,0,0,0,0,0,0,1,0,0,0,none,,0,none,,,0,0,1,end,346,0,none,,0,none,,none,0,Mean Shift,none,0,0,0,1,0,0,0,0,0,0,0,0,0,0,1,0
2021-02-05,-0.3893048389386663,0,0,0,0,0,0,0,1,0,0,0,0,0,0,0,1,0,0,0,none,,0,none,,,0,0,1,end,346,0,none,,0,none,,none,0,Mean Shift,none,0,0,0,1,0,0,0,0,0,0,0,0,0,0,1,0
2021-02-06,-0.3127708478924158,0,0,0,0,0,0,0,1,0,0,0,0,0,0,0,1,0,0,0,none,,0,none,,,0,0,1,end,346,0,none,,0,none,,none,0,Mean Shift,none,0,0,0,1,0,0,0,0,0,0,0,0,0,0,1,0
2021-02-07,-0.32116872209440417,0,0,0,0,0,0,0,1,0,0,0,0,0,0,0,1,0,0,0,none,,0,none,,,0,0,1,end,346,0,none,,0,none,,none,0,Mean Shift,none,0,0,0,1,0,0,0,0,0,0,0,0,0,0,1,0
2021-02-08,0.015196566627543774,0,0,0,0,0,0,0,1,0,0,0,0,0,0,0,1,0,0,0,none,,0,none,,,0,0,1,end,346,0,none,,0,none,,none,0,Mean Shift,none,0,0,0,1,0,0,0,0,0,0,0,0,0,0,1,0
2021-02-09,-0.37331640282806494,0,0,0,0,0,0,0,1,0,0,0,0,0,0,0,1,0,0,0,none,,0,none,,,0,0,1,end,346,0,none,,0,none,,none,0,Mean Shift,none,0,0,0,1,0,0,0,0,0,0,0,0,0,0,1,0
2021-02-10,0.10990565270771555,0,0,0,0,0,0,0,1,0,0,0,0,0,0,0,1,0,0,0,none,,0,none,,,0,0,1,end,346,0,none,,0,none,,none,0,Mean Shift,none,0,0,0,1,0,0,0,0,0,0,0,0,0,0,1,0
2021-02-11,-1.0932763996202732,0,0,0,0,0,0,0,1,0,0,0,0,0,0,0,1,0,0,0,none,,0,none,,,0,0,1,end,346,0,none,,0,none,,none,0,Mean Shift,none,0,0,0,1,0,0,0,0,0,0,0,0,0,0,1,0
2021-02-12,-1.0059483369488338,0,0,0,0,0,0,0,1,0,0,0,0,0,0,0,1,0,0,0,none,,0,none,,,0,0,1,end,346,0,none,,0,none,,none,0,Mean Shift,none,0,0,0,1,0,0,0,0,0,0,0,0,0,0,1,0
2021-02-13,-0.18893810428369298,0,0,0,0,0,0,0,1,0,0,0,0,0,0,0,1,0,0,0,none,,0,none,,,0,0,1,end,346,0,none,,0,none,,none,0,Mean Shift,none,0,0,0,1,0,0,0,0,0,0,0,0,0,0,1,0
2021-02-14,-1.5309059370300089,0,0,0,0,0,0,0,1,0,0,0,0,0,0,0,1,0,0,0,none,,0,none,,,0,0,1,end,346,0,none,,0,none,,none,0,Mean Shift,none,0,0,0,1,0,0,0,0,0,0,0,0,0,0,1,0
2021-02-15,-0.9492026453155359,0,0,0,0,0,0,0,1,0,0,0,0,0,0,0,1,0,0,0,none,,0,none,,,0,0,1,end,346,0,none,,0,none,,none,0,Mean Shift,none,0,0,0,1,0,0,0,0,0,0,0,0,0,0,1,0
2021-02-16,1.402500916065997,0,0,0,0,0,0,0,1,0,0,0,0,0,0,0,1,0,0,0,none,,0,none,,,0,0,1,end,346,0,none,,0,none,,none,0,Mean Shift,none,0,0,0,1,0,0,0,0,0,0,0,0,0,0,1,0
2021-02-17,-0.35736881641623874,0,0,0,0,0,0,0,1,0,0,0,0,0,0,0,1,0,0,0,none,,0,none,,,0,0,1,end,346,0,none,,0,none,,none,0,Mean Shift,none,0,0,0,1,0,0,0,0,0,0,0,0,0,0,1,0
2021-02-18,0.5609683338402359,0,0,0,0,0,0,0,1,0,0,0,0,0,0,0,1,0,0,0,none,,0,none,,,0,0,1,end,346,0,none,,0,none,,none,0,Mean Shift,none,0,0,0,1,0,0,0,0,0,0,0,0,0,0,1,0
2021-02-19,-0.569969369989468,0,0,0,0,0,0,0,1,0,0,0,0,0,0,0,1,0,0,0,none,,0,none,,,0,0,1,end,346,0,none,,0,none,,none,0,Mean Shift,none,0,0,0,1,0,0,0,0,0,0,0,0,0,0,1,0
2021-02-20,-0.12006714649026762,0,0,0,0,0,0,0,1,0,0,0,0,0,0,0,1,0,0,0,none,,0,none,,,0,0,1,end,346,0,none,,0,none,,none,0,Mean Shift,none,0,0,0,1,0,0,0,0,0,0,0,0,0,0,1,0
2021-02-21,-0.8988008500239094,0,0,0,0,0,0,0,1,0,0,0,0,0,0,0,1,0,0,0,none,,0,none,,,0,0,1,end,346,0,none,,0,none,,none,0,Mean Shift,none,0,0,0,1,0,0,0,0,0,0,0,0,0,0,1,0
2021-02-22,-0.7712273134552303,0,0,0,0,0,0,0,1,0,0,0,0,0,0,0,1,0,0,0,none,,0,none,,,0,0,1,end,346,0,none,,0,none,,none,0,Mean Shift,none,0,0,0,1,0,0,0,0,0,0,0,0,0,0,1,0
2021-02-23,-2.209677861259063,0,0,0,0,0,0,0,1,0,0,0,0,0,0,0,1,0,0,0,none,,0,none,,,0,0,1,end,346,0,none,,0,none,,none,0,Mean Shift,none,0,0,0,1,0,0,0,0,0,0,0,0,0,0,1,0
2021-02-24,-0.5101775221146905,0,0,0,0,0,0,0,1,0,0,0,0,0,0,0,1,0,0,0,none,,0,none,,,0,0,1,end,346,0,none,,0,none,,none,0,Mean Shift,none,0,0,0,1,0,0,0,0,0,0,0,0,0,0,1,0
2021-02-25,-1.1741706603237947,0,0,0,0,0,0,0,1,0,0,0,0,0,0,0,1,0,0,0,none,,0,none,,,0,0,1,end,346,0,none,,0,none,,none,0,Mean Shift,none,0,0,0,1,0,0,0,0,0,0,0,0,0,0,1,0
2021-02-26,-0.30546746226037763,0,0,0,0,0,0,0,1,0,0,0,0,0,0,0,1,0,0,0,none,,0,none,,,0,0,1,end,346,0,none,,0,none,,none,0,Mean Shift,none,0,0,0,1,0,0,0,0,0,0,0,0,0,0,1,0
2021-02-27,-0.481208932597544,0,0,0,0,0,0,0,1,0,0,0,0,0,0,0,1,0,0,0,none,,0,none,,,0,0,1,end,346,0,none,,0,none,,none,0,Mean Shift,none,0,0,0,1,0,0,0,0,0,0,0,0,0,0,1,0
2021-02-28,-0.8143136424235119,0,0,0,0,0,0,0,1,0,0,0,0,0,0,0,1,0,0,0,none,,0,none,,,0,0,1,end,346,0,none,,0,none,,none,0,Mean Shift,none,0,0,0,1,0,0,0,0,0,0,0,0,0,0,1,0
2021-03-01,-0.8638852793541216,0,0,0,0,0,0,0,1,0,0,0,0,0,0,0,1,0,0,0,none,,0,none,,,0,0,1,end,346,0,none,,0,none,,none,0,Mean Shift,none,0,0,0,1,0,0,0,0,0,0,0,0,0,0,1,0
2021-03-02,-0.8147300725533962,0,0,0,0,0,0,0,1,0,0,0,0,0,0,0,1,0,0,0,none,,0,none,,,0,0,1,end,346,0,none,,0,none,,none,0,Mean Shift,none,0,0,0,1,0,0,0,0,0,0,0,0,0,0,1,0
2021-03-03,-0.24348339613163753,0,0,0,0,0,0,0,1,0,0,0,0,0,0,0,1,0,0,0,none,,0,none,,,0,0,1,end,346,0,none,,0,none,,none,0,Mean Shift,none,0,0,0,1,0,0,0,0,0,0,0,0,0,0,1,0
2021-03-04,-1.9210618928081797,0,0,0,0,0,0,0,1,0,0,0,0,0,0,0,1,0,0,0,none,,0,none,,,0,0,1,end,346,0,none,,0,none,,none,0,Mean Shift,none,0,0,0,1,0,0,0,0,0,0,0,0,0,0,1,0
2021-03-05,-1.4495303546604128,0,0,0,0,0,0,0,1,0,0,0,0,0,0,0,1,0,0,0,none,,0,none,,,0,0,1,end,346,0,none,,0,none,,none,0,Mean Shift,none,0,0,0,1,0,0,0,0,0,0,0,0,0,0,1,0
2021-03-06,-0.19097862075617655,0,0,0,0,0,0,0,1,0,0,0,0,0,0,0,1,0,0,0,none,,0,none,,,0,0,1,end,346,0,none,,0,none,,none,0,Mean Shift,none,0,0,0,1,0,0,0,0,0,0,0,0,0,0,1,0
2021-03-07,-0.356538026175353,0,0,0,0,0,0,0,1,0,0,0,0,0,0,0,1,0,0,0,none,,0,none,,,0,0,1,end,346,0,none,,0,none,,none,0,Mean Shift,none,0,0,0,1,0,0,0,0,0,0,0,0,0,0,1,0
2021-03-08,-0.7057814611802157,0,0,0,0,0,0,0,1,0,0,0,0,0,0,0,1,0,0,0,none,,0,none,,,0,0,1,end,346,0,none,,0,none,,none,0,Mean Shift,none,0,0,0,1,0,0,0,0,0,0,0,0,0,0,1,0
2021-03-09,-1.1046850833549458,0,0,0,0,0,0,0,1,0,0,0,0,0,0,0,1,0,0,0,none,,0,none,,,0,0,1,end,346,0,none,,0,none,,none,0,Mean Shift,none,0,0,0,1,0,0,0,0,0,0,0,0,0,0,1,0
2021-03-10,-1.8759205210118313,0,0,0,0,0,0,0,1,0,0,0,0,0,0,0,1,0,0,0,none,,0,none,,,0,0,1,end,346,0,none,,0,none,,none,0,Mean Shift,none,0,0,0,1,0,0,0,0,0,0,0,0,0,0,1,0
2021-03-11,-0.15243533803341872,0,0,0,0,0,0,0,1,0,0,0,0,0,0,0,1,0,0,0,none,,0,none,,,0,0,1,end,346,0,none,,0,none,,none,0,Mean Shift,none,0,0,0,1,0,0,0,0,0,0,0,0,0,0,1,0
2021-03-12,-1.59198973788244,0,0,0,0,0,0,0,1,0,0,0,0,0,0,0,1,0,0,0,none,,0,none,,,0,0,1,end,346,0,none,,0,none,,none,0,Mean Shift,none,0,0,0,1,0,0,0,0,0,0,0,0,0,0,1,0
2021-03-13,-1.199440556073281,0,0,0,0,0,0,0,1,0,0,0,0,0,0,0,1,0,0,0,none,,0,none,,,0,0,1,end,346,0,none,,0,none,,none,0,Mean Shift,none,0,0,0,1,0,0,0,0,0,0,0,0,0,0,1,0
2021-03-14,0.37013786355150435,0,0,0,0,0,0,0,1,0,0,0,0,0,0,0,1,0,0,0,none,,0,none,,,0,0,1,end,346,0,none,,0,none,,none,0,Mean Shift,none,0,0,0,1,0,0,0,0,0,0,0,0,0,0,1,0
2021-03-15,-0.03465003729060139,0,0,0,0,0,0,0,1,0,0,0,0,0,0,0,1,0,0,0,none,,0,none,,,0,0,1,end,346,0,none,,0,none,,none,0,Mean Shift,none,0,0,0,1,0,0,0,0,0,0,0,0,0,0,1,0
2021-03-16,-0.8730931018862997,0,0,0,0,0,0,0,1,0,0,0,0,0,0,0,1,0,0,0,none,,0,none,,,0,0,1,end,346,0,none,,0,none,,none,0,Mean Shift,none,0,0,0,1,0,0,0,0,0,0,0,0,0,0,1,0
2021-03-17,-0.9115774797433185,0,0,0,0,0,0,0,1,0,0,0,0,0,0,0,1,0,0,0,none,,0,none,,,0,0,1,end,346,0,none,,0,none,,none,0,Mean Shift,none,0,0,0,1,0,0,0,0,0,0,0,0,0,0,1,0
2021-03-18,0.051438955268267736,0,0,0,0,0,0,0,1,0,0,0,0,0,0,0,1,0,0,0,none,,0,none,,,0,0,1,end,346,0,none,,0,none,,none,0,Mean Shift,none,0,0,0,1,0,0,0,0,0,0,0,0,0,0,1,0
2021-03-19,-0.683342854677677,0,0,0,0,0,0,0,1,0,0,0,0,0,0,0,1,0,0,0,none,,0,none,,,0,0,1,end,346,0,none,,0,none,,none,0,Mean Shift,none,0,0,0,1,0,0,0,0,0,0,0,0,0,0,1,0
2021-03-20,-1.3673703503671042,0,0,0,0,0,0,0,1,0,0,0,0,0,0,0,1,0,0,0,none,,0,none,,,0,0,1,end,346,0,none,,0,none,,none,0,Mean Shift,none,0,0,0,1,0,0,0,0,0,0,0,0,0,0,1,0
2021-03-21,-1.5651611549909374,0,0,0,0,0,0,0,1,0,0,0,0,0,0,0,1,0,0,0,none,,0,none,,,0,0,1,end,346,0,none,,0,none,,none,0,Mean Shift,none,0,0,0,1,0,0,0,0,0,0,0,0,0,0,1,0
2021-03-22,-1.0761147485295552,0,0,0,0,0,0,0,1,0,0,0,0,0,0,0,1,0,0,0,none,,0,none,,,0,0,1,end,346,0,none,,0,none,,none,0,Mean Shift,none,0,0,0,1,0,0,0,0,0,0,0,0,0,0,1,0
2021-03-23,-2.175233977111289,0,0,0,0,0,0,0,1,0,0,0,0,0,0,0,1,0,0,0,none,,0,none,,,0,0,1,end,346,0,none,,0,none,,none,0,Mean Shift,none,0,0,0,1,0,0,0,0,0,0,0,0,0,0,1,0
2021-03-24,-1.1677310596200012,0,0,0,0,0,0,0,1,0,0,0,0,0,0,0,1,0,0,0,none,,0,none,,,0,0,1,end,346,0,none,,0,none,,none,0,Mean Shift,none,0,0,0,1,0,0,0,0,0,0,0,0,0,0,1,0
2021-03-25,-0.9821257767899106,0,0,0,0,0,0,0,1,0,0,0,0,0,0,0,1,0,0,0,none,,0,none,,,0,0,1,end,346,0,none,,0,none,,none,0,Mean Shift,none,0,0,0,1,0,0,0,0,0,0,0,0,0,0,1,0
2021-03-26,-2.459080849113349,0,0,0,0,0,0,0,1,0,0,0,0,0,0,0,1,0,0,0,none,,0,none,,,0,0,1,end,346,0,none,,0,none,,none,0,Mean Shift,none,0,0,0,1,0,0,0,0,0,0,0,0,0,0,1,0
2021-03-27,-1.7742835542629487,0,0,0,0,0,0,0,1,0,0,0,0,0,0,0,1,0,0,0,none,,0,none,,,0,0,1,end,346,0,none,,0,none,,none,0,Mean Shift,none,0,0,0,1,0,0,0,0,0,0,0,0,0,0,1,0
2021-03-28,-2.1735188709781683,0,0,0,0,0,0,0,1,0,0,0,0,0,0,0,1,0,0,0,none,,0,none,,,0,0,1,end,346,0,none,,0,none,,none,0,Mean Shift,none,0,0,0,1,0,0,0,0,0,0,0,0,0,0,1,0
2021-03-29,-0.30859086781567846,0,0,0,0,0,0,0,1,0,0,0,0,0,0,0,1,0,0,0,none,,0,none,,,0,0,1,end,346,0,none,,0,none,,none,0,Mean Shift,none,0,0,0,1,0,0,0,0,0,0,0,0,0,0,1,0
2021-03-30,-2.3226746485203087,0,0,0,0,0,0,0,1,0,0,0,0,0,0,0,1,0,0,0,none,,0,none,,,0,0,1,end,346,0,none,,0,none,,none,0,Mean Shift,none,0,0,0,1,0,0,0,0,0,0,0,0,0,0,1,0
2021-03-31,-0.33780351697998,0,0,0,0,0,0,0,1,0,0,0,0,0,0,0,1,0,0,0,none,,0,none,,,0,0,1,end,346,0,none,,0,none,,none,0,Mean Shift,none,0,0,0,1,0,0,0,0,0,0,0,0,0,0,1,0
2021-04-01,-1.4068044758705045,0,0,0,0,0,0,0,1,0,0,0,0,0,0,0,1,0,0,0,none,,0,none,,,0,0,1,end,346,0,none,,0,none,,none,0,Mean Shift,none,0,0,0,1,0,0,0,0,0,0,0,0,0,0,1,0
2021-04-02,-0.270869815845603,0,0,0,0,0,0,0,1,0,0,0,0,0,0,0,1,0,0,0,none,,0,none,,,0,0,1,end,346,0,none,,0,none,,none,0,Mean Shift,none,0,0,0,1,0,0,0,0,0,0,0,0,0,0,1,0
2021-04-03,-1.928440140443467,0,0,0,0,0,0,0,1,0,0,0,0,0,0,0,1,0,0,0,none,,0,none,,,0,0,1,end,346,0,none,,0,none,,none,0,Mean Shift,none,0,0,0,1,0,0,0,0,0,0,0,0,0,0,1,0
2021-04-04,-0.6146964304758786,0,0,0,0,0,0,0,1,0,0,0,0,0,0,0,1,0,0,0,none,,0,none,,,0,0,1,end,346,0,none,,0,none,,none,0,Mean Shift,none,0,0,0,1,0,0,0,0,0,0,0,0,0,0,1,0
2021-04-05,-1.0492720301749032,0,0,0,0,0,0,0,1,0,0,0,0,0,0,0,1,0,0,0,none,,0,none,,,0,0,1,end,346,0,none,,0,none,,none,0,Mean Shift,none,0,0,0,1,0,0,0,0,0,0,0,0,0,0,1,0
2021-04-06,-0.9565382670995889,0,0,0,0,0,0,0,1,0,0,0,0,0,0,0,1,0,0,0,none,,0,none,,,0,0,1,end,346,0,none,,0,none,,none,0,Mean Shift,none,0,0,0,1,0,0,0,0,0,0,0,0,0,0,1,0
2021-04-07,-2.5839169124766688,0,0,0,0,0,0,0,1,0,0,0,0,0,0,0,1,0,0,0,none,,0,none,,,0,0,1,end,346,0,none,,0,none,,none,0,Mean Shift,none,0,0,0,1,0,0,0,0,0,0,0,0,0,0,1,0
2021-04-08,-0.8309019177921441,0,0,0,0,0,0,0,1,0,0,0,0,0,0,0,1,0,0,0,none,,0,none,,,0,0,1,end,346,0,none,,0,none,,none,0,Mean Shift,none,0,0,0,1,0,0,0,0,0,0,0,0,0,0,1,0
2021-04-09,-1.2080808455994307,0,0,0,0,0,0,0,1,0,0,0,0,0,0,0,1,0,0,0,none,,0,none,,,0,0,1,end,346,0,none,,0,none,,none,0,Mean Shift,none,0,0,0,1,0,0,0,0,0,0,0,0,0,0,1,0
2021-04-10,-1.4326417875256034,0,0,0,0,0,0,0,1,0,0,0,0,0,0,0,1,0,0,0,none,,0,none,,,0,0,1,end,346,0,none,,0,none,,none,0,Mean Shift,none,0,0,0,1,0,0,0,0,0,0,0,0,0,0,1,0
2021-04-11,-1.14397041139285,0,0,0,0,0,0,0,1,0,0,0,0,0,0,0,1,0,0,0,none,,0,none,,,0,0,1,end,346,0,none,,0,none,,none,0,Mean Shift,none,0,0,0,1,0,0,0,0,0,0,0,0,0,0,1,0
2021-04-12,-1.7412147323735425,0,0,0,0,0,0,0,1,0,0,0,0,0,0,0,1,0,0,0,none,,0,none,,,0,0,1,end,346,0,none,,0,none,,none,0,Mean Shift,none,0,0,0,1,0,0,0,0,0,0,0,0,0,0,1,0
