date,data,stationary,det_lin_up,det_lin_down,det_quad,det_cubic,det_exp,det_damped,stoc_trend,volatility,single_seas,multiple_seas,point_anom_single,point_anom_multi,collect_anom,context_anom,mean_shift,var_shift,trend_shift,point_anom_count,point_anom_location,point_anom_point,collect_anom_count,collect_anom_location,collect_anom_start,collect_anom_end,context_anom_start,context_anom_end,mean_shift_count,mean_shift_location,mean_shift_point,variance_shift_count,variance_shift_location,variance_shift_points,trend_shift_count,trend_shift_location,trend_shift_points,trend_shift_type,is_multi_characteristic,characteristic_1_type,characteristic_2_type,is_point_anomaly_active,is_collective_anomaly_active,is_contextual_anomaly_active,is_mean_shift_active,is_variance_shift_active,is_trend_shift_active,is_linear_trend_active,is_quadratic_trend_active,is_cubic_trend_active,is_exponential_trend_active,is_damped_trend_active,is_single_seasonality_active,is_multiple_seasonality_active,is_seasonal_base_active,is_stochastic_base_active,is_volatility_base_active
2020-01-01,-1.655069546842549,0,0,0,1,0,0,0,1,0,0,0,0,0,0,0,0,0,1,0,none,,0,none,,,0,0,0,none,,0,none,,1,middle,394,direction_change,1,Quadratic Trend,Trend Shift,0,0,0,0,0,1,0,1,0,0,0,0,0,0,1,0
2020-01-02,-1.717254725411104,0,0,0,1,0,0,0,1,0,0,0,0,0,0,0,0,0,1,0,none,,0,none,,,0,0,0,none,,0,none,,1,middle,394,direction_change,1,Quadratic Trend,Trend Shift,0,0,0,0,0,1,0,1,0,0,0,0,0,0,1,0
2020-01-03,-1.690927682297081,0,0,0,1,0,0,0,1,0,0,0,0,0,0,0,0,0,1,0,none,,0,none,,,0,0,0,none,,0,none,,1,middle,394,direction_change,1,Quadratic Trend,Trend Shift,0,0,0,0,0,1,0,1,0,0,0,0,0,0,1,0
2020-01-04,-1.6137431891644478,0,0,0,1,0,0,0,1,0,0,0,0,0,0,0,0,0,1,0,none,,0,none,,,0,0,0,none,,0,none,,1,middle,394,direction_change,1,Quadratic Trend,Trend Shift,0,0,0,0,0,1,0,1,0,0,0,0,0,0,1,0
2020-01-05,-1.6465419199184554,0,0,0,1,0,0,0,1,0,0,0,0,0,0,0,0,0,1,0,none,,0,none,,,0,0,0,none,,0,none,,1,middle,394,direction_change,1,Quadratic Trend,Trend Shift,0,0,0,0,0,1,0,1,0,0,0,0,0,0,1,0
2020-01-06,-1.648717921028954,0,0,0,1,0,0,0,1,0,0,0,0,0,0,0,0,0,1,0,none,,0,none,,,0,0,0,none,,0,none,,1,middle,394,direction_change,1,Quadratic Trend,Trend Shift,0,0,0,0,0,1,0,1,0,0,0,0,0,0,1,0
2020-01-07,-1.61026980155617,0,0,0,1,0,0,0,1,0,0,0,0,0,0,0,0,0,1,0,none,,0,none,,,0,0,0,none,,0,none,,1,middle,394,direction_change,1,Quadratic Trend,Trend Shift,0,0,0,0,0,1,0,1,0,0,0,0,0,0,1,0
2020-01-08,-1.5686212689987242,0,0,0,1,0,0,0,1,0,0,0,0,0,0,0,0,0,1,0,none,,0,none,,,0,0,0,none,,0,none,,1,middle,394,direction_change,1,Quadratic Trend,Trend Shift,0,0,0,0,0,1,0,1,0,0,0,0,0,0,1,0
2020-01-09,-1.619166931575388,0,0,0,1,0,0,0,1,0,0,0,0,0,0,0,0,0,1,0,none,,0,none,,,0,0,0,none,,0,none,,1,middle,394,direction_change,1,Quadratic Trend,Trend Shift,0,0,0,0,0,1,0,1,0,0,0,0,0,0,1,0
2020-01-10,-1.608608305645311,0,0,0,1,0,0,0,1,0,0,0,0,0,0,0,0,0,1,0,none,,0,none,,,0,0,0,none,,0,none,,1,middle,394,direction_change,1,Quadratic Trend,Trend Shift,0,0,0,0,0,1,0,1,0,0,0,0,0,0,1,0
2020-01-11,-1.5743796419144318,0,0,0,1,0,0,0,1,0,0,0,0,0,0,0,0,0,1,0,none,,0,none,,,0,0,0,none,,0,none,,1,middle,394,direction_change,1,Quadratic Trend,Trend Shift,0,0,0,0,0,1,0,1,0,0,0,0,0,0,1,0
2020-01-12,-1.5729013698813736,0,0,0,1,0,0,0,1,0,0,0,0,0,0,0,0,0,1,0,none,,0,none,,,0,0,0,none,,0,none,,1,middle,394,direction_change,1,Quadratic Trend,Trend Shift,0,0,0,0,0,1,0,1,0,0,0,0,0,0,1,0
2020-01-13,-1.576463201305644,0,0,0,1,0,0,0,1,0,0,0,0,0,0,0,0,0,1,0,none,,0,none,,,0,0,0,none,,0,none,,1,middle,394,direction_change,1,Quadratic Trend,Trend Shift,0,0,0,0,0,1,0,1,0,0,0,0,0,0,1,0
2020-01-14,-1.5881019401734913,0,0,0,1,0,0,0,1,0,0,0,0,0,0,0,0,0,1,0,none,,0,none,,,0,0,0,none,,0,none,,1,middle,394,direction_change,1,Quadratic Trend,Trend Shift,0,0,0,0,0,1,0,1,0,0,0,0,0,0,1,0
2020-01-15,-1.497350680929593,0,0,0,1,0,0,0,1,0,0,0,0,0,0,0,0,0,1,0,none,,0,none,,,0,0,0,none,,0,none,,1,middle,394,direction_change,1,Quadratic Trend,Trend Shift,0,0,0,0,0,1,0,1,0,0,0,0,0,0,1,0
2020-01-16,-1.5349604172893683,0,0,0,1,0,0,0,1,0,0,0,0,0,0,0,0,0,1,0,none,,0,none,,,0,0,0,none,,0,none,,1,middle,394,direction_change,1,Quadratic Trend,Trend Shift,0,0,0,0,0,1,0,1,0,0,0,0,0,0,1,0
2020-01-17,-1.5592206678759906,0,0,0,1,0,0,0,1,0,0,0,0,0,0,0,0,0,1,0,none,,0,none,,,0,0,0,none,,0,none,,1,middle,394,direction_change,1,Quadratic Trend,Trend Shift,0,0,0,0,0,1,0,1,0,0,0,0,0,0,1,0
2020-01-18,-1.4566842178780959,0,0,0,1,0,0,0,1,0,0,0,0,0,0,0,0,0,1,0,none,,0,none,,,0,0,0,none,,0,none,,1,middle,394,direction_change,1,Quadratic Trend,Trend Shift,0,0,0,0,0,1,0,1,0,0,0,0,0,0,1,0
2020-01-19,-1.4567757202440477,0,0,0,1,0,0,0,1,0,0,0,0,0,0,0,0,0,1,0,none,,0,none,,,0,0,0,none,,0,none,,1,middle,394,direction_change,1,Quadratic Trend,Trend Shift,0,0,0,0,0,1,0,1,0,0,0,0,0,0,1,0
2020-01-20,-1.5172008327377764,0,0,0,1,0,0,0,1,0,0,0,0,0,0,0,0,0,1,0,none,,0,none,,,0,0,0,none,,0,none,,1,middle,394,direction_change,1,Quadratic Trend,Trend Shift,0,0,0,0,0,1,0,1,0,0,0,0,0,0,1,0
2020-01-21,-1.454779350744297,0,0,0,1,0,0,0,1,0,0,0,0,0,0,0,0,0,1,0,none,,0,none,,,0,0,0,none,,0,none,,1,middle,394,direction_change,1,Quadratic Trend,Trend Shift,0,0,0,0,0,1,0,1,0,0,0,0,0,0,1,0
2020-01-22,-1.4947878145467532,0,0,0,1,0,0,0,1,0,0,0,0,0,0,0,0,0,1,0,none,,0,none,,,0,0,0,none,,0,none,,1,middle,394,direction_change,1,Quadratic Trend,Trend Shift,0,0,0,0,0,1,0,1,0,0,0,0,0,0,1,0
2020-01-23,-1.5535244102628576,0,0,0,1,0,0,0,1,0,0,0,0,0,0,0,0,0,1,0,none,,0,none,,,0,0,0,none,,0,none,,1,middle,394,direction_change,1,Quadratic Trend,Trend Shift,0,0,0,0,0,1,0,1,0,0,0,0,0,0,1,0
2020-01-24,-1.4550096228814748,0,0,0,1,0,0,0,1,0,0,0,0,0,0,0,0,0,1,0,none,,0,none,,,0,0,0,none,,0,none,,1,middle,394,direction_change,1,Quadratic Trend,Trend Shift,0,0,0,0,0,1,0,1,0,0,0,0,0,0,1,0
2020-01-25,-1.4589793918059057,0,0,0,1,0,0,0,1,0,0,0,0,0,0,0,0,0,1,0,none,,0,none,,,0,0,0,none,,0,none,,1,middle,394,direction_change,1,Quadratic Trend,Trend Shift,0,0,0,0,0,1,0,1,0,0,0,0,0,0,1,0
2020-01-26,-1.40247494652176,0,0,0,1,0,0,0,1,0,0,0,0,0,0,0,0,0,1,0,none,,0,none,,,0,0,0,none,,0,none,,1,middle,394,direction_change,1,Quadratic Trend,Trend Shift,0,0,0,0,0,1,0,1,0,0,0,0,0,0,1,0
2020-01-27,-1.4648101032378416,0,0,0,1,0,0,0,1,0,0,0,0,0,0,0,0,0,1,0,none,,0,none,,,0,0,0,none,,0,none,,1,middle,394,direction_change,1,Quadratic Trend,Trend Shift,0,0,0,0,0,1,0,1,0,0,0,0,0,0,1,0
2020-01-28,-1.450028398296432,0,0,0,1,0,0,0,1,0,0,0,0,0,0,0,0,0,1,0,none,,0,none,,,0,0,0,none,,0,none,,1,middle,394,direction_change,1,Quadratic Trend,Trend Shift,0,0,0,0,0,1,0,1,0,0,0,0,0,0,1,0
2020-01-29,-1.462377476174761,0,0,0,1,0,0,0,1,0,0,0,0,0,0,0,0,0,1,0,none,,0,none,,,0,0,0,none,,0,none,,1,middle,394,direction_change,1,Quadratic Trend,Trend Shift,0,0,0,0,0,1,0,1,0,0,0,0,0,0,1,0
2020-01-30,-1.4422859321715042,0,0,0,1,0,0,0,1,0,0,0,0,0,0,0,0,0,1,0,none,,0,none,,,0,0,0,none,,0,none,,1,middle,394,direction_change,1,Quadratic Trend,Trend Shift,0,0,0,0,0,1,0,1,0,0,0,0,0,0,1,0
2020-01-31,-1.3904014072876556,0,0,0,1,0,0,0,1,0,0,0,0,0,0,0,0,0,1,0,none,,0,none,,,0,0,0,none,,0,none,,1,middle,394,direction_change,1,Quadratic Trend,Trend Shift,0,0,0,0,0,1,0,1,0,0,0,0,0,0,1,0
2020-02-01,-1.4286696755731714,0,0,0,1,0,0,0,1,0,0,0,0,0,0,0,0,0,1,0,none,,0,none,,,0,0,0,none,,0,none,,1,middle,394,direction_change,1,Quadratic Trend,Trend Shift,0,0,0,0,0,1,0,1,0,0,0,0,0,0,1,0
2020-02-02,-1.3646908070021004,0,0,0,1,0,0,0,1,0,0,0,0,0,0,0,0,0,1,0,none,,0,none,,,0,0,0,none,,0,none,,1,middle,394,direction_change,1,Quadratic Trend,Trend Shift,0,0,0,0,0,1,0,1,0,0,0,0,0,0,1,0
2020-02-03,-1.374495960329892,0,0,0,1,0,0,0,1,0,0,0,0,0,0,0,0,0,1,0,none,,0,none,,,0,0,0,none,,0,none,,1,middle,394,direction_change,1,Quadratic Trend,Trend Shift,0,0,0,0,0,1,0,1,0,0,0,0,0,0,1,0
2020-02-04,-1.3898183110959859,0,0,0,1,0,0,0,1,0,0,0,0,0,0,0,0,0,1,0,none,,0,none,,,0,0,0,none,,0,none,,1,middle,394,direction_change,1,Quadratic Trend,Trend Shift,0,0,0,0,0,1,0,1,0,0,0,0,0,0,1,0
2020-02-05,-1.397987277543664,0,0,0,1,0,0,0,1,0,0,0,0,0,0,0,0,0,1,0,none,,0,none,,,0,0,0,none,,0,none,,1,middle,394,direction_change,1,Quadratic Trend,Trend Shift,0,0,0,0,0,1,0,1,0,0,0,0,0,0,1,0
2020-02-06,-1.398670426188543,0,0,0,1,0,0,0,1,0,0,0,0,0,0,0,0,0,1,0,none,,0,none,,,0,0,0,none,,0,none,,1,middle,394,direction_change,1,Quadratic Trend,Trend Shift,0,0,0,0,0,1,0,1,0,0,0,0,0,0,1,0
2020-02-07,-1.367062817061327,0,0,0,1,0,0,0,1,0,0,0,0,0,0,0,0,0,1,0,none,,0,none,,,0,0,0,none,,0,none,,1,middle,394,direction_change,1,Quadratic Trend,Trend Shift,0,0,0,0,0,1,0,1,0,0,0,0,0,0,1,0
2020-02-08,-1.366353451644302,0,0,0,1,0,0,0,1,0,0,0,0,0,0,0,0,0,1,0,none,,0,none,,,0,0,0,none,,0,none,,1,middle,394,direction_change,1,Quadratic Trend,Trend Shift,0,0,0,0,0,1,0,1,0,0,0,0,0,0,1,0
2020-02-09,-1.320601062705237,0,0,0,1,0,0,0,1,0,0,0,0,0,0,0,0,0,1,0,none,,0,none,,,0,0,0,none,,0,none,,1,middle,394,direction_change,1,Quadratic Trend,Trend Shift,0,0,0,0,0,1,0,1,0,0,0,0,0,0,1,0
2020-02-10,-1.379752219583442,0,0,0,1,0,0,0,1,0,0,0,0,0,0,0,0,0,1,0,none,,0,none,,,0,0,0,none,,0,none,,1,middle,394,direction_change,1,Quadratic Trend,Trend Shift,0,0,0,0,0,1,0,1,0,0,0,0,0,0,1,0
2020-02-11,-1.3121220459603973,0,0,0,1,0,0,0,1,0,0,0,0,0,0,0,0,0,1,0,none,,0,none,,,0,0,0,none,,0,none,,1,middle,394,direction_change,1,Quadratic Trend,Trend Shift,0,0,0,0,0,1,0,1,0,0,0,0,0,0,1,0
2020-02-12,-1.3050887633619057,0,0,0,1,0,0,0,1,0,0,0,0,0,0,0,0,0,1,0,none,,0,none,,,0,0,0,none,,0,none,,1,middle,394,direction_change,1,Quadratic Trend,Trend Shift,0,0,0,0,0,1,0,1,0,0,0,0,0,0,1,0
2020-02-13,-1.275789416231052,0,0,0,1,0,0,0,1,0,0,0,0,0,0,0,0,0,1,0,none,,0,none,,,0,0,0,none,,0,none,,1,middle,394,direction_change,1,Quadratic Trend,Trend Shift,0,0,0,0,0,1,0,1,0,0,0,0,0,0,1,0
2020-02-14,-1.3111983732919041,0,0,0,1,0,0,0,1,0,0,0,0,0,0,0,0,0,1,0,none,,0,none,,,0,0,0,none,,0,none,,1,middle,394,direction_change,1,Quadratic Trend,Trend Shift,0,0,0,0,0,1,0,1,0,0,0,0,0,0,1,0
2020-02-15,-1.2953958510986185,0,0,0,1,0,0,0,1,0,0,0,0,0,0,0,0,0,1,0,none,,0,none,,,0,0,0,none,,0,none,,1,middle,394,direction_change,1,Quadratic Trend,Trend Shift,0,0,0,0,0,1,0,1,0,0,0,0,0,0,1,0
2020-02-16,-1.258312002811952,0,0,0,1,0,0,0,1,0,0,0,0,0,0,0,0,0,1,0,none,,0,none,,,0,0,0,none,,0,none,,1,middle,394,direction_change,1,Quadratic Trend,Trend Shift,0,0,0,0,0,1,0,1,0,0,0,0,0,0,1,0
2020-02-17,-1.3152994052233344,0,0,0,1,0,0,0,1,0,0,0,0,0,0,0,0,0,1,0,none,,0,none,,,0,0,0,none,,0,none,,1,middle,394,direction_change,1,Quadratic Trend,Trend Shift,0,0,0,0,0,1,0,1,0,0,0,0,0,0,1,0
2020-02-18,-1.2571040743393784,0,0,0,1,0,0,0,1,0,0,0,0,0,0,0,0,0,1,0,none,,0,none,,,0,0,0,none,,0,none,,1,middle,394,direction_change,1,Quadratic Trend,Trend Shift,0,0,0,0,0,1,0,1,0,0,0,0,0,0,1,0
2020-02-19,-1.2920586997574355,0,0,0,1,0,0,0,1,0,0,0,0,0,0,0,0,0,1,0,none,,0,none,,,0,0,0,none,,0,none,,1,middle,394,direction_change,1,Quadratic Trend,Trend Shift,0,0,0,0,0,1,0,1,0,0,0,0,0,0,1,0
2020-02-20,-1.2149299862718388,0,0,0,1,0,0,0,1,0,0,0,0,0,0,0,0,0,1,0,none,,0,none,,,0,0,0,none,,0,none,,1,middle,394,direction_change,1,Quadratic Trend,Trend Shift,0,0,0,0,0,1,0,1,0,0,0,0,0,0,1,0
2020-02-21,-1.2598446411634427,0,0,0,1,0,0,0,1,0,0,0,0,0,0,0,0,0,1,0,none,,0,none,,,0,0,0,none,,0,none,,1,middle,394,direction_change,1,Quadratic Trend,Trend Shift,0,0,0,0,0,1,0,1,0,0,0,0,0,0,1,0
2020-02-22,-1.1677714429757518,0,0,0,1,0,0,0,1,0,0,0,0,0,0,0,0,0,1,0,none,,0,none,,,0,0,0,none,,0,none,,1,middle,394,direction_change,1,Quadratic Trend,Trend Shift,0,0,0,0,0,1,0,1,0,0,0,0,0,0,1,0
2020-02-23,-1.206942852197237,0,0,0,1,0,0,0,1,0,0,0,0,0,0,0,0,0,1,0,none,,0,none,,,0,0,0,none,,0,none,,1,middle,394,direction_change,1,Quadratic Trend,Trend Shift,0,0,0,0,0,1,0,1,0,0,0,0,0,0,1,0
2020-02-24,-1.2560347313769185,0,0,0,1,0,0,0,1,0,0,0,0,0,0,0,0,0,1,0,none,,0,none,,,0,0,0,none,,0,none,,1,middle,394,direction_change,1,Quadratic Trend,Trend Shift,0,0,0,0,0,1,0,1,0,0,0,0,0,0,1,0
2020-02-25,-1.1654346837473994,0,0,0,1,0,0,0,1,0,0,0,0,0,0,0,0,0,1,0,none,,0,none,,,0,0,0,none,,0,none,,1,middle,394,direction_change,1,Quadratic Trend,Trend Shift,0,0,0,0,0,1,0,1,0,0,0,0,0,0,1,0
2020-02-26,-1.1413465238916554,0,0,0,1,0,0,0,1,0,0,0,0,0,0,0,0,0,1,0,none,,0,none,,,0,0,0,none,,0,none,,1,middle,394,direction_change,1,Quadratic Trend,Trend Shift,0,0,0,0,0,1,0,1,0,0,0,0,0,0,1,0
2020-02-27,-1.1991315315707007,0,0,0,1,0,0,0,1,0,0,0,0,0,0,0,0,0,1,0,none,,0,none,,,0,0,0,none,,0,none,,1,middle,394,direction_change,1,Quadratic Trend,Trend Shift,0,0,0,0,0,1,0,1,0,0,0,0,0,0,1,0
2020-02-28,-1.1710306433773612,0,0,0,1,0,0,0,1,0,0,0,0,0,0,0,0,0,1,0,none,,0,none,,,0,0,0,none,,0,none,,1,middle,394,direction_change,1,Quadratic Trend,Trend Shift,0,0,0,0,0,1,0,1,0,0,0,0,0,0,1,0
2020-02-29,-1.174789010925876,0,0,0,1,0,0,0,1,0,0,0,0,0,0,0,0,0,1,0,none,,0,none,,,0,0,0,none,,0,none,,1,middle,394,direction_change,1,Quadratic Trend,Trend Shift,0,0,0,0,0,1,0,1,0,0,0,0,0,0,1,0
2020-03-01,-1.1610967249085602,0,0,0,1,0,0,0,1,0,0,0,0,0,0,0,0,0,1,0,none,,0,none,,,0,0,0,none,,0,none,,1,middle,394,direction_change,1,Quadratic Trend,Trend Shift,0,0,0,0,0,1,0,1,0,0,0,0,0,0,1,0
2020-03-02,-1.1294616519167766,0,0,0,1,0,0,0,1,0,0,0,0,0,0,0,0,0,1,0,none,,0,none,,,0,0,0,none,,0,none,,1,middle,394,direction_change,1,Quadratic Trend,Trend Shift,0,0,0,0,0,1,0,1,0,0,0,0,0,0,1,0
2020-03-03,-1.1476043112243661,0,0,0,1,0,0,0,1,0,0,0,0,0,0,0,0,0,1,0,none,,0,none,,,0,0,0,none,,0,none,,1,middle,394,direction_change,1,Quadratic Trend,Trend Shift,0,0,0,0,0,1,0,1,0,0,0,0,0,0,1,0
2020-03-04,-1.146120739229464,0,0,0,1,0,0,0,1,0,0,0,0,0,0,0,0,0,1,0,none,,0,none,,,0,0,0,none,,0,none,,1,middle,394,direction_change,1,Quadratic Trend,Trend Shift,0,0,0,0,0,1,0,1,0,0,0,0,0,0,1,0
2020-03-05,-1.1023641482478808,0,0,0,1,0,0,0,1,0,0,0,0,0,0,0,0,0,1,0,none,,0,none,,,0,0,0,none,,0,none,,1,middle,394,direction_change,1,Quadratic Trend,Trend Shift,0,0,0,0,0,1,0,1,0,0,0,0,0,0,1,0
2020-03-06,-1.1271542437644386,0,0,0,1,0,0,0,1,0,0,0,0,0,0,0,0,0,1,0,none,,0,none,,,0,0,0,none,,0,none,,1,middle,394,direction_change,1,Quadratic Trend,Trend Shift,0,0,0,0,0,1,0,1,0,0,0,0,0,0,1,0
2020-03-07,-1.1279067227911386,0,0,0,1,0,0,0,1,0,0,0,0,0,0,0,0,0,1,0,none,,0,none,,,0,0,0,none,,0,none,,1,middle,394,direction_change,1,Quadratic Trend,Trend Shift,0,0,0,0,0,1,0,1,0,0,0,0,0,0,1,0
2020-03-08,-1.0852948627582724,0,0,0,1,0,0,0,1,0,0,0,0,0,0,0,0,0,1,0,none,,0,none,,,0,0,0,none,,0,none,,1,middle,394,direction_change,1,Quadratic Trend,Trend Shift,0,0,0,0,0,1,0,1,0,0,0,0,0,0,1,0
2020-03-09,-1.0979311308252675,0,0,0,1,0,0,0,1,0,0,0,0,0,0,0,0,0,1,0,none,,0,none,,,0,0,0,none,,0,none,,1,middle,394,direction_change,1,Quadratic Trend,Trend Shift,0,0,0,0,0,1,0,1,0,0,0,0,0,0,1,0
2020-03-10,-1.0020650653140515,0,0,0,1,0,0,0,1,0,0,0,0,0,0,0,0,0,1,0,none,,0,none,,,0,0,0,none,,0,none,,1,middle,394,direction_change,1,Quadratic Trend,Trend Shift,0,0,0,0,0,1,0,1,0,0,0,0,0,0,1,0
2020-03-11,-1.0813113240180339,0,0,0,1,0,0,0,1,0,0,0,0,0,0,0,0,0,1,0,none,,0,none,,,0,0,0,none,,0,none,,1,middle,394,direction_change,1,Quadratic Trend,Trend Shift,0,0,0,0,0,1,0,1,0,0,0,0,0,0,1,0
2020-03-12,-1.1178144517183808,0,0,0,1,0,0,0,1,0,0,0,0,0,0,0,0,0,1,0,none,,0,none,,,0,0,0,none,,0,none,,1,middle,394,direction_change,1,Quadratic Trend,Trend Shift,0,0,0,0,0,1,0,1,0,0,0,0,0,0,1,0
2020-03-13,-1.0431896061361587,0,0,0,1,0,0,0,1,0,0,0,0,0,0,0,0,0,1,0,none,,0,none,,,0,0,0,none,,0,none,,1,middle,394,direction_change,1,Quadratic Trend,Trend Shift,0,0,0,0,0,1,0,1,0,0,0,0,0,0,1,0
2020-03-14,-1.039779962333382,0,0,0,1,0,0,0,1,0,0,0,0,0,0,0,0,0,1,0,none,,0,none,,,0,0,0,none,,0,none,,1,middle,394,direction_change,1,Quadratic Trend,Trend Shift,0,0,0,0,0,1,0,1,0,0,0,0,0,0,1,0
2020-03-15,-1.0473852249357731,0,0,0,1,0,0,0,1,0,0,0,0,0,0,0,0,0,1,0,none,,0,none,,,0,0,0,none,,0,none,,1,middle,394,direction_change,1,Quadratic Trend,Trend Shift,0,0,0,0,0,1,0,1,0,0,0,0,0,0,1,0
2020-03-16,-0.9723180932478774,0,0,0,1,0,0,0,1,0,0,0,0,0,0,0,0,0,1,0,none,,0,none,,,0,0,0,none,,0,none,,1,middle,394,direction_change,1,Quadratic Trend,Trend Shift,0,0,0,0,0,1,0,1,0,0,0,0,0,0,1,0
2020-03-17,-1.0320160925194024,0,0,0,1,0,0,0,1,0,0,0,0,0,0,0,0,0,1,0,none,,0,none,,,0,0,0,none,,0,none,,1,middle,394,direction_change,1,Quadratic Trend,Trend Shift,0,0,0,0,0,1,0,1,0,0,0,0,0,0,1,0
2020-03-18,-0.9979581465381006,0,0,0,1,0,0,0,1,0,0,0,0,0,0,0,0,0,1,0,none,,0,none,,,0,0,0,none,,0,none,,1,middle,394,direction_change,1,Quadratic Trend,Trend Shift,0,0,0,0,0,1,0,1,0,0,0,0,0,0,1,0
2020-03-19,-1.0157030070252906,0,0,0,1,0,0,0,1,0,0,0,0,0,0,0,0,0,1,0,none,,0,none,,,0,0,0,none,,0,none,,1,middle,394,direction_change,1,Quadratic Trend,Trend Shift,0,0,0,0,0,1,0,1,0,0,0,0,0,0,1,0
2020-03-20,-0.9777459147467049,0,0,0,1,0,0,0,1,0,0,0,0,0,0,0,0,0,1,0,none,,0,none,,,0,0,0,none,,0,none,,1,middle,394,direction_change,1,Quadratic Trend,Trend Shift,0,0,0,0,0,1,0,1,0,0,0,0,0,0,1,0
2020-03-21,-0.9922016867245005,0,0,0,1,0,0,0,1,0,0,0,0,0,0,0,0,0,1,0,none,,0,none,,,0,0,0,none,,0,none,,1,middle,394,direction_change,1,Quadratic Trend,Trend Shift,0,0,0,0,0,1,0,1,0,0,0,0,0,0,1,0
2020-03-22,-0.9898617546372832,0,0,0,1,0,0,0,1,0,0,0,0,0,0,0,0,0,1,0,none,,0,none,,,0,0,0,none,,0,none,,1,middle,394,direction_change,1,Quadratic Trend,Trend Shift,0,0,0,0,0,1,0,1,0,0,0,0,0,0,1,0
2020-03-23,-0.9302561488593647,0,0,0,1,0,0,0,1,0,0,0,0,0,0,0,0,0,1,0,none,,0,none,,,0,0,0,none,,0,none,,1,middle,394,direction_change,1,Quadratic Trend,Trend Shift,0,0,0,0,0,1,0,1,0,0,0,0,0,0,1,0
2020-03-24,-0.9656719696568633,0,0,0,1,0,0,0,1,0,0,0,0,0,0,0,0,0,1,0,none,,0,none,,,0,0,0,none,,0,none,,1,middle,394,direction_change,1,Quadratic Trend,Trend Shift,0,0,0,0,0,1,0,1,0,0,0,0,0,0,1,0
2020-03-25,-0.9272133690054177,0,0,0,1,0,0,0,1,0,0,0,0,0,0,0,0,0,1,0,none,,0,none,,,0,0,0,none,,0,none,,1,middle,394,direction_change,1,Quadratic Trend,Trend Shift,0,0,0,0,0,1,0,1,0,0,0,0,0,0,1,0
2020-03-26,-0.8972666465016589,0,0,0,1,0,0,0,1,0,0,0,0,0,0,0,0,0,1,0,none,,0,none,,,0,0,0,none,,0,none,,1,middle,394,direction_change,1,Quadratic Trend,Trend Shift,0,0,0,0,0,1,0,1,0,0,0,0,0,0,1,0
2020-03-27,-0.9568221337430844,0,0,0,1,0,0,0,1,0,0,0,0,0,0,0,0,0,1,0,none,,0,none,,,0,0,0,none,,0,none,,1,middle,394,direction_change,1,Quadratic Trend,Trend Shift,0,0,0,0,0,1,0,1,0,0,0,0,0,0,1,0
2020-03-28,-0.9220392448259019,0,0,0,1,0,0,0,1,0,0,0,0,0,0,0,0,0,1,0,none,,0,none,,,0,0,0,none,,0,none,,1,middle,394,direction_change,1,Quadratic Trend,Trend Shift,0,0,0,0,0,1,0,1,0,0,0,0,0,0,1,0
2020-03-29,-0.8590813166041738,0,0,0,1,0,0,0,1,0,0,0,0,0,0,0,0,0,1,0,none,,0,none,,,0,0,0,none,,0,none,,1,middle,394,direction_change,1,Quadratic Trend,Trend Shift,0,0,0,0,0,1,0,1,0,0,0,0,0,0,1,0
2020-03-30,-0.9380866144610098,0,0,0,1,0,0,0,1,0,0,0,0,0,0,0,0,0,1,0,none,,0,none,,,0,0,0,none,,0,none,,1,middle,394,direction_change,1,Quadratic Trend,Trend Shift,0,0,0,0,0,1,0,1,0,0,0,0,0,0,1,0
2020-03-31,-0.9693907555083178,0,0,0,1,0,0,0,1,0,0,0,0,0,0,0,0,0,1,0,none,,0,none,,,0,0,0,none,,0,none,,1,middle,394,direction_change,1,Quadratic Trend,Trend Shift,0,0,0,0,0,1,0,1,0,0,0,0,0,0,1,0
2020-04-01,-0.8777249944802469,0,0,0,1,0,0,0,1,0,0,0,0,0,0,0,0,0,1,0,none,,0,none,,,0,0,0,none,,0,none,,1,middle,394,direction_change,1,Quadratic Trend,Trend Shift,0,0,0,0,0,1,0,1,0,0,0,0,0,0,1,0
2020-04-02,-0.9149788225708145,0,0,0,1,0,0,0,1,0,0,0,0,0,0,0,0,0,1,0,none,,0,none,,,0,0,0,none,,0,none,,1,middle,394,direction_change,1,Quadratic Trend,Trend Shift,0,0,0,0,0,1,0,1,0,0,0,0,0,0,1,0
2020-04-03,-0.8531966850488799,0,0,0,1,0,0,0,1,0,0,0,0,0,0,0,0,0,1,0,none,,0,none,,,0,0,0,none,,0,none,,1,middle,394,direction_change,1,Quadratic Trend,Trend Shift,0,0,0,0,0,1,0,1,0,0,0,0,0,0,1,0
2020-04-04,-0.8394718306652444,0,0,0,1,0,0,0,1,0,0,0,0,0,0,0,0,0,1,0,none,,0,none,,,0,0,0,none,,0,none,,1,middle,394,direction_change,1,Quadratic Trend,Trend Shift,0,0,0,0,0,1,0,1,0,0,0,0,0,0,1,0
2020-04-05,-0.8570881006173569,0,0,0,1,0,0,0,1,0,0,0,0,0,0,0,0,0,1,0,none,,0,none,,,0,0,0,none,,0,none,,1,middle,394,direction_change,1,Quadratic Trend,Trend Shift,0,0,0,0,0,1,0,1,0,0,0,0,0,0,1,0
2020-04-06,-0.8946119307144668,0,0,0,1,0,0,0,1,0,0,0,0,0,0,0,0,0,1,0,none,,0,none,,,0,0,0,none,,0,none,,1,middle,394,direction_change,1,Quadratic Trend,Trend Shift,0,0,0,0,0,1,0,1,0,0,0,0,0,0,1,0
2020-04-07,-0.8462221027242176,0,0,0,1,0,0,0,1,0,0,0,0,0,0,0,0,0,1,0,none,,0,none,,,0,0,0,none,,0,none,,1,middle,394,direction_change,1,Quadratic Trend,Trend Shift,0,0,0,0,0,1,0,1,0,0,0,0,0,0,1,0
2020-04-08,-0.8124967996083149,0,0,0,1,0,0,0,1,0,0,0,0,0,0,0,0,0,1,0,none,,0,none,,,0,0,0,none,,0,none,,1,middle,394,direction_change,1,Quadratic Trend,Trend Shift,0,0,0,0,0,1,0,1,0,0,0,0,0,0,1,0
2020-04-09,-0.8353044652400414,0,0,0,1,0,0,0,1,0,0,0,0,0,0,0,0,0,1,0,none,,0,none,,,0,0,0,none,,0,none,,1,middle,394,direction_change,1,Quadratic Trend,Trend Shift,0,0,0,0,0,1,0,1,0,0,0,0,0,0,1,0
2020-04-10,-0.7539217919750882,0,0,0,1,0,0,0,1,0,0,0,0,0,0,0,0,0,1,0,none,,0,none,,,0,0,0,none,,0,none,,1,middle,394,direction_change,1,Quadratic Trend,Trend Shift,0,0,0,0,0,1,0,1,0,0,0,0,0,0,1,0
2020-04-11,-0.7856807402954362,0,0,0,1,0,0,0,1,0,0,0,0,0,0,0,0,0,1,0,none,,0,none,,,0,0,0,none,,0,none,,1,middle,394,direction_change,1,Quadratic Trend,Trend Shift,0,0,0,0,0,1,0,1,0,0,0,0,0,0,1,0
2020-04-12,-0.797152959487632,0,0,0,1,0,0,0,1,0,0,0,0,0,0,0,0,0,1,0,none,,0,none,,,0,0,0,none,,0,none,,1,middle,394,direction_change,1,Quadratic Trend,Trend Shift,0,0,0,0,0,1,0,1,0,0,0,0,0,0,1,0
2020-04-13,-0.7937773863567213,0,0,0,1,0,0,0,1,0,0,0,0,0,0,0,0,0,1,0,none,,0,none,,,0,0,0,none,,0,none,,1,middle,394,direction_change,1,Quadratic Trend,Trend Shift,0,0,0,0,0,1,0,1,0,0,0,0,0,0,1,0
2020-04-14,-0.7926967549863215,0,0,0,1,0,0,0,1,0,0,0,0,0,0,0,0,0,1,0,none,,0,none,,,0,0,0,none,,0,none,,1,middle,394,direction_change,1,Quadratic Trend,Trend Shift,0,0,0,0,0,1,0,1,0,0,0,0,0,0,1,0
2020-04-15,-0.7752866104573005,0,0,0,1,0,0,0,1,0,0,0,0,0,0,0,0,0,1,0,none,,0,none,,,0,0,0,none,,0,none,,1,middle,394,direction_change,1,Quadratic Trend,Trend Shift,0,0,0,0,0,1,0,1,0,0,0,0,0,0,1,0
2020-04-16,-0.7902885468032123,0,0,0,1,0,0,0,1,0,0,0,0,0,0,0,0,0,1,0,none,,0,none,,,0,0,0,none,,0,none,,1,middle,394,direction_change,1,Quadratic Trend,Trend Shift,0,0,0,0,0,1,0,1,0,0,0,0,0,0,1,0
2020-04-17,-0.7580747047898463,0,0,0,1,0,0,0,1,0,0,0,0,0,0,0,0,0,1,0,none,,0,none,,,0,0,0,none,,0,none,,1,middle,394,direction_change,1,Quadratic Trend,Trend Shift,0,0,0,0,0,1,0,1,0,0,0,0,0,0,1,0
2020-04-18,-0.7431477782828293,0,0,0,1,0,0,0,1,0,0,0,0,0,0,0,0,0,1,0,none,,0,none,,,0,0,0,none,,0,none,,1,middle,394,direction_change,1,Quadratic Trend,Trend Shift,0,0,0,0,0,1,0,1,0,0,0,0,0,0,1,0
2020-04-19,-0.7221481183335069,0,0,0,1,0,0,0,1,0,0,0,0,0,0,0,0,0,1,0,none,,0,none,,,0,0,0,none,,0,none,,1,middle,394,direction_change,1,Quadratic Trend,Trend Shift,0,0,0,0,0,1,0,1,0,0,0,0,0,0,1,0
2020-04-20,-0.6931797031097968,0,0,0,1,0,0,0,1,0,0,0,0,0,0,0,0,0,1,0,none,,0,none,,,0,0,0,none,,0,none,,1,middle,394,direction_change,1,Quadratic Trend,Trend Shift,0,0,0,0,0,1,0,1,0,0,0,0,0,0,1,0
2020-04-21,-0.7251822335973968,0,0,0,1,0,0,0,1,0,0,0,0,0,0,0,0,0,1,0,none,,0,none,,,0,0,0,none,,0,none,,1,middle,394,direction_change,1,Quadratic Trend,Trend Shift,0,0,0,0,0,1,0,1,0,0,0,0,0,0,1,0
2020-04-22,-0.7324408604064376,0,0,0,1,0,0,0,1,0,0,0,0,0,0,0,0,0,1,0,none,,0,none,,,0,0,0,none,,0,none,,1,middle,394,direction_change,1,Quadratic Trend,Trend Shift,0,0,0,0,0,1,0,1,0,0,0,0,0,0,1,0
2020-04-23,-0.6772646805292614,0,0,0,1,0,0,0,1,0,0,0,0,0,0,0,0,0,1,0,none,,0,none,,,0,0,0,none,,0,none,,1,middle,394,direction_change,1,Quadratic Trend,Trend Shift,0,0,0,0,0,1,0,1,0,0,0,0,0,0,1,0
2020-04-24,-0.6936233544432879,0,0,0,1,0,0,0,1,0,0,0,0,0,0,0,0,0,1,0,none,,0,none,,,0,0,0,none,,0,none,,1,middle,394,direction_change,1,Quadratic Trend,Trend Shift,0,0,0,0,0,1,0,1,0,0,0,0,0,0,1,0
2020-04-25,-0.6318733243022784,0,0,0,1,0,0,0,1,0,0,0,0,0,0,0,0,0,1,0,none,,0,none,,,0,0,0,none,,0,none,,1,middle,394,direction_change,1,Quadratic Trend,Trend Shift,0,0,0,0,0,1,0,1,0,0,0,0,0,0,1,0
2020-04-26,-0.6379757744354794,0,0,0,1,0,0,0,1,0,0,0,0,0,0,0,0,0,1,0,none,,0,none,,,0,0,0,none,,0,none,,1,middle,394,direction_change,1,Quadratic Trend,Trend Shift,0,0,0,0,0,1,0,1,0,0,0,0,0,0,1,0
2020-04-27,-0.7008361035625295,0,0,0,1,0,0,0,1,0,0,0,0,0,0,0,0,0,1,0,none,,0,none,,,0,0,0,none,,0,none,,1,middle,394,direction_change,1,Quadratic Trend,Trend Shift,0,0,0,0,0,1,0,1,0,0,0,0,0,0,1,0
2020-04-28,-0.7392798812515576,0,0,0,1,0,0,0,1,0,0,0,0,0,0,0,0,0,1,0,none,,0,none,,,0,0,0,none,,0,none,,1,middle,394,direction_change,1,Quadratic Trend,Trend Shift,0,0,0,0,0,1,0,1,0,0,0,0,0,0,1,0
2020-04-29,-0.6465654953638249,0,0,0,1,0,0,0,1,0,0,0,0,0,0,0,0,0,1,0,none,,0,none,,,0,0,0,none,,0,none,,1,middle,394,direction_change,1,Quadratic Trend,Trend Shift,0,0,0,0,0,1,0,1,0,0,0,0,0,0,1,0
2020-04-30,-0.6088717271606259,0,0,0,1,0,0,0,1,0,0,0,0,0,0,0,0,0,1,0,none,,0,none,,,0,0,0,none,,0,none,,1,middle,394,direction_change,1,Quadratic Trend,Trend Shift,0,0,0,0,0,1,0,1,0,0,0,0,0,0,1,0
2020-05-01,-0.664190080890033,0,0,0,1,0,0,0,1,0,0,0,0,0,0,0,0,0,1,0,none,,0,none,,,0,0,0,none,,0,none,,1,middle,394,direction_change,1,Quadratic Trend,Trend Shift,0,0,0,0,0,1,0,1,0,0,0,0,0,0,1,0
2020-05-02,-0.5954511939472172,0,0,0,1,0,0,0,1,0,0,0,0,0,0,0,0,0,1,0,none,,0,none,,,0,0,0,none,,0,none,,1,middle,394,direction_change,1,Quadratic Trend,Trend Shift,0,0,0,0,0,1,0,1,0,0,0,0,0,0,1,0
2020-05-03,-0.5881886836319868,0,0,0,1,0,0,0,1,0,0,0,0,0,0,0,0,0,1,0,none,,0,none,,,0,0,0,none,,0,none,,1,middle,394,direction_change,1,Quadratic Trend,Trend Shift,0,0,0,0,0,1,0,1,0,0,0,0,0,0,1,0
2020-05-04,-0.6301419282662307,0,0,0,1,0,0,0,1,0,0,0,0,0,0,0,0,0,1,0,none,,0,none,,,0,0,0,none,,0,none,,1,middle,394,direction_change,1,Quadratic Trend,Trend Shift,0,0,0,0,0,1,0,1,0,0,0,0,0,0,1,0
2020-05-05,-0.6173001904956489,0,0,0,1,0,0,0,1,0,0,0,0,0,0,0,0,0,1,0,none,,0,none,,,0,0,0,none,,0,none,,1,middle,394,direction_change,1,Quadratic Trend,Trend Shift,0,0,0,0,0,1,0,1,0,0,0,0,0,0,1,0
2020-05-06,-0.6070857370073076,0,0,0,1,0,0,0,1,0,0,0,0,0,0,0,0,0,1,0,none,,0,none,,,0,0,0,none,,0,none,,1,middle,394,direction_change,1,Quadratic Trend,Trend Shift,0,0,0,0,0,1,0,1,0,0,0,0,0,0,1,0
2020-05-07,-0.5726766554888506,0,0,0,1,0,0,0,1,0,0,0,0,0,0,0,0,0,1,0,none,,0,none,,,0,0,0,none,,0,none,,1,middle,394,direction_change,1,Quadratic Trend,Trend Shift,0,0,0,0,0,1,0,1,0,0,0,0,0,0,1,0
2020-05-08,-0.5486055514959446,0,0,0,1,0,0,0,1,0,0,0,0,0,0,0,0,0,1,0,none,,0,none,,,0,0,0,none,,0,none,,1,middle,394,direction_change,1,Quadratic Trend,Trend Shift,0,0,0,0,0,1,0,1,0,0,0,0,0,0,1,0
2020-05-09,-0.5527487126867481,0,0,0,1,0,0,0,1,0,0,0,0,0,0,0,0,0,1,0,none,,0,none,,,0,0,0,none,,0,none,,1,middle,394,direction_change,1,Quadratic Trend,Trend Shift,0,0,0,0,0,1,0,1,0,0,0,0,0,0,1,0
2020-05-10,-0.5906910095632784,0,0,0,1,0,0,0,1,0,0,0,0,0,0,0,0,0,1,0,none,,0,none,,,0,0,0,none,,0,none,,1,middle,394,direction_change,1,Quadratic Trend,Trend Shift,0,0,0,0,0,1,0,1,0,0,0,0,0,0,1,0
2020-05-11,-0.5197975391390052,0,0,0,1,0,0,0,1,0,0,0,0,0,0,0,0,0,1,0,none,,0,none,,,0,0,0,none,,0,none,,1,middle,394,direction_change,1,Quadratic Trend,Trend Shift,0,0,0,0,0,1,0,1,0,0,0,0,0,0,1,0
2020-05-12,-0.5506671203932317,0,0,0,1,0,0,0,1,0,0,0,0,0,0,0,0,0,1,0,none,,0,none,,,0,0,0,none,,0,none,,1,middle,394,direction_change,1,Quadratic Trend,Trend Shift,0,0,0,0,0,1,0,1,0,0,0,0,0,0,1,0
2020-05-13,-0.5173591931588394,0,0,0,1,0,0,0,1,0,0,0,0,0,0,0,0,0,1,0,none,,0,none,,,0,0,0,none,,0,none,,1,middle,394,direction_change,1,Quadratic Trend,Trend Shift,0,0,0,0,0,1,0,1,0,0,0,0,0,0,1,0
2020-05-14,-0.48058536102358723,0,0,0,1,0,0,0,1,0,0,0,0,0,0,0,0,0,1,0,none,,0,none,,,0,0,0,none,,0,none,,1,middle,394,direction_change,1,Quadratic Trend,Trend Shift,0,0,0,0,0,1,0,1,0,0,0,0,0,0,1,0
2020-05-15,-0.5127738186482373,0,0,0,1,0,0,0,1,0,0,0,0,0,0,0,0,0,1,0,none,,0,none,,,0,0,0,none,,0,none,,1,middle,394,direction_change,1,Quadratic Trend,Trend Shift,0,0,0,0,0,1,0,1,0,0,0,0,0,0,1,0
2020-05-16,-0.5107129697017723,0,0,0,1,0,0,0,1,0,0,0,0,0,0,0,0,0,1,0,none,,0,none,,,0,0,0,none,,0,none,,1,middle,394,direction_change,1,Quadratic Trend,Trend Shift,0,0,0,0,0,1,0,1,0,0,0,0,0,0,1,0
2020-05-17,-0.4577624813237925,0,0,0,1,0,0,0,1,0,0,0,0,0,0,0,0,0,1,0,none,,0,none,,,0,0,0,none,,0,none,,1,middle,394,direction_change,1,Quadratic Trend,Trend Shift,0,0,0,0,0,1,0,1,0,0,0,0,0,0,1,0
2020-05-18,-0.5050836393013424,0,0,0,1,0,0,0,1,0,0,0,0,0,0,0,0,0,1,0,none,,0,none,,,0,0,0,none,,0,none,,1,middle,394,direction_change,1,Quadratic Trend,Trend Shift,0,0,0,0,0,1,0,1,0,0,0,0,0,0,1,0
2020-05-19,-0.46592688625208784,0,0,0,1,0,0,0,1,0,0,0,0,0,0,0,0,0,1,0,none,,0,none,,,0,0,0,none,,0,none,,1,middle,394,direction_change,1,Quadratic Trend,Trend Shift,0,0,0,0,0,1,0,1,0,0,0,0,0,0,1,0
2020-05-20,-0.4485677057701047,0,0,0,1,0,0,0,1,0,0,0,0,0,0,0,0,0,1,0,none,,0,none,,,0,0,0,none,,0,none,,1,middle,394,direction_change,1,Quadratic Trend,Trend Shift,0,0,0,0,0,1,0,1,0,0,0,0,0,0,1,0
2020-05-21,-0.4296992215253853,0,0,0,1,0,0,0,1,0,0,0,0,0,0,0,0,0,1,0,none,,0,none,,,0,0,0,none,,0,none,,1,middle,394,direction_change,1,Quadratic Trend,Trend Shift,0,0,0,0,0,1,0,1,0,0,0,0,0,0,1,0
2020-05-22,-0.44941435970300697,0,0,0,1,0,0,0,1,0,0,0,0,0,0,0,0,0,1,0,none,,0,none,,,0,0,0,none,,0,none,,1,middle,394,direction_change,1,Quadratic Trend,Trend Shift,0,0,0,0,0,1,0,1,0,0,0,0,0,0,1,0
2020-05-23,-0.40870993395331606,0,0,0,1,0,0,0,1,0,0,0,0,0,0,0,0,0,1,0,none,,0,none,,,0,0,0,none,,0,none,,1,middle,394,direction_change,1,Quadratic Trend,Trend Shift,0,0,0,0,0,1,0,1,0,0,0,0,0,0,1,0
2020-05-24,-0.4070584323954555,0,0,0,1,0,0,0,1,0,0,0,0,0,0,0,0,0,1,0,none,,0,none,,,0,0,0,none,,0,none,,1,middle,394,direction_change,1,Quadratic Trend,Trend Shift,0,0,0,0,0,1,0,1,0,0,0,0,0,0,1,0
2020-05-25,-0.42372789920079384,0,0,0,1,0,0,0,1,0,0,0,0,0,0,0,0,0,1,0,none,,0,none,,,0,0,0,none,,0,none,,1,middle,394,direction_change,1,Quadratic Trend,Trend Shift,0,0,0,0,0,1,0,1,0,0,0,0,0,0,1,0
2020-05-26,-0.3999165336790837,0,0,0,1,0,0,0,1,0,0,0,0,0,0,0,0,0,1,0,none,,0,none,,,0,0,0,none,,0,none,,1,middle,394,direction_change,1,Quadratic Trend,Trend Shift,0,0,0,0,0,1,0,1,0,0,0,0,0,0,1,0
2020-05-27,-0.4296994383279996,0,0,0,1,0,0,0,1,0,0,0,0,0,0,0,0,0,1,0,none,,0,none,,,0,0,0,none,,0,none,,1,middle,394,direction_change,1,Quadratic Trend,Trend Shift,0,0,0,0,0,1,0,1,0,0,0,0,0,0,1,0
2020-05-28,-0.40328496201907027,0,0,0,1,0,0,0,1,0,0,0,0,0,0,0,0,0,1,0,none,,0,none,,,0,0,0,none,,0,none,,1,middle,394,direction_change,1,Quadratic Trend,Trend Shift,0,0,0,0,0,1,0,1,0,0,0,0,0,0,1,0
2020-05-29,-0.3816231962955523,0,0,0,1,0,0,0,1,0,0,0,0,0,0,0,0,0,1,0,none,,0,none,,,0,0,0,none,,0,none,,1,middle,394,direction_change,1,Quadratic Trend,Trend Shift,0,0,0,0,0,1,0,1,0,0,0,0,0,0,1,0
2020-05-30,-0.33897440247799293,0,0,0,1,0,0,0,1,0,0,0,0,0,0,0,0,0,1,0,none,,0,none,,,0,0,0,none,,0,none,,1,middle,394,direction_change,1,Quadratic Trend,Trend Shift,0,0,0,0,0,1,0,1,0,0,0,0,0,0,1,0
2020-05-31,-0.3693138422735455,0,0,0,1,0,0,0,1,0,0,0,0,0,0,0,0,0,1,0,none,,0,none,,,0,0,0,none,,0,none,,1,middle,394,direction_change,1,Quadratic Trend,Trend Shift,0,0,0,0,0,1,0,1,0,0,0,0,0,0,1,0
2020-06-01,-0.3731039868449844,0,0,0,1,0,0,0,1,0,0,0,0,0,0,0,0,0,1,0,none,,0,none,,,0,0,0,none,,0,none,,1,middle,394,direction_change,1,Quadratic Trend,Trend Shift,0,0,0,0,0,1,0,1,0,0,0,0,0,0,1,0
2020-06-02,-0.3482793581102774,0,0,0,1,0,0,0,1,0,0,0,0,0,0,0,0,0,1,0,none,,0,none,,,0,0,0,none,,0,none,,1,middle,394,direction_change,1,Quadratic Trend,Trend Shift,0,0,0,0,0,1,0,1,0,0,0,0,0,0,1,0
2020-06-03,-0.3406294314217723,0,0,0,1,0,0,0,1,0,0,0,0,0,0,0,0,0,1,0,none,,0,none,,,0,0,0,none,,0,none,,1,middle,394,direction_change,1,Quadratic Trend,Trend Shift,0,0,0,0,0,1,0,1,0,0,0,0,0,0,1,0
2020-06-04,-0.3133019464321947,0,0,0,1,0,0,0,1,0,0,0,0,0,0,0,0,0,1,0,none,,0,none,,,0,0,0,none,,0,none,,1,middle,394,direction_change,1,Quadratic Trend,Trend Shift,0,0,0,0,0,1,0,1,0,0,0,0,0,0,1,0
2020-06-05,-0.3022422917671303,0,0,0,1,0,0,0,1,0,0,0,0,0,0,0,0,0,1,0,none,,0,none,,,0,0,0,none,,0,none,,1,middle,394,direction_change,1,Quadratic Trend,Trend Shift,0,0,0,0,0,1,0,1,0,0,0,0,0,0,1,0
2020-06-06,-0.2829273280899147,0,0,0,1,0,0,0,1,0,0,0,0,0,0,0,0,0,1,0,none,,0,none,,,0,0,0,none,,0,none,,1,middle,394,direction_change,1,Quadratic Trend,Trend Shift,0,0,0,0,0,1,0,1,0,0,0,0,0,0,1,0
2020-06-07,-0.34130996387172696,0,0,0,1,0,0,0,1,0,0,0,0,0,0,0,0,0,1,0,none,,0,none,,,0,0,0,none,,0,none,,1,middle,394,direction_change,1,Quadratic Trend,Trend Shift,0,0,0,0,0,1,0,1,0,0,0,0,0,0,1,0
2020-06-08,-0.2670891575777712,0,0,0,1,0,0,0,1,0,0,0,0,0,0,0,0,0,1,0,none,,0,none,,,0,0,0,none,,0,none,,1,middle,394,direction_change,1,Quadratic Trend,Trend Shift,0,0,0,0,0,1,0,1,0,0,0,0,0,0,1,0
2020-06-09,-0.3344513738896279,0,0,0,1,0,0,0,1,0,0,0,0,0,0,0,0,0,1,0,none,,0,none,,,0,0,0,none,,0,none,,1,middle,394,direction_change,1,Quadratic Trend,Trend Shift,0,0,0,0,0,1,0,1,0,0,0,0,0,0,1,0
2020-06-10,-0.3034909549759027,0,0,0,1,0,0,0,1,0,0,0,0,0,0,0,0,0,1,0,none,,0,none,,,0,0,0,none,,0,none,,1,middle,394,direction_change,1,Quadratic Trend,Trend Shift,0,0,0,0,0,1,0,1,0,0,0,0,0,0,1,0
2020-06-11,-0.20838812711786586,0,0,0,1,0,0,0,1,0,0,0,0,0,0,0,0,0,1,0,none,,0,none,,,0,0,0,none,,0,none,,1,middle,394,direction_change,1,Quadratic Trend,Trend Shift,0,0,0,0,0,1,0,1,0,0,0,0,0,0,1,0
2020-06-12,-0.2244442156166363,0,0,0,1,0,0,0,1,0,0,0,0,0,0,0,0,0,1,0,none,,0,none,,,0,0,0,none,,0,none,,1,middle,394,direction_change,1,Quadratic Trend,Trend Shift,0,0,0,0,0,1,0,1,0,0,0,0,0,0,1,0
2020-06-13,-0.25149624092680783,0,0,0,1,0,0,0,1,0,0,0,0,0,0,0,0,0,1,0,none,,0,none,,,0,0,0,none,,0,none,,1,middle,394,direction_change,1,Quadratic Trend,Trend Shift,0,0,0,0,0,1,0,1,0,0,0,0,0,0,1,0
2020-06-14,-0.2115180487147237,0,0,0,1,0,0,0,1,0,0,0,0,0,0,0,0,0,1,0,none,,0,none,,,0,0,0,none,,0,none,,1,middle,394,direction_change,1,Quadratic Trend,Trend Shift,0,0,0,0,0,1,0,1,0,0,0,0,0,0,1,0
2020-06-15,-0.252552893040075,0,0,0,1,0,0,0,1,0,0,0,0,0,0,0,0,0,1,0,none,,0,none,,,0,0,0,none,,0,none,,1,middle,394,direction_change,1,Quadratic Trend,Trend Shift,0,0,0,0,0,1,0,1,0,0,0,0,0,0,1,0
2020-06-16,-0.24286886450459275,0,0,0,1,0,0,0,1,0,0,0,0,0,0,0,0,0,1,0,none,,0,none,,,0,0,0,none,,0,none,,1,middle,394,direction_change,1,Quadratic Trend,Trend Shift,0,0,0,0,0,1,0,1,0,0,0,0,0,0,1,0
2020-06-17,-0.25106830736840474,0,0,0,1,0,0,0,1,0,0,0,0,0,0,0,0,0,1,0,none,,0,none,,,0,0,0,none,,0,none,,1,middle,394,direction_change,1,Quadratic Trend,Trend Shift,0,0,0,0,0,1,0,1,0,0,0,0,0,0,1,0
2020-06-18,-0.26330268610040264,0,0,0,1,0,0,0,1,0,0,0,0,0,0,0,0,0,1,0,none,,0,none,,,0,0,0,none,,0,none,,1,middle,394,direction_change,1,Quadratic Trend,Trend Shift,0,0,0,0,0,1,0,1,0,0,0,0,0,0,1,0
2020-06-19,-0.18007068394226597,0,0,0,1,0,0,0,1,0,0,0,0,0,0,0,0,0,1,0,none,,0,none,,,0,0,0,none,,0,none,,1,middle,394,direction_change,1,Quadratic Trend,Trend Shift,0,0,0,0,0,1,0,1,0,0,0,0,0,0,1,0
2020-06-20,-0.20803266227563913,0,0,0,1,0,0,0,1,0,0,0,0,0,0,0,0,0,1,0,none,,0,none,,,0,0,0,none,,0,none,,1,middle,394,direction_change,1,Quadratic Trend,Trend Shift,0,0,0,0,0,1,0,1,0,0,0,0,0,0,1,0
2020-06-21,-0.18221161153324342,0,0,0,1,0,0,0,1,0,0,0,0,0,0,0,0,0,1,0,none,,0,none,,,0,0,0,none,,0,none,,1,middle,394,direction_change,1,Quadratic Trend,Trend Shift,0,0,0,0,0,1,0,1,0,0,0,0,0,0,1,0
2020-06-22,-0.20566313595440472,0,0,0,1,0,0,0,1,0,0,0,0,0,0,0,0,0,1,0,none,,0,none,,,0,0,0,none,,0,none,,1,middle,394,direction_change,1,Quadratic Trend,Trend Shift,0,0,0,0,0,1,0,1,0,0,0,0,0,0,1,0
2020-06-23,-0.19284741310589587,0,0,0,1,0,0,0,1,0,0,0,0,0,0,0,0,0,1,0,none,,0,none,,,0,0,0,none,,0,none,,1,middle,394,direction_change,1,Quadratic Trend,Trend Shift,0,0,0,0,0,1,0,1,0,0,0,0,0,0,1,0
2020-06-24,-0.20772419144754123,0,0,0,1,0,0,0,1,0,0,0,0,0,0,0,0,0,1,0,none,,0,none,,,0,0,0,none,,0,none,,1,middle,394,direction_change,1,Quadratic Trend,Trend Shift,0,0,0,0,0,1,0,1,0,0,0,0,0,0,1,0
2020-06-25,-0.15976068780195682,0,0,0,1,0,0,0,1,0,0,0,0,0,0,0,0,0,1,0,none,,0,none,,,0,0,0,none,,0,none,,1,middle,394,direction_change,1,Quadratic Trend,Trend Shift,0,0,0,0,0,1,0,1,0,0,0,0,0,0,1,0
2020-06-26,-0.13058402031289032,0,0,0,1,0,0,0,1,0,0,0,0,0,0,0,0,0,1,0,none,,0,none,,,0,0,0,none,,0,none,,1,middle,394,direction_change,1,Quadratic Trend,Trend Shift,0,0,0,0,0,1,0,1,0,0,0,0,0,0,1,0
2020-06-27,-0.1557632578519778,0,0,0,1,0,0,0,1,0,0,0,0,0,0,0,0,0,1,0,none,,0,none,,,0,0,0,none,,0,none,,1,middle,394,direction_change,1,Quadratic Trend,Trend Shift,0,0,0,0,0,1,0,1,0,0,0,0,0,0,1,0
2020-06-28,-0.06304222301093237,0,0,0,1,0,0,0,1,0,0,0,0,0,0,0,0,0,1,0,none,,0,none,,,0,0,0,none,,0,none,,1,middle,394,direction_change,1,Quadratic Trend,Trend Shift,0,0,0,0,0,1,0,1,0,0,0,0,0,0,1,0
2020-06-29,-0.14799465544939955,0,0,0,1,0,0,0,1,0,0,0,0,0,0,0,0,0,1,0,none,,0,none,,,0,0,0,none,,0,none,,1,middle,394,direction_change,1,Quadratic Trend,Trend Shift,0,0,0,0,0,1,0,1,0,0,0,0,0,0,1,0
2020-06-30,-0.07244916976762582,0,0,0,1,0,0,0,1,0,0,0,0,0,0,0,0,0,1,0,none,,0,none,,,0,0,0,none,,0,none,,1,middle,394,direction_change,1,Quadratic Trend,Trend Shift,0,0,0,0,0,1,0,1,0,0,0,0,0,0,1,0
2020-07-01,-0.13316029169114924,0,0,0,1,0,0,0,1,0,0,0,0,0,0,0,0,0,1,0,none,,0,none,,,0,0,0,none,,0,none,,1,middle,394,direction_change,1,Quadratic Trend,Trend Shift,0,0,0,0,0,1,0,1,0,0,0,0,0,0,1,0
2020-07-02,-0.12564392610514097,0,0,0,1,0,0,0,1,0,0,0,0,0,0,0,0,0,1,0,none,,0,none,,,0,0,0,none,,0,none,,1,middle,394,direction_change,1,Quadratic Trend,Trend Shift,0,0,0,0,0,1,0,1,0,0,0,0,0,0,1,0
2020-07-03,-0.039092460390135725,0,0,0,1,0,0,0,1,0,0,0,0,0,0,0,0,0,1,0,none,,0,none,,,0,0,0,none,,0,none,,1,middle,394,direction_change,1,Quadratic Trend,Trend Shift,0,0,0,0,0,1,0,1,0,0,0,0,0,0,1,0
2020-07-04,-0.0667686568980506,0,0,0,1,0,0,0,1,0,0,0,0,0,0,0,0,0,1,0,none,,0,none,,,0,0,0,none,,0,none,,1,middle,394,direction_change,1,Quadratic Trend,Trend Shift,0,0,0,0,0,1,0,1,0,0,0,0,0,0,1,0
2020-07-05,-0.030800547196942467,0,0,0,1,0,0,0,1,0,0,0,0,0,0,0,0,0,1,0,none,,0,none,,,0,0,0,none,,0,none,,1,middle,394,direction_change,1,Quadratic Trend,Trend Shift,0,0,0,0,0,1,0,1,0,0,0,0,0,0,1,0
2020-07-06,-0.05841845878953625,0,0,0,1,0,0,0,1,0,0,0,0,0,0,0,0,0,1,0,none,,0,none,,,0,0,0,none,,0,none,,1,middle,394,direction_change,1,Quadratic Trend,Trend Shift,0,0,0,0,0,1,0,1,0,0,0,0,0,0,1,0
2020-07-07,-0.0014911000367711388,0,0,0,1,0,0,0,1,0,0,0,0,0,0,0,0,0,1,0,none,,0,none,,,0,0,0,none,,0,none,,1,middle,394,direction_change,1,Quadratic Trend,Trend Shift,0,0,0,0,0,1,0,1,0,0,0,0,0,0,1,0
2020-07-08,-0.022516895812930784,0,0,0,1,0,0,0,1,0,0,0,0,0,0,0,0,0,1,0,none,,0,none,,,0,0,0,none,,0,none,,1,middle,394,direction_change,1,Quadratic Trend,Trend Shift,0,0,0,0,0,1,0,1,0,0,0,0,0,0,1,0
2020-07-09,-0.039366994541071176,0,0,0,1,0,0,0,1,0,0,0,0,0,0,0,0,0,1,0,none,,0,none,,,0,0,0,none,,0,none,,1,middle,394,direction_change,1,Quadratic Trend,Trend Shift,0,0,0,0,0,1,0,1,0,0,0,0,0,0,1,0
2020-07-10,-0.02634006507619245,0,0,0,1,0,0,0,1,0,0,0,0,0,0,0,0,0,1,0,none,,0,none,,,0,0,0,none,,0,none,,1,middle,394,direction_change,1,Quadratic Trend,Trend Shift,0,0,0,0,0,1,0,1,0,0,0,0,0,0,1,0
2020-07-11,-0.002029549180543885,0,0,0,1,0,0,0,1,0,0,0,0,0,0,0,0,0,1,0,none,,0,none,,,0,0,0,none,,0,none,,1,middle,394,direction_change,1,Quadratic Trend,Trend Shift,0,0,0,0,0,1,0,1,0,0,0,0,0,0,1,0
2020-07-12,-0.002466966451866973,0,0,0,1,0,0,0,1,0,0,0,0,0,0,0,0,0,1,0,none,,0,none,,,0,0,0,none,,0,none,,1,middle,394,direction_change,1,Quadratic Trend,Trend Shift,0,0,0,0,0,1,0,1,0,0,0,0,0,0,1,0
2020-07-13,0.018174518107322627,0,0,0,1,0,0,0,1,0,0,0,0,0,0,0,0,0,1,0,none,,0,none,,,0,0,0,none,,0,none,,1,middle,394,direction_change,1,Quadratic Trend,Trend Shift,0,0,0,0,0,1,0,1,0,0,0,0,0,0,1,0
2020-07-14,0.001519427976249146,0,0,0,1,0,0,0,1,0,0,0,0,0,0,0,0,0,1,0,none,,0,none,,,0,0,0,none,,0,none,,1,middle,394,direction_change,1,Quadratic Trend,Trend Shift,0,0,0,0,0,1,0,1,0,0,0,0,0,0,1,0
2020-07-15,0.03053937678601891,0,0,0,1,0,0,0,1,0,0,0,0,0,0,0,0,0,1,0,none,,0,none,,,0,0,0,none,,0,none,,1,middle,394,direction_change,1,Quadratic Trend,Trend Shift,0,0,0,0,0,1,0,1,0,0,0,0,0,0,1,0
2020-07-16,0.07769686851834627,0,0,0,1,0,0,0,1,0,0,0,0,0,0,0,0,0,1,0,none,,0,none,,,0,0,0,none,,0,none,,1,middle,394,direction_change,1,Quadratic Trend,Trend Shift,0,0,0,0,0,1,0,1,0,0,0,0,0,0,1,0
2020-07-17,-0.006020934419499519,0,0,0,1,0,0,0,1,0,0,0,0,0,0,0,0,0,1,0,none,,0,none,,,0,0,0,none,,0,none,,1,middle,394,direction_change,1,Quadratic Trend,Trend Shift,0,0,0,0,0,1,0,1,0,0,0,0,0,0,1,0
2020-07-18,0.06244175428506324,0,0,0,1,0,0,0,1,0,0,0,0,0,0,0,0,0,1,0,none,,0,none,,,0,0,0,none,,0,none,,1,middle,394,direction_change,1,Quadratic Trend,Trend Shift,0,0,0,0,0,1,0,1,0,0,0,0,0,0,1,0
2020-07-19,0.06515961136988832,0,0,0,1,0,0,0,1,0,0,0,0,0,0,0,0,0,1,0,none,,0,none,,,0,0,0,none,,0,none,,1,middle,394,direction_change,1,Quadratic Trend,Trend Shift,0,0,0,0,0,1,0,1,0,0,0,0,0,0,1,0
2020-07-20,0.04291465638674835,0,0,0,1,0,0,0,1,0,0,0,0,0,0,0,0,0,1,0,none,,0,none,,,0,0,0,none,,0,none,,1,middle,394,direction_change,1,Quadratic Trend,Trend Shift,0,0,0,0,0,1,0,1,0,0,0,0,0,0,1,0
2020-07-21,0.0993736157743173,0,0,0,1,0,0,0,1,0,0,0,0,0,0,0,0,0,1,0,none,,0,none,,,0,0,0,none,,0,none,,1,middle,394,direction_change,1,Quadratic Trend,Trend Shift,0,0,0,0,0,1,0,1,0,0,0,0,0,0,1,0
2020-07-22,0.08536699516281353,0,0,0,1,0,0,0,1,0,0,0,0,0,0,0,0,0,1,0,none,,0,none,,,0,0,0,none,,0,none,,1,middle,394,direction_change,1,Quadratic Trend,Trend Shift,0,0,0,0,0,1,0,1,0,0,0,0,0,0,1,0
2020-07-23,0.05673996116102645,0,0,0,1,0,0,0,1,0,0,0,0,0,0,0,0,0,1,0,none,,0,none,,,0,0,0,none,,0,none,,1,middle,394,direction_change,1,Quadratic Trend,Trend Shift,0,0,0,0,0,1,0,1,0,0,0,0,0,0,1,0
2020-07-24,0.10195498880101608,0,0,0,1,0,0,0,1,0,0,0,0,0,0,0,0,0,1,0,none,,0,none,,,0,0,0,none,,0,none,,1,middle,394,direction_change,1,Quadratic Trend,Trend Shift,0,0,0,0,0,1,0,1,0,0,0,0,0,0,1,0
2020-07-25,0.10343097842391369,0,0,0,1,0,0,0,1,0,0,0,0,0,0,0,0,0,1,0,none,,0,none,,,0,0,0,none,,0,none,,1,middle,394,direction_change,1,Quadratic Trend,Trend Shift,0,0,0,0,0,1,0,1,0,0,0,0,0,0,1,0
2020-07-26,0.09128627281840732,0,0,0,1,0,0,0,1,0,0,0,0,0,0,0,0,0,1,0,none,,0,none,,,0,0,0,none,,0,none,,1,middle,394,direction_change,1,Quadratic Trend,Trend Shift,0,0,0,0,0,1,0,1,0,0,0,0,0,0,1,0
2020-07-27,0.10903201386129718,0,0,0,1,0,0,0,1,0,0,0,0,0,0,0,0,0,1,0,none,,0,none,,,0,0,0,none,,0,none,,1,middle,394,direction_change,1,Quadratic Trend,Trend Shift,0,0,0,0,0,1,0,1,0,0,0,0,0,0,1,0
2020-07-28,0.1599970268595328,0,0,0,1,0,0,0,1,0,0,0,0,0,0,0,0,0,1,0,none,,0,none,,,0,0,0,none,,0,none,,1,middle,394,direction_change,1,Quadratic Trend,Trend Shift,0,0,0,0,0,1,0,1,0,0,0,0,0,0,1,0
2020-07-29,0.1431184591100959,0,0,0,1,0,0,0,1,0,0,0,0,0,0,0,0,0,1,0,none,,0,none,,,0,0,0,none,,0,none,,1,middle,394,direction_change,1,Quadratic Trend,Trend Shift,0,0,0,0,0,1,0,1,0,0,0,0,0,0,1,0
2020-07-30,0.16640082094047837,0,0,0,1,0,0,0,1,0,0,0,0,0,0,0,0,0,1,0,none,,0,none,,,0,0,0,none,,0,none,,1,middle,394,direction_change,1,Quadratic Trend,Trend Shift,0,0,0,0,0,1,0,1,0,0,0,0,0,0,1,0
2020-07-31,0.11163623646365226,0,0,0,1,0,0,0,1,0,0,0,0,0,0,0,0,0,1,0,none,,0,none,,,0,0,0,none,,0,none,,1,middle,394,direction_change,1,Quadratic Trend,Trend Shift,0,0,0,0,0,1,0,1,0,0,0,0,0,0,1,0
2020-08-01,0.20677530682306336,0,0,0,1,0,0,0,1,0,0,0,0,0,0,0,0,0,1,0,none,,0,none,,,0,0,0,none,,0,none,,1,middle,394,direction_change,1,Quadratic Trend,Trend Shift,0,0,0,0,0,1,0,1,0,0,0,0,0,0,1,0
2020-08-02,0.16883763093683113,0,0,0,1,0,0,0,1,0,0,0,0,0,0,0,0,0,1,0,none,,0,none,,,0,0,0,none,,0,none,,1,middle,394,direction_change,1,Quadratic Trend,Trend Shift,0,0,0,0,0,1,0,1,0,0,0,0,0,0,1,0
2020-08-03,0.1687320730706445,0,0,0,1,0,0,0,1,0,0,0,0,0,0,0,0,0,1,0,none,,0,none,,,0,0,0,none,,0,none,,1,middle,394,direction_change,1,Quadratic Trend,Trend Shift,0,0,0,0,0,1,0,1,0,0,0,0,0,0,1,0
2020-08-04,0.18498901909541873,0,0,0,1,0,0,0,1,0,0,0,0,0,0,0,0,0,1,0,none,,0,none,,,0,0,0,none,,0,none,,1,middle,394,direction_change,1,Quadratic Trend,Trend Shift,0,0,0,0,0,1,0,1,0,0,0,0,0,0,1,0
2020-08-05,0.21154364077970517,0,0,0,1,0,0,0,1,0,0,0,0,0,0,0,0,0,1,0,none,,0,none,,,0,0,0,none,,0,none,,1,middle,394,direction_change,1,Quadratic Trend,Trend Shift,0,0,0,0,0,1,0,1,0,0,0,0,0,0,1,0
2020-08-06,0.2355201913402072,0,0,0,1,0,0,0,1,0,0,0,0,0,0,0,0,0,1,0,none,,0,none,,,0,0,0,none,,0,none,,1,middle,394,direction_change,1,Quadratic Trend,Trend Shift,0,0,0,0,0,1,0,1,0,0,0,0,0,0,1,0
2020-08-07,0.1932340752106728,0,0,0,1,0,0,0,1,0,0,0,0,0,0,0,0,0,1,0,none,,0,none,,,0,0,0,none,,0,none,,1,middle,394,direction_change,1,Quadratic Trend,Trend Shift,0,0,0,0,0,1,0,1,0,0,0,0,0,0,1,0
2020-08-08,0.20999876828999356,0,0,0,1,0,0,0,1,0,0,0,0,0,0,0,0,0,1,0,none,,0,none,,,0,0,0,none,,0,none,,1,middle,394,direction_change,1,Quadratic Trend,Trend Shift,0,0,0,0,0,1,0,1,0,0,0,0,0,0,1,0
2020-08-09,0.1814721418192136,0,0,0,1,0,0,0,1,0,0,0,0,0,0,0,0,0,1,0,none,,0,none,,,0,0,0,none,,0,none,,1,middle,394,direction_change,1,Quadratic Trend,Trend Shift,0,0,0,0,0,1,0,1,0,0,0,0,0,0,1,0
2020-08-10,0.2074905144732608,0,0,0,1,0,0,0,1,0,0,0,0,0,0,0,0,0,1,0,none,,0,none,,,0,0,0,none,,0,none,,1,middle,394,direction_change,1,Quadratic Trend,Trend Shift,0,0,0,0,0,1,0,1,0,0,0,0,0,0,1,0
2020-08-11,0.21268984368614538,0,0,0,1,0,0,0,1,0,0,0,0,0,0,0,0,0,1,0,none,,0,none,,,0,0,0,none,,0,none,,1,middle,394,direction_change,1,Quadratic Trend,Trend Shift,0,0,0,0,0,1,0,1,0,0,0,0,0,0,1,0
2020-08-12,0.29113453708952114,0,0,0,1,0,0,0,1,0,0,0,0,0,0,0,0,0,1,0,none,,0,none,,,0,0,0,none,,0,none,,1,middle,394,direction_change,1,Quadratic Trend,Trend Shift,0,0,0,0,0,1,0,1,0,0,0,0,0,0,1,0
2020-08-13,0.27692852568206916,0,0,0,1,0,0,0,1,0,0,0,0,0,0,0,0,0,1,0,none,,0,none,,,0,0,0,none,,0,none,,1,middle,394,direction_change,1,Quadratic Trend,Trend Shift,0,0,0,0,0,1,0,1,0,0,0,0,0,0,1,0
2020-08-14,0.3352992538921412,0,0,0,1,0,0,0,1,0,0,0,0,0,0,0,0,0,1,0,none,,0,none,,,0,0,0,none,,0,none,,1,middle,394,direction_change,1,Quadratic Trend,Trend Shift,0,0,0,0,0,1,0,1,0,0,0,0,0,0,1,0
2020-08-15,0.24255498469215453,0,0,0,1,0,0,0,1,0,0,0,0,0,0,0,0,0,1,0,none,,0,none,,,0,0,0,none,,0,none,,1,middle,394,direction_change,1,Quadratic Trend,Trend Shift,0,0,0,0,0,1,0,1,0,0,0,0,0,0,1,0
2020-08-16,0.3281953646655922,0,0,0,1,0,0,0,1,0,0,0,0,0,0,0,0,0,1,0,none,,0,none,,,0,0,0,none,,0,none,,1,middle,394,direction_change,1,Quadratic Trend,Trend Shift,0,0,0,0,0,1,0,1,0,0,0,0,0,0,1,0
2020-08-17,0.2721966585241418,0,0,0,1,0,0,0,1,0,0,0,0,0,0,0,0,0,1,0,none,,0,none,,,0,0,0,none,,0,none,,1,middle,394,direction_change,1,Quadratic Trend,Trend Shift,0,0,0,0,0,1,0,1,0,0,0,0,0,0,1,0
2020-08-18,0.32903615974175066,0,0,0,1,0,0,0,1,0,0,0,0,0,0,0,0,0,1,0,none,,0,none,,,0,0,0,none,,0,none,,1,middle,394,direction_change,1,Quadratic Trend,Trend Shift,0,0,0,0,0,1,0,1,0,0,0,0,0,0,1,0
2020-08-19,0.3350223122605063,0,0,0,1,0,0,0,1,0,0,0,0,0,0,0,0,0,1,0,none,,0,none,,,0,0,0,none,,0,none,,1,middle,394,direction_change,1,Quadratic Trend,Trend Shift,0,0,0,0,0,1,0,1,0,0,0,0,0,0,1,0
2020-08-20,0.3285796665945377,0,0,0,1,0,0,0,1,0,0,0,0,0,0,0,0,0,1,0,none,,0,none,,,0,0,0,none,,0,none,,1,middle,394,direction_change,1,Quadratic Trend,Trend Shift,0,0,0,0,0,1,0,1,0,0,0,0,0,0,1,0
2020-08-21,0.33855872132258674,0,0,0,1,0,0,0,1,0,0,0,0,0,0,0,0,0,1,0,none,,0,none,,,0,0,0,none,,0,none,,1,middle,394,direction_change,1,Quadratic Trend,Trend Shift,0,0,0,0,0,1,0,1,0,0,0,0,0,0,1,0
2020-08-22,0.34077973759855656,0,0,0,1,0,0,0,1,0,0,0,0,0,0,0,0,0,1,0,none,,0,none,,,0,0,0,none,,0,none,,1,middle,394,direction_change,1,Quadratic Trend,Trend Shift,0,0,0,0,0,1,0,1,0,0,0,0,0,0,1,0
2020-08-23,0.33095540337306856,0,0,0,1,0,0,0,1,0,0,0,0,0,0,0,0,0,1,0,none,,0,none,,,0,0,0,none,,0,none,,1,middle,394,direction_change,1,Quadratic Trend,Trend Shift,0,0,0,0,0,1,0,1,0,0,0,0,0,0,1,0
2020-08-24,0.3914409719463866,0,0,0,1,0,0,0,1,0,0,0,0,0,0,0,0,0,1,0,none,,0,none,,,0,0,0,none,,0,none,,1,middle,394,direction_change,1,Quadratic Trend,Trend Shift,0,0,0,0,0,1,0,1,0,0,0,0,0,0,1,0
2020-08-25,0.35274422090388957,0,0,0,1,0,0,0,1,0,0,0,0,0,0,0,0,0,1,0,none,,0,none,,,0,0,0,none,,0,none,,1,middle,394,direction_change,1,Quadratic Trend,Trend Shift,0,0,0,0,0,1,0,1,0,0,0,0,0,0,1,0
2020-08-26,0.3556404671246368,0,0,0,1,0,0,0,1,0,0,0,0,0,0,0,0,0,1,0,none,,0,none,,,0,0,0,none,,0,none,,1,middle,394,direction_change,1,Quadratic Trend,Trend Shift,0,0,0,0,0,1,0,1,0,0,0,0,0,0,1,0
2020-08-27,0.3955985587045591,0,0,0,1,0,0,0,1,0,0,0,0,0,0,0,0,0,1,0,none,,0,none,,,0,0,0,none,,0,none,,1,middle,394,direction_change,1,Quadratic Trend,Trend Shift,0,0,0,0,0,1,0,1,0,0,0,0,0,0,1,0
2020-08-28,0.36399968078752576,0,0,0,1,0,0,0,1,0,0,0,0,0,0,0,0,0,1,0,none,,0,none,,,0,0,0,none,,0,none,,1,middle,394,direction_change,1,Quadratic Trend,Trend Shift,0,0,0,0,0,1,0,1,0,0,0,0,0,0,1,0
2020-08-29,0.3645551931286316,0,0,0,1,0,0,0,1,0,0,0,0,0,0,0,0,0,1,0,none,,0,none,,,0,0,0,none,,0,none,,1,middle,394,direction_change,1,Quadratic Trend,Trend Shift,0,0,0,0,0,1,0,1,0,0,0,0,0,0,1,0
2020-08-30,0.4403901811968001,0,0,0,1,0,0,0,1,0,0,0,0,0,0,0,0,0,1,0,none,,0,none,,,0,0,0,none,,0,none,,1,middle,394,direction_change,1,Quadratic Trend,Trend Shift,0,0,0,0,0,1,0,1,0,0,0,0,0,0,1,0
2020-08-31,0.37418314192409813,0,0,0,1,0,0,0,1,0,0,0,0,0,0,0,0,0,1,0,none,,0,none,,,0,0,0,none,,0,none,,1,middle,394,direction_change,1,Quadratic Trend,Trend Shift,0,0,0,0,0,1,0,1,0,0,0,0,0,0,1,0
2020-09-01,0.37375356534706405,0,0,0,1,0,0,0,1,0,0,0,0,0,0,0,0,0,1,0,none,,0,none,,,0,0,0,none,,0,none,,1,middle,394,direction_change,1,Quadratic Trend,Trend Shift,0,0,0,0,0,1,0,1,0,0,0,0,0,0,1,0
2020-09-02,0.399255570327142,0,0,0,1,0,0,0,1,0,0,0,0,0,0,0,0,0,1,0,none,,0,none,,,0,0,0,none,,0,none,,1,middle,394,direction_change,1,Quadratic Trend,Trend Shift,0,0,0,0,0,1,0,1,0,0,0,0,0,0,1,0
2020-09-03,0.41899471757977874,0,0,0,1,0,0,0,1,0,0,0,0,0,0,0,0,0,1,0,none,,0,none,,,0,0,0,none,,0,none,,1,middle,394,direction_change,1,Quadratic Trend,Trend Shift,0,0,0,0,0,1,0,1,0,0,0,0,0,0,1,0
2020-09-04,0.5120639906142042,0,0,0,1,0,0,0,1,0,0,0,0,0,0,0,0,0,1,0,none,,0,none,,,0,0,0,none,,0,none,,1,middle,394,direction_change,1,Quadratic Trend,Trend Shift,0,0,0,0,0,1,0,1,0,0,0,0,0,0,1,0
2020-09-05,0.4532178303049209,0,0,0,1,0,0,0,1,0,0,0,0,0,0,0,0,0,1,0,none,,0,none,,,0,0,0,none,,0,none,,1,middle,394,direction_change,1,Quadratic Trend,Trend Shift,0,0,0,0,0,1,0,1,0,0,0,0,0,0,1,0
2020-09-06,0.4596474009073276,0,0,0,1,0,0,0,1,0,0,0,0,0,0,0,0,0,1,0,none,,0,none,,,0,0,0,none,,0,none,,1,middle,394,direction_change,1,Quadratic Trend,Trend Shift,0,0,0,0,0,1,0,1,0,0,0,0,0,0,1,0
2020-09-07,0.48600413906836304,0,0,0,1,0,0,0,1,0,0,0,0,0,0,0,0,0,1,0,none,,0,none,,,0,0,0,none,,0,none,,1,middle,394,direction_change,1,Quadratic Trend,Trend Shift,0,0,0,0,0,1,0,1,0,0,0,0,0,0,1,0
2020-09-08,0.51144686612519,0,0,0,1,0,0,0,1,0,0,0,0,0,0,0,0,0,1,0,none,,0,none,,,0,0,0,none,,0,none,,1,middle,394,direction_change,1,Quadratic Trend,Trend Shift,0,0,0,0,0,1,0,1,0,0,0,0,0,0,1,0
2020-09-09,0.45341651269818645,0,0,0,1,0,0,0,1,0,0,0,0,0,0,0,0,0,1,0,none,,0,none,,,0,0,0,none,,0,none,,1,middle,394,direction_change,1,Quadratic Trend,Trend Shift,0,0,0,0,0,1,0,1,0,0,0,0,0,0,1,0
2020-09-10,0.5167693254938921,0,0,0,1,0,0,0,1,0,0,0,0,0,0,0,0,0,1,0,none,,0,none,,,0,0,0,none,,0,none,,1,middle,394,direction_change,1,Quadratic Trend,Trend Shift,0,0,0,0,0,1,0,1,0,0,0,0,0,0,1,0
2020-09-11,0.5691222869996023,0,0,0,1,0,0,0,1,0,0,0,0,0,0,0,0,0,1,0,none,,0,none,,,0,0,0,none,,0,none,,1,middle,394,direction_change,1,Quadratic Trend,Trend Shift,0,0,0,0,0,1,0,1,0,0,0,0,0,0,1,0
2020-09-12,0.5297755445284957,0,0,0,1,0,0,0,1,0,0,0,0,0,0,0,0,0,1,0,none,,0,none,,,0,0,0,none,,0,none,,1,middle,394,direction_change,1,Quadratic Trend,Trend Shift,0,0,0,0,0,1,0,1,0,0,0,0,0,0,1,0
2020-09-13,0.5717449673558825,0,0,0,1,0,0,0,1,0,0,0,0,0,0,0,0,0,1,0,none,,0,none,,,0,0,0,none,,0,none,,1,middle,394,direction_change,1,Quadratic Trend,Trend Shift,0,0,0,0,0,1,0,1,0,0,0,0,0,0,1,0
2020-09-14,0.5137096792306023,0,0,0,1,0,0,0,1,0,0,0,0,0,0,0,0,0,1,0,none,,0,none,,,0,0,0,none,,0,none,,1,middle,394,direction_change,1,Quadratic Trend,Trend Shift,0,0,0,0,0,1,0,1,0,0,0,0,0,0,1,0
2020-09-15,0.5947453550251499,0,0,0,1,0,0,0,1,0,0,0,0,0,0,0,0,0,1,0,none,,0,none,,,0,0,0,none,,0,none,,1,middle,394,direction_change,1,Quadratic Trend,Trend Shift,0,0,0,0,0,1,0,1,0,0,0,0,0,0,1,0
2020-09-16,0.5180892171278221,0,0,0,1,0,0,0,1,0,0,0,0,0,0,0,0,0,1,0,none,,0,none,,,0,0,0,none,,0,none,,1,middle,394,direction_change,1,Quadratic Trend,Trend Shift,0,0,0,0,0,1,0,1,0,0,0,0,0,0,1,0
2020-09-17,0.5556154540521415,0,0,0,1,0,0,0,1,0,0,0,0,0,0,0,0,0,1,0,none,,0,none,,,0,0,0,none,,0,none,,1,middle,394,direction_change,1,Quadratic Trend,Trend Shift,0,0,0,0,0,1,0,1,0,0,0,0,0,0,1,0
2020-09-18,0.5678427118961622,0,0,0,1,0,0,0,1,0,0,0,0,0,0,0,0,0,1,0,none,,0,none,,,0,0,0,none,,0,none,,1,middle,394,direction_change,1,Quadratic Trend,Trend Shift,0,0,0,0,0,1,0,1,0,0,0,0,0,0,1,0
2020-09-19,0.6141809781158966,0,0,0,1,0,0,0,1,0,0,0,0,0,0,0,0,0,1,0,none,,0,none,,,0,0,0,none,,0,none,,1,middle,394,direction_change,1,Quadratic Trend,Trend Shift,0,0,0,0,0,1,0,1,0,0,0,0,0,0,1,0
2020-09-20,0.6100082621089189,0,0,0,1,0,0,0,1,0,0,0,0,0,0,0,0,0,1,0,none,,0,none,,,0,0,0,none,,0,none,,1,middle,394,direction_change,1,Quadratic Trend,Trend Shift,0,0,0,0,0,1,0,1,0,0,0,0,0,0,1,0
2020-09-21,0.6371375835583698,0,0,0,1,0,0,0,1,0,0,0,0,0,0,0,0,0,1,0,none,,0,none,,,0,0,0,none,,0,none,,1,middle,394,direction_change,1,Quadratic Trend,Trend Shift,0,0,0,0,0,1,0,1,0,0,0,0,0,0,1,0
2020-09-22,0.608825252845092,0,0,0,1,0,0,0,1,0,0,0,0,0,0,0,0,0,1,0,none,,0,none,,,0,0,0,none,,0,none,,1,middle,394,direction_change,1,Quadratic Trend,Trend Shift,0,0,0,0,0,1,0,1,0,0,0,0,0,0,1,0
2020-09-23,0.6309977184135747,0,0,0,1,0,0,0,1,0,0,0,0,0,0,0,0,0,1,0,none,,0,none,,,0,0,0,none,,0,none,,1,middle,394,direction_change,1,Quadratic Trend,Trend Shift,0,0,0,0,0,1,0,1,0,0,0,0,0,0,1,0
2020-09-24,0.6425405542307039,0,0,0,1,0,0,0,1,0,0,0,0,0,0,0,0,0,1,0,none,,0,none,,,0,0,0,none,,0,none,,1,middle,394,direction_change,1,Quadratic Trend,Trend Shift,0,0,0,0,0,1,0,1,0,0,0,0,0,0,1,0
2020-09-25,0.6310080142441952,0,0,0,1,0,0,0,1,0,0,0,0,0,0,0,0,0,1,0,none,,0,none,,,0,0,0,none,,0,none,,1,middle,394,direction_change,1,Quadratic Trend,Trend Shift,0,0,0,0,0,1,0,1,0,0,0,0,0,0,1,0
2020-09-26,0.6773134476765466,0,0,0,1,0,0,0,1,0,0,0,0,0,0,0,0,0,1,0,none,,0,none,,,0,0,0,none,,0,none,,1,middle,394,direction_change,1,Quadratic Trend,Trend Shift,0,0,0,0,0,1,0,1,0,0,0,0,0,0,1,0
2020-09-27,0.6532010128735254,0,0,0,1,0,0,0,1,0,0,0,0,0,0,0,0,0,1,0,none,,0,none,,,0,0,0,none,,0,none,,1,middle,394,direction_change,1,Quadratic Trend,Trend Shift,0,0,0,0,0,1,0,1,0,0,0,0,0,0,1,0
2020-09-28,0.6575493306064382,0,0,0,1,0,0,0,1,0,0,0,0,0,0,0,0,0,1,0,none,,0,none,,,0,0,0,none,,0,none,,1,middle,394,direction_change,1,Quadratic Trend,Trend Shift,0,0,0,0,0,1,0,1,0,0,0,0,0,0,1,0
2020-09-29,0.6050187899672677,0,0,0,1,0,0,0,1,0,0,0,0,0,0,0,0,0,1,0,none,,0,none,,,0,0,0,none,,0,none,,1,middle,394,direction_change,1,Quadratic Trend,Trend Shift,0,0,0,0,0,1,0,1,0,0,0,0,0,0,1,0
2020-09-30,0.686983685314116,0,0,0,1,0,0,0,1,0,0,0,0,0,0,0,0,0,1,0,none,,0,none,,,0,0,0,none,,0,none,,1,middle,394,direction_change,1,Quadratic Trend,Trend Shift,0,0,0,0,0,1,0,1,0,0,0,0,0,0,1,0
2020-10-01,0.7053596279877057,0,0,0,1,0,0,0,1,0,0,0,0,0,0,0,0,0,1,0,none,,0,none,,,0,0,0,none,,0,none,,1,middle,394,direction_change,1,Quadratic Trend,Trend Shift,0,0,0,0,0,1,0,1,0,0,0,0,0,0,1,0
2020-10-02,0.7437556848869794,0,0,0,1,0,0,0,1,0,0,0,0,0,0,0,0,0,1,0,none,,0,none,,,0,0,0,none,,0,none,,1,middle,394,direction_change,1,Quadratic Trend,Trend Shift,0,0,0,0,0,1,0,1,0,0,0,0,0,0,1,0
2020-10-03,0.6954299311842863,0,0,0,1,0,0,0,1,0,0,0,0,0,0,0,0,0,1,0,none,,0,none,,,0,0,0,none,,0,none,,1,middle,394,direction_change,1,Quadratic Trend,Trend Shift,0,0,0,0,0,1,0,1,0,0,0,0,0,0,1,0
2020-10-04,0.7613184056774749,0,0,0,1,0,0,0,1,0,0,0,0,0,0,0,0,0,1,0,none,,0,none,,,0,0,0,none,,0,none,,1,middle,394,direction_change,1,Quadratic Trend,Trend Shift,0,0,0,0,0,1,0,1,0,0,0,0,0,0,1,0
2020-10-05,0.7612442885760823,0,0,0,1,0,0,0,1,0,0,0,0,0,0,0,0,0,1,0,none,,0,none,,,0,0,0,none,,0,none,,1,middle,394,direction_change,1,Quadratic Trend,Trend Shift,0,0,0,0,0,1,0,1,0,0,0,0,0,0,1,0
2020-10-06,0.7277752893805203,0,0,0,1,0,0,0,1,0,0,0,0,0,0,0,0,0,1,0,none,,0,none,,,0,0,0,none,,0,none,,1,middle,394,direction_change,1,Quadratic Trend,Trend Shift,0,0,0,0,0,1,0,1,0,0,0,0,0,0,1,0
2020-10-07,0.7159784883321128,0,0,0,1,0,0,0,1,0,0,0,0,0,0,0,0,0,1,0,none,,0,none,,,0,0,0,none,,0,none,,1,middle,394,direction_change,1,Quadratic Trend,Trend Shift,0,0,0,0,0,1,0,1,0,0,0,0,0,0,1,0
2020-10-08,0.8094562473910709,0,0,0,1,0,0,0,1,0,0,0,0,0,0,0,0,0,1,0,none,,0,none,,,0,0,0,none,,0,none,,1,middle,394,direction_change,1,Quadratic Trend,Trend Shift,0,0,0,0,0,1,0,1,0,0,0,0,0,0,1,0
2020-10-09,0.7342557809360057,0,0,0,1,0,0,0,1,0,0,0,0,0,0,0,0,0,1,0,none,,0,none,,,0,0,0,none,,0,none,,1,middle,394,direction_change,1,Quadratic Trend,Trend Shift,0,0,0,0,0,1,0,1,0,0,0,0,0,0,1,0
2020-10-10,0.7492708981284255,0,0,0,1,0,0,0,1,0,0,0,0,0,0,0,0,0,1,0,none,,0,none,,,0,0,0,none,,0,none,,1,middle,394,direction_change,1,Quadratic Trend,Trend Shift,0,0,0,0,0,1,0,1,0,0,0,0,0,0,1,0
2020-10-11,0.7576767811277518,0,0,0,1,0,0,0,1,0,0,0,0,0,0,0,0,0,1,0,none,,0,none,,,0,0,0,none,,0,none,,1,middle,394,direction_change,1,Quadratic Trend,Trend Shift,0,0,0,0,0,1,0,1,0,0,0,0,0,0,1,0
2020-10-12,0.7633329842108418,0,0,0,1,0,0,0,1,0,0,0,0,0,0,0,0,0,1,0,none,,0,none,,,0,0,0,none,,0,none,,1,middle,394,direction_change,1,Quadratic Trend,Trend Shift,0,0,0,0,0,1,0,1,0,0,0,0,0,0,1,0
2020-10-13,0.7968198790206396,0,0,0,1,0,0,0,1,0,0,0,0,0,0,0,0,0,1,0,none,,0,none,,,0,0,0,none,,0,none,,1,middle,394,direction_change,1,Quadratic Trend,Trend Shift,0,0,0,0,0,1,0,1,0,0,0,0,0,0,1,0
2020-10-14,0.7881250533526845,0,0,0,1,0,0,0,1,0,0,0,0,0,0,0,0,0,1,0,none,,0,none,,,0,0,0,none,,0,none,,1,middle,394,direction_change,1,Quadratic Trend,Trend Shift,0,0,0,0,0,1,0,1,0,0,0,0,0,0,1,0
2020-10-15,0.8212762050030915,0,0,0,1,0,0,0,1,0,0,0,0,0,0,0,0,0,1,0,none,,0,none,,,0,0,0,none,,0,none,,1,middle,394,direction_change,1,Quadratic Trend,Trend Shift,0,0,0,0,0,1,0,1,0,0,0,0,0,0,1,0
2020-10-16,0.7932456959453811,0,0,0,1,0,0,0,1,0,0,0,0,0,0,0,0,0,1,0,none,,0,none,,,0,0,0,none,,0,none,,1,middle,394,direction_change,1,Quadratic Trend,Trend Shift,0,0,0,0,0,1,0,1,0,0,0,0,0,0,1,0
2020-10-17,0.7737409324289006,0,0,0,1,0,0,0,1,0,0,0,0,0,0,0,0,0,1,0,none,,0,none,,,0,0,0,none,,0,none,,1,middle,394,direction_change,1,Quadratic Trend,Trend Shift,0,0,0,0,0,1,0,1,0,0,0,0,0,0,1,0
2020-10-18,0.821132365846108,0,0,0,1,0,0,0,1,0,0,0,0,0,0,0,0,0,1,0,none,,0,none,,,0,0,0,none,,0,none,,1,middle,394,direction_change,1,Quadratic Trend,Trend Shift,0,0,0,0,0,1,0,1,0,0,0,0,0,0,1,0
2020-10-19,0.871048126533345,0,0,0,1,0,0,0,1,0,0,0,0,0,0,0,0,0,1,0,none,,0,none,,,0,0,0,none,,0,none,,1,middle,394,direction_change,1,Quadratic Trend,Trend Shift,0,0,0,0,0,1,0,1,0,0,0,0,0,0,1,0
2020-10-20,0.8567364495971411,0,0,0,1,0,0,0,1,0,0,0,0,0,0,0,0,0,1,0,none,,0,none,,,0,0,0,none,,0,none,,1,middle,394,direction_change,1,Quadratic Trend,Trend Shift,0,0,0,0,0,1,0,1,0,0,0,0,0,0,1,0
2020-10-21,0.8524550631599794,0,0,0,1,0,0,0,1,0,0,0,0,0,0,0,0,0,1,0,none,,0,none,,,0,0,0,none,,0,none,,1,middle,394,direction_change,1,Quadratic Trend,Trend Shift,0,0,0,0,0,1,0,1,0,0,0,0,0,0,1,0
2020-10-22,0.8864179936534364,0,0,0,1,0,0,0,1,0,0,0,0,0,0,0,0,0,1,0,none,,0,none,,,0,0,0,none,,0,none,,1,middle,394,direction_change,1,Quadratic Trend,Trend Shift,0,0,0,0,0,1,0,1,0,0,0,0,0,0,1,0
2020-10-23,0.8811197637774915,0,0,0,1,0,0,0,1,0,0,0,0,0,0,0,0,0,1,0,none,,0,none,,,0,0,0,none,,0,none,,1,middle,394,direction_change,1,Quadratic Trend,Trend Shift,0,0,0,0,0,1,0,1,0,0,0,0,0,0,1,0
2020-10-24,0.9821640373555751,0,0,0,1,0,0,0,1,0,0,0,0,0,0,0,0,0,1,0,none,,0,none,,,0,0,0,none,,0,none,,1,middle,394,direction_change,1,Quadratic Trend,Trend Shift,0,0,0,0,0,1,0,1,0,0,0,0,0,0,1,0
2020-10-25,0.936219481411374,0,0,0,1,0,0,0,1,0,0,0,0,0,0,0,0,0,1,0,none,,0,none,,,0,0,0,none,,0,none,,1,middle,394,direction_change,1,Quadratic Trend,Trend Shift,0,0,0,0,0,1,0,1,0,0,0,0,0,0,1,0
2020-10-26,0.9135385999819403,0,0,0,1,0,0,0,1,0,0,0,0,0,0,0,0,0,1,0,none,,0,none,,,0,0,0,none,,0,none,,1,middle,394,direction_change,1,Quadratic Trend,Trend Shift,0,0,0,0,0,1,0,1,0,0,0,0,0,0,1,0
2020-10-27,0.9246042040848551,0,0,0,1,0,0,0,1,0,0,0,0,0,0,0,0,0,1,0,none,,0,none,,,0,0,0,none,,0,none,,1,middle,394,direction_change,1,Quadratic Trend,Trend Shift,0,0,0,0,0,1,0,1,0,0,0,0,0,0,1,0
2020-10-28,0.923609211037282,0,0,0,1,0,0,0,1,0,0,0,0,0,0,0,0,0,1,0,none,,0,none,,,0,0,0,none,,0,none,,1,middle,394,direction_change,1,Quadratic Trend,Trend Shift,0,0,0,0,0,1,0,1,0,0,0,0,0,0,1,0
2020-10-29,0.9645177860637911,0,0,0,1,0,0,0,1,0,0,0,0,0,0,0,0,0,1,0,none,,0,none,,,0,0,0,none,,0,none,,1,middle,394,direction_change,1,Quadratic Trend,Trend Shift,0,0,0,0,0,1,0,1,0,0,0,0,0,0,1,0
2020-10-30,0.9821409494080088,0,0,0,1,0,0,0,1,0,0,0,0,0,0,0,0,0,1,0,none,,0,none,,,0,0,0,none,,0,none,,1,middle,394,direction_change,1,Quadratic Trend,Trend Shift,0,0,0,0,0,1,0,1,0,0,0,0,0,0,1,0
2020-10-31,0.9919246395628404,0,0,0,1,0,0,0,1,0,0,0,0,0,0,0,0,0,1,0,none,,0,none,,,0,0,0,none,,0,none,,1,middle,394,direction_change,1,Quadratic Trend,Trend Shift,0,0,0,0,0,1,0,1,0,0,0,0,0,0,1,0
2020-11-01,0.9462223158122238,0,0,0,1,0,0,0,1,0,0,0,0,0,0,0,0,0,1,0,none,,0,none,,,0,0,0,none,,0,none,,1,middle,394,direction_change,1,Quadratic Trend,Trend Shift,0,0,0,0,0,1,0,1,0,0,0,0,0,0,1,0
2020-11-02,0.9356278415649733,0,0,0,1,0,0,0,1,0,0,0,0,0,0,0,0,0,1,0,none,,0,none,,,0,0,0,none,,0,none,,1,middle,394,direction_change,1,Quadratic Trend,Trend Shift,0,0,0,0,0,1,0,1,0,0,0,0,0,0,1,0
2020-11-03,1.0112806517469795,0,0,0,1,0,0,0,1,0,0,0,0,0,0,0,0,0,1,0,none,,0,none,,,0,0,0,none,,0,none,,1,middle,394,direction_change,1,Quadratic Trend,Trend Shift,0,0,0,0,0,1,0,1,0,0,0,0,0,0,1,0
2020-11-04,1.022512541514869,0,0,0,1,0,0,0,1,0,0,0,0,0,0,0,0,0,1,0,none,,0,none,,,0,0,0,none,,0,none,,1,middle,394,direction_change,1,Quadratic Trend,Trend Shift,0,0,0,0,0,1,0,1,0,0,0,0,0,0,1,0
2020-11-05,0.9746232674574886,0,0,0,1,0,0,0,1,0,0,0,0,0,0,0,0,0,1,0,none,,0,none,,,0,0,0,none,,0,none,,1,middle,394,direction_change,1,Quadratic Trend,Trend Shift,0,0,0,0,0,1,0,1,0,0,0,0,0,0,1,0
2020-11-06,1.049255374042606,0,0,0,1,0,0,0,1,0,0,0,0,0,0,0,0,0,1,0,none,,0,none,,,0,0,0,none,,0,none,,1,middle,394,direction_change,1,Quadratic Trend,Trend Shift,0,0,0,0,0,1,0,1,0,0,0,0,0,0,1,0
2020-11-07,1.0380898124442146,0,0,0,1,0,0,0,1,0,0,0,0,0,0,0,0,0,1,0,none,,0,none,,,0,0,0,none,,0,none,,1,middle,394,direction_change,1,Quadratic Trend,Trend Shift,0,0,0,0,0,1,0,1,0,0,0,0,0,0,1,0
2020-11-08,1.049517739732129,0,0,0,1,0,0,0,1,0,0,0,0,0,0,0,0,0,1,0,none,,0,none,,,0,0,0,none,,0,none,,1,middle,394,direction_change,1,Quadratic Trend,Trend Shift,0,0,0,0,0,1,0,1,0,0,0,0,0,0,1,0
2020-11-09,1.0234460542696677,0,0,0,1,0,0,0,1,0,0,0,0,0,0,0,0,0,1,0,none,,0,none,,,0,0,0,none,,0,none,,1,middle,394,direction_change,1,Quadratic Trend,Trend Shift,0,0,0,0,0,1,0,1,0,0,0,0,0,0,1,0
2020-11-10,1.0094814870335445,0,0,0,1,0,0,0,1,0,0,0,0,0,0,0,0,0,1,0,none,,0,none,,,0,0,0,none,,0,none,,1,middle,394,direction_change,1,Quadratic Trend,Trend Shift,0,0,0,0,0,1,0,1,0,0,0,0,0,0,1,0
2020-11-11,1.019443539107918,0,0,0,1,0,0,0,1,0,0,0,0,0,0,0,0,0,1,0,none,,0,none,,,0,0,0,none,,0,none,,1,middle,394,direction_change,1,Quadratic Trend,Trend Shift,0,0,0,0,0,1,0,1,0,0,0,0,0,0,1,0
2020-11-12,1.0146147812586053,0,0,0,1,0,0,0,1,0,0,0,0,0,0,0,0,0,1,0,none,,0,none,,,0,0,0,none,,0,none,,1,middle,394,direction_change,1,Quadratic Trend,Trend Shift,0,0,0,0,0,1,0,1,0,0,0,0,0,0,1,0
2020-11-13,1.0569266375730013,0,0,0,1,0,0,0,1,0,0,0,0,0,0,0,0,0,1,0,none,,0,none,,,0,0,0,none,,0,none,,1,middle,394,direction_change,1,Quadratic Trend,Trend Shift,0,0,0,0,0,1,0,1,0,0,0,0,0,0,1,0
2020-11-14,1.0615247880291931,0,0,0,1,0,0,0,1,0,0,0,0,0,0,0,0,0,1,0,none,,0,none,,,0,0,0,none,,0,none,,1,middle,394,direction_change,1,Quadratic Trend,Trend Shift,0,0,0,0,0,1,0,1,0,0,0,0,0,0,1,0
2020-11-15,1.033401631988785,0,0,0,1,0,0,0,1,0,0,0,0,0,0,0,0,0,1,0,none,,0,none,,,0,0,0,none,,0,none,,1,middle,394,direction_change,1,Quadratic Trend,Trend Shift,0,0,0,0,0,1,0,1,0,0,0,0,0,0,1,0
2020-11-16,1.0889284916656852,0,0,0,1,0,0,0,1,0,0,0,0,0,0,0,0,0,1,0,none,,0,none,,,0,0,0,none,,0,none,,1,middle,394,direction_change,1,Quadratic Trend,Trend Shift,0,0,0,0,0,1,0,1,0,0,0,0,0,0,1,0
2020-11-17,1.1087754274339603,0,0,0,1,0,0,0,1,0,0,0,0,0,0,0,0,0,1,0,none,,0,none,,,0,0,0,none,,0,none,,1,middle,394,direction_change,1,Quadratic Trend,Trend Shift,0,0,0,0,0,1,0,1,0,0,0,0,0,0,1,0
2020-11-18,1.1169758143068447,0,0,0,1,0,0,0,1,0,0,0,0,0,0,0,0,0,1,0,none,,0,none,,,0,0,0,none,,0,none,,1,middle,394,direction_change,1,Quadratic Trend,Trend Shift,0,0,0,0,0,1,0,1,0,0,0,0,0,0,1,0
2020-11-19,1.1005062660128249,0,0,0,1,0,0,0,1,0,0,0,0,0,0,0,0,0,1,0,none,,0,none,,,0,0,0,none,,0,none,,1,middle,394,direction_change,1,Quadratic Trend,Trend Shift,0,0,0,0,0,1,0,1,0,0,0,0,0,0,1,0
2020-11-20,1.160086979993729,0,0,0,1,0,0,0,1,0,0,0,0,0,0,0,0,0,1,0,none,,0,none,,,0,0,0,none,,0,none,,1,middle,394,direction_change,1,Quadratic Trend,Trend Shift,0,0,0,0,0,1,0,1,0,0,0,0,0,0,1,0
2020-11-21,1.190292420918699,0,0,0,1,0,0,0,1,0,0,0,0,0,0,0,0,0,1,0,none,,0,none,,,0,0,0,none,,0,none,,1,middle,394,direction_change,1,Quadratic Trend,Trend Shift,0,0,0,0,0,1,0,1,0,0,0,0,0,0,1,0
2020-11-22,1.1509169411791795,0,0,0,1,0,0,0,1,0,0,0,0,0,0,0,0,0,1,0,none,,0,none,,,0,0,0,none,,0,none,,1,middle,394,direction_change,1,Quadratic Trend,Trend Shift,0,0,0,0,0,1,0,1,0,0,0,0,0,0,1,0
2020-11-23,1.1394706300750947,0,0,0,1,0,0,0,1,0,0,0,0,0,0,0,0,0,1,0,none,,0,none,,,0,0,0,none,,0,none,,1,middle,394,direction_change,1,Quadratic Trend,Trend Shift,0,0,0,0,0,1,0,1,0,0,0,0,0,0,1,0
2020-11-24,1.1211249997405015,0,0,0,1,0,0,0,1,0,0,0,0,0,0,0,0,0,1,0,none,,0,none,,,0,0,0,none,,0,none,,1,middle,394,direction_change,1,Quadratic Trend,Trend Shift,0,0,0,0,0,1,0,1,0,0,0,0,0,0,1,0
2020-11-25,1.2023988795974834,0,0,0,1,0,0,0,1,0,0,0,0,0,0,0,0,0,1,0,none,,0,none,,,0,0,0,none,,0,none,,1,middle,394,direction_change,1,Quadratic Trend,Trend Shift,0,0,0,0,0,1,0,1,0,0,0,0,0,0,1,0
2020-11-26,1.1661580847945678,0,0,0,1,0,0,0,1,0,0,0,0,0,0,0,0,0,1,0,none,,0,none,,,0,0,0,none,,0,none,,1,middle,394,direction_change,1,Quadratic Trend,Trend Shift,0,0,0,0,0,1,0,1,0,0,0,0,0,0,1,0
2020-11-27,1.2164980842344268,0,0,0,1,0,0,0,1,0,0,0,0,0,0,0,0,0,1,0,none,,0,none,,,0,0,0,none,,0,none,,1,middle,394,direction_change,1,Quadratic Trend,Trend Shift,0,0,0,0,0,1,0,1,0,0,0,0,0,0,1,0
2020-11-28,1.210357936135349,0,0,0,1,0,0,0,1,0,0,0,0,0,0,0,0,0,1,0,none,,0,none,,,0,0,0,none,,0,none,,1,middle,394,direction_change,1,Quadratic Trend,Trend Shift,0,0,0,0,0,1,0,1,0,0,0,0,0,0,1,0
2020-11-29,1.1557325423731732,0,0,0,1,0,0,0,1,0,0,0,0,0,0,0,0,0,1,0,none,,0,none,,,0,0,0,none,,0,none,,1,middle,394,direction_change,1,Quadratic Trend,Trend Shift,0,0,0,0,0,1,0,1,0,0,0,0,0,0,1,0
2020-11-30,1.2228383163756311,0,0,0,1,0,0,0,1,0,0,0,0,0,0,0,0,0,1,0,none,,0,none,,,0,0,0,none,,0,none,,1,middle,394,direction_change,1,Quadratic Trend,Trend Shift,0,0,0,0,0,1,0,1,0,0,0,0,0,0,1,0
2020-12-01,1.2380492575252624,0,0,0,1,0,0,0,1,0,0,0,0,0,0,0,0,0,1,0,none,,0,none,,,0,0,0,none,,0,none,,1,middle,394,direction_change,1,Quadratic Trend,Trend Shift,0,0,0,0,0,1,0,1,0,0,0,0,0,0,1,0
2020-12-02,1.2362966731837806,0,0,0,1,0,0,0,1,0,0,0,0,0,0,0,0,0,1,0,none,,0,none,,,0,0,0,none,,0,none,,1,middle,394,direction_change,1,Quadratic Trend,Trend Shift,0,0,0,0,0,1,0,1,0,0,0,0,0,0,1,0
2020-12-03,1.268264789084906,0,0,0,1,0,0,0,1,0,0,0,0,0,0,0,0,0,1,0,none,,0,none,,,0,0,0,none,,0,none,,1,middle,394,direction_change,1,Quadratic Trend,Trend Shift,0,0,0,0,0,1,0,1,0,0,0,0,0,0,1,0
2020-12-04,1.2692734050517787,0,0,0,1,0,0,0,1,0,0,0,0,0,0,0,0,0,1,0,none,,0,none,,,0,0,0,none,,0,none,,1,middle,394,direction_change,1,Quadratic Trend,Trend Shift,0,0,0,0,0,1,0,1,0,0,0,0,0,0,1,0
2020-12-05,1.2620560669809064,0,0,0,1,0,0,0,1,0,0,0,0,0,0,0,0,0,1,0,none,,0,none,,,0,0,0,none,,0,none,,1,middle,394,direction_change,1,Quadratic Trend,Trend Shift,0,0,0,0,0,1,0,1,0,0,0,0,0,0,1,0
2020-12-06,1.27196095713338,0,0,0,1,0,0,0,1,0,0,0,0,0,0,0,0,0,1,0,none,,0,none,,,0,0,0,none,,0,none,,1,middle,394,direction_change,1,Quadratic Trend,Trend Shift,0,0,0,0,0,1,0,1,0,0,0,0,0,0,1,0
2020-12-07,1.2620872474471037,0,0,0,1,0,0,0,1,0,0,0,0,0,0,0,0,0,1,0,none,,0,none,,,0,0,0,none,,0,none,,1,middle,394,direction_change,1,Quadratic Trend,Trend Shift,0,0,0,0,0,1,0,1,0,0,0,0,0,0,1,0
2020-12-08,1.3083343225367638,0,0,0,1,0,0,0,1,0,0,0,0,0,0,0,0,0,1,0,none,,0,none,,,0,0,0,none,,0,none,,1,middle,394,direction_change,1,Quadratic Trend,Trend Shift,0,0,0,0,0,1,0,1,0,0,0,0,0,0,1,0
2020-12-09,1.3087467631079317,0,0,0,1,0,0,0,1,0,0,0,0,0,0,0,0,0,1,0,none,,0,none,,,0,0,0,none,,0,none,,1,middle,394,direction_change,1,Quadratic Trend,Trend Shift,0,0,0,0,0,1,0,1,0,0,0,0,0,0,1,0
2020-12-10,1.2842938398538166,0,0,0,1,0,0,0,1,0,0,0,0,0,0,0,0,0,1,0,none,,0,none,,,0,0,0,none,,0,none,,1,middle,394,direction_change,1,Quadratic Trend,Trend Shift,0,0,0,0,0,1,0,1,0,0,0,0,0,0,1,0
2020-12-11,1.2950615876216578,0,0,0,1,0,0,0,1,0,0,0,0,0,0,0,0,0,1,0,none,,0,none,,,0,0,0,none,,0,none,,1,middle,394,direction_change,1,Quadratic Trend,Trend Shift,0,0,0,0,0,1,0,1,0,0,0,0,0,0,1,0
2020-12-12,1.2962389721804939,0,0,0,1,0,0,0,1,0,0,0,0,0,0,0,0,0,1,0,none,,0,none,,,0,0,0,none,,0,none,,1,middle,394,direction_change,1,Quadratic Trend,Trend Shift,0,0,0,0,0,1,0,1,0,0,0,0,0,0,1,0
2020-12-13,1.3474781022667524,0,0,0,1,0,0,0,1,0,0,0,0,0,0,0,0,0,1,0,none,,0,none,,,0,0,0,none,,0,none,,1,middle,394,direction_change,1,Quadratic Trend,Trend Shift,0,0,0,0,0,1,0,1,0,0,0,0,0,0,1,0
2020-12-14,1.3671198415016284,0,0,0,1,0,0,0,1,0,0,0,0,0,0,0,0,0,1,0,none,,0,none,,,0,0,0,none,,0,none,,1,middle,394,direction_change,1,Quadratic Trend,Trend Shift,0,0,0,0,0,1,0,1,0,0,0,0,0,0,1,0
2020-12-15,1.3657632067298269,0,0,0,1,0,0,0,1,0,0,0,0,0,0,0,0,0,1,0,none,,0,none,,,0,0,0,none,,0,none,,1,middle,394,direction_change,1,Quadratic Trend,Trend Shift,0,0,0,0,0,1,0,1,0,0,0,0,0,0,1,0
2020-12-16,1.363345849406735,0,0,0,1,0,0,0,1,0,0,0,0,0,0,0,0,0,1,0,none,,0,none,,,0,0,0,none,,0,none,,1,middle,394,direction_change,1,Quadratic Trend,Trend Shift,0,0,0,0,0,1,0,1,0,0,0,0,0,0,1,0
2020-12-17,1.371598081468238,0,0,0,1,0,0,0,1,0,0,0,0,0,0,0,0,0,1,0,none,,0,none,,,0,0,0,none,,0,none,,1,middle,394,direction_change,1,Quadratic Trend,Trend Shift,0,0,0,0,0,1,0,1,0,0,0,0,0,0,1,0
2020-12-18,1.3518615156299463,0,0,0,1,0,0,0,1,0,0,0,0,0,0,0,0,0,1,0,none,,0,none,,,0,0,0,none,,0,none,,1,middle,394,direction_change,1,Quadratic Trend,Trend Shift,0,0,0,0,0,1,0,1,0,0,0,0,0,0,1,0
2020-12-19,1.408641782499911,0,0,0,1,0,0,0,1,0,0,0,0,0,0,0,0,0,1,0,none,,0,none,,,0,0,0,none,,0,none,,1,middle,394,direction_change,1,Quadratic Trend,Trend Shift,0,0,0,0,0,1,0,1,0,0,0,0,0,0,1,0
2020-12-20,1.4096388022942794,0,0,0,1,0,0,0,1,0,0,0,0,0,0,0,0,0,1,0,none,,0,none,,,0,0,0,none,,0,none,,1,middle,394,direction_change,1,Quadratic Trend,Trend Shift,0,0,0,0,0,1,0,1,0,0,0,0,0,0,1,0
2020-12-21,1.4130331583125264,0,0,0,1,0,0,0,1,0,0,0,0,0,0,0,0,0,1,0,none,,0,none,,,0,0,0,none,,0,none,,1,middle,394,direction_change,1,Quadratic Trend,Trend Shift,0,0,0,0,0,1,0,1,0,0,0,0,0,0,1,0
2020-12-22,1.3643485953644645,0,0,0,1,0,0,0,1,0,0,0,0,0,0,0,0,0,1,0,none,,0,none,,,0,0,0,none,,0,none,,1,middle,394,direction_change,1,Quadratic Trend,Trend Shift,0,0,0,0,0,1,0,1,0,0,0,0,0,0,1,0
2020-12-23,1.4116436670705286,0,0,0,1,0,0,0,1,0,0,0,0,0,0,0,0,0,1,0,none,,0,none,,,0,0,0,none,,0,none,,1,middle,394,direction_change,1,Quadratic Trend,Trend Shift,0,0,0,0,0,1,0,1,0,0,0,0,0,0,1,0
2020-12-24,1.439983661395007,0,0,0,1,0,0,0,1,0,0,0,0,0,0,0,0,0,1,0,none,,0,none,,,0,0,0,none,,0,none,,1,middle,394,direction_change,1,Quadratic Trend,Trend Shift,0,0,0,0,0,1,0,1,0,0,0,0,0,0,1,0
2020-12-25,1.4709314491148051,0,0,0,1,0,0,0,1,0,0,0,0,0,0,0,0,0,1,0,none,,0,none,,,0,0,0,none,,0,none,,1,middle,394,direction_change,1,Quadratic Trend,Trend Shift,0,0,0,0,0,1,0,1,0,0,0,0,0,0,1,0
2020-12-26,1.437481484388822,0,0,0,1,0,0,0,1,0,0,0,0,0,0,0,0,0,1,0,none,,0,none,,,0,0,0,none,,0,none,,1,middle,394,direction_change,1,Quadratic Trend,Trend Shift,0,0,0,0,0,1,0,1,0,0,0,0,0,0,1,0
2020-12-27,1.4467587035773415,0,0,0,1,0,0,0,1,0,0,0,0,0,0,0,0,0,1,0,none,,0,none,,,0,0,0,none,,0,none,,1,middle,394,direction_change,1,Quadratic Trend,Trend Shift,0,0,0,0,0,1,0,1,0,0,0,0,0,0,1,0
2020-12-28,1.4798294850350164,0,0,0,1,0,0,0,1,0,0,0,0,0,0,0,0,0,1,0,none,,0,none,,,0,0,0,none,,0,none,,1,middle,394,direction_change,1,Quadratic Trend,Trend Shift,0,0,0,0,0,1,0,1,0,0,0,0,0,0,1,0
2020-12-29,1.4500210499546562,0,0,0,1,0,0,0,1,0,0,0,0,0,0,0,0,0,1,0,none,,0,none,,,0,0,0,none,,0,none,,1,middle,394,direction_change,1,Quadratic Trend,Trend Shift,0,0,0,0,0,1,0,1,0,0,0,0,0,0,1,0
2020-12-30,1.4761655907593594,0,0,0,1,0,0,0,1,0,0,0,0,0,0,0,0,0,1,0,none,,0,none,,,0,0,0,none,,0,none,,1,middle,394,direction_change,1,Quadratic Trend,Trend Shift,0,0,0,0,0,1,0,1,0,0,0,0,0,0,1,0
2020-12-31,1.459924155123544,0,0,0,1,0,0,0,1,0,0,0,0,0,0,0,0,0,1,0,none,,0,none,,,0,0,0,none,,0,none,,1,middle,394,direction_change,1,Quadratic Trend,Trend Shift,0,0,0,0,0,1,0,1,0,0,0,0,0,0,1,0
2021-01-01,1.5362816475182846,0,0,0,1,0,0,0,1,0,0,0,0,0,0,0,0,0,1,0,none,,0,none,,,0,0,0,none,,0,none,,1,middle,394,direction_change,1,Quadratic Trend,Trend Shift,0,0,0,0,0,1,0,1,0,0,0,0,0,0,1,0
2021-01-02,1.4976582987565492,0,0,0,1,0,0,0,1,0,0,0,0,0,0,0,0,0,1,0,none,,0,none,,,0,0,0,none,,0,none,,1,middle,394,direction_change,1,Quadratic Trend,Trend Shift,0,0,0,0,0,1,0,1,0,0,0,0,0,0,1,0
2021-01-03,1.4958158017500502,0,0,0,1,0,0,0,1,0,0,0,0,0,0,0,0,0,1,0,none,,0,none,,,0,0,0,none,,0,none,,1,middle,394,direction_change,1,Quadratic Trend,Trend Shift,0,0,0,0,0,1,0,1,0,0,0,0,0,0,1,0
2021-01-04,1.5039217759183292,0,0,0,1,0,0,0,1,0,0,0,0,0,0,0,0,0,1,0,none,,0,none,,,0,0,0,none,,0,none,,1,middle,394,direction_change,1,Quadratic Trend,Trend Shift,0,0,0,0,0,1,0,1,0,0,0,0,0,0,1,0
2021-01-05,1.4968042091945464,0,0,0,1,0,0,0,1,0,0,0,0,0,0,0,0,0,1,0,none,,0,none,,,0,0,0,none,,0,none,,1,middle,394,direction_change,1,Quadratic Trend,Trend Shift,0,0,0,0,0,1,0,1,0,0,0,0,0,0,1,0
2021-01-06,1.5829779309830543,0,0,0,1,0,0,0,1,0,0,0,0,0,0,0,0,0,1,0,none,,0,none,,,0,0,0,none,,0,none,,1,middle,394,direction_change,1,Quadratic Trend,Trend Shift,0,0,0,0,0,1,0,1,0,0,0,0,0,0,1,0
2021-01-07,1.5257311079572855,0,0,0,1,0,0,0,1,0,0,0,0,0,0,0,0,0,1,0,none,,0,none,,,0,0,0,none,,0,none,,1,middle,394,direction_change,1,Quadratic Trend,Trend Shift,0,0,0,0,0,1,0,1,0,0,0,0,0,0,1,0
2021-01-08,1.5570960966435767,0,0,0,1,0,0,0,1,0,0,0,0,0,0,0,0,0,1,0,none,,0,none,,,0,0,0,none,,0,none,,1,middle,394,direction_change,1,Quadratic Trend,Trend Shift,0,0,0,0,0,1,0,1,0,0,0,0,0,0,1,0
2021-01-09,1.573472021479313,0,0,0,1,0,0,0,1,0,0,0,0,0,0,0,0,0,1,0,none,,0,none,,,0,0,0,none,,0,none,,1,middle,394,direction_change,1,Quadratic Trend,Trend Shift,0,0,0,0,0,1,0,1,0,0,0,0,0,0,1,0
2021-01-10,1.5961298858995008,0,0,0,1,0,0,0,1,0,0,0,0,0,0,0,0,0,1,0,none,,0,none,,,0,0,0,none,,0,none,,1,middle,394,direction_change,1,Quadratic Trend,Trend Shift,0,0,0,0,0,1,0,1,0,0,0,0,0,0,1,0
2021-01-11,1.5908706814854672,0,0,0,1,0,0,0,1,0,0,0,0,0,0,0,0,0,1,0,none,,0,none,,,0,0,0,none,,0,none,,1,middle,394,direction_change,1,Quadratic Trend,Trend Shift,0,0,0,0,0,1,0,1,0,0,0,0,0,0,1,0
2021-01-12,1.6084875964377405,0,0,0,1,0,0,0,1,0,0,0,0,0,0,0,0,0,1,0,none,,0,none,,,0,0,0,none,,0,none,,1,middle,394,direction_change,1,Quadratic Trend,Trend Shift,0,0,0,0,0,1,0,1,0,0,0,0,0,0,1,0
2021-01-13,1.6090743586376342,0,0,0,1,0,0,0,1,0,0,0,0,0,0,0,0,0,1,0,none,,0,none,,,0,0,0,none,,0,none,,1,middle,394,direction_change,1,Quadratic Trend,Trend Shift,0,0,0,0,0,1,0,1,0,0,0,0,0,0,1,0
2021-01-14,1.5822493880322743,0,0,0,1,0,0,0,1,0,0,0,0,0,0,0,0,0,1,0,none,,0,none,,,0,0,0,none,,0,none,,1,middle,394,direction_change,1,Quadratic Trend,Trend Shift,0,0,0,0,0,1,0,1,0,0,0,0,0,0,1,0
2021-01-15,1.6405851455599112,0,0,0,1,0,0,0,1,0,0,0,0,0,0,0,0,0,1,0,none,,0,none,,,0,0,0,none,,0,none,,1,middle,394,direction_change,1,Quadratic Trend,Trend Shift,0,0,0,0,0,1,0,1,0,0,0,0,0,0,1,0
2021-01-16,1.5658823322148248,0,0,0,1,0,0,0,1,0,0,0,0,0,0,0,0,0,1,0,none,,0,none,,,0,0,0,none,,0,none,,1,middle,394,direction_change,1,Quadratic Trend,Trend Shift,0,0,0,0,0,1,0,1,0,0,0,0,0,0,1,0
2021-01-17,1.6728111888064399,0,0,0,1,0,0,0,1,0,0,0,0,0,0,0,0,0,1,0,none,,0,none,,,0,0,0,none,,0,none,,1,middle,394,direction_change,1,Quadratic Trend,Trend Shift,0,0,0,0,0,1,0,1,0,0,0,0,0,0,1,0
2021-01-18,1.5806653907691657,0,0,0,1,0,0,0,1,0,0,0,0,0,0,0,0,0,1,0,none,,0,none,,,0,0,0,none,,0,none,,1,middle,394,direction_change,1,Quadratic Trend,Trend Shift,0,0,0,0,0,1,0,1,0,0,0,0,0,0,1,0
2021-01-19,1.659610014218914,0,0,0,1,0,0,0,1,0,0,0,0,0,0,0,0,0,1,0,none,,0,none,,,0,0,0,none,,0,none,,1,middle,394,direction_change,1,Quadratic Trend,Trend Shift,0,0,0,0,0,1,0,1,0,0,0,0,0,0,1,0
2021-01-20,1.6708951843334738,0,0,0,1,0,0,0,1,0,0,0,0,0,0,0,0,0,1,0,none,,0,none,,,0,0,0,none,,0,none,,1,middle,394,direction_change,1,Quadratic Trend,Trend Shift,0,0,0,0,0,1,0,1,0,0,0,0,0,0,1,0
2021-01-21,1.6730756209525899,0,0,0,1,0,0,0,1,0,0,0,0,0,0,0,0,0,1,0,none,,0,none,,,0,0,0,none,,0,none,,1,middle,394,direction_change,1,Quadratic Trend,Trend Shift,0,0,0,0,0,1,0,1,0,0,0,0,0,0,1,0
2021-01-22,1.7021705034609267,0,0,0,1,0,0,0,1,0,0,0,0,0,0,0,0,0,1,0,none,,0,none,,,0,0,0,none,,0,none,,1,middle,394,direction_change,1,Quadratic Trend,Trend Shift,0,0,0,0,0,1,0,1,0,0,0,0,0,0,1,0
2021-01-23,1.7068245306148395,0,0,0,1,0,0,0,1,0,0,0,0,0,0,0,0,0,1,0,none,,0,none,,,0,0,0,none,,0,none,,1,middle,394,direction_change,1,Quadratic Trend,Trend Shift,0,0,0,0,0,1,0,1,0,0,0,0,0,0,1,0
2021-01-24,1.682519342974565,0,0,0,1,0,0,0,1,0,0,0,0,0,0,0,0,0,1,0,none,,0,none,,,0,0,0,none,,0,none,,1,middle,394,direction_change,1,Quadratic Trend,Trend Shift,0,0,0,0,0,1,0,1,0,0,0,0,0,0,1,0
2021-01-25,1.6768006467553553,0,0,0,1,0,0,0,1,0,0,0,0,0,0,0,0,0,1,0,none,,0,none,,,0,0,0,none,,0,none,,1,middle,394,direction_change,1,Quadratic Trend,Trend Shift,0,0,0,0,0,1,0,1,0,0,0,0,0,0,1,0
2021-01-26,1.727322993256086,0,0,0,1,0,0,0,1,0,0,0,0,0,0,0,0,0,1,0,none,,0,none,,,0,0,0,none,,0,none,,1,middle,394,direction_change,1,Quadratic Trend,Trend Shift,0,0,0,0,0,1,0,1,0,0,0,0,0,0,1,0
2021-01-27,1.7682568201135211,0,0,0,1,0,0,0,1,0,0,0,0,0,0,0,0,0,1,0,none,,0,none,,,0,0,0,none,,0,none,,1,middle,394,direction_change,1,Quadratic Trend,Trend Shift,0,0,0,0,0,1,0,1,0,0,0,0,0,0,1,0
2021-01-28,1.7496821147809583,0,0,0,1,0,0,0,1,0,0,0,0,0,0,0,0,0,1,0,none,,0,none,,,0,0,0,none,,0,none,,1,middle,394,direction_change,1,Quadratic Trend,Trend Shift,0,0,0,0,0,1,0,1,0,0,0,0,0,0,1,0
2021-01-29,1.6955835150169862,0,0,0,1,0,0,0,1,0,0,0,0,0,0,0,0,0,1,0,none,,0,none,,,0,0,0,none,,0,none,,1,middle,394,direction_change,1,Quadratic Trend,Trend Shift,0,0,0,0,0,1,0,1,0,0,0,0,0,0,1,0
2021-01-30,1.7573811517128801,0,0,0,1,0,0,0,1,0,0,0,0,0,0,0,0,0,1,0,none,,0,none,,,0,0,0,none,,0,none,,1,middle,394,direction_change,1,Quadratic Trend,Trend Shift,0,0,0,0,0,1,0,1,0,0,0,0,0,0,1,0
2021-01-31,1.7014932926376012,0,0,0,1,0,0,0,1,0,0,0,0,0,0,0,0,0,1,0,none,,0,none,,,0,0,0,none,,0,none,,1,middle,394,direction_change,1,Quadratic Trend,Trend Shift,0,0,0,0,0,1,0,1,0,0,0,0,0,0,1,0
2021-02-01,1.7211651087315791,0,0,0,1,0,0,0,1,0,0,0,0,0,0,0,0,0,1,0,none,,0,none,,,0,0,0,none,,0,none,,1,middle,394,direction_change,1,Quadratic Trend,Trend Shift,0,0,0,0,0,1,0,1,0,0,0,0,0,0,1,0
2021-02-02,1.6750916780353353,0,0,0,1,0,0,0,1,0,0,0,0,0,0,0,0,0,1,0,none,,0,none,,,0,0,0,none,,0,none,,1,middle,394,direction_change,1,Quadratic Trend,Trend Shift,0,0,0,0,0,1,0,1,0,0,0,0,0,0,1,0
2021-02-03,1.7507460335056888,0,0,0,1,0,0,0,1,0,0,0,0,0,0,0,0,0,1,0,none,,0,none,,,0,0,0,none,,0,none,,1,middle,394,direction_change,1,Quadratic Trend,Trend Shift,0,0,0,0,0,1,0,1,0,0,0,0,0,0,1,0
2021-02-04,1.692928217471495,0,0,0,1,0,0,0,1,0,0,0,0,0,0,0,0,0,1,0,none,,0,none,,,0,0,0,none,,0,none,,1,middle,394,direction_change,1,Quadratic Trend,Trend Shift,0,0,0,0,0,1,0,1,0,0,0,0,0,0,1,0
2021-02-05,1.6639093878432065,0,0,0,1,0,0,0,1,0,0,0,0,0,0,0,0,0,1,0,none,,0,none,,,0,0,0,none,,0,none,,1,middle,394,direction_change,1,Quadratic Trend,Trend Shift,0,0,0,0,0,1,0,1,0,0,0,0,0,0,1,0
2021-02-06,1.6277721912237613,0,0,0,1,0,0,0,1,0,0,0,0,0,0,0,0,0,1,0,none,,0,none,,,0,0,0,none,,0,none,,1,middle,394,direction_change,1,Quadratic Trend,Trend Shift,0,0,0,0,0,1,0,1,0,0,0,0,0,0,1,0
2021-02-07,1.6337402730317814,0,0,0,1,0,0,0,1,0,0,0,0,0,0,0,0,0,1,0,none,,0,none,,,0,0,0,none,,0,none,,1,middle,394,direction_change,1,Quadratic Trend,Trend Shift,0,0,0,0,0,1,0,1,0,0,0,0,0,0,1,0
2021-02-08,1.643644399437992,0,0,0,1,0,0,0,1,0,0,0,0,0,0,0,0,0,1,0,none,,0,none,,,0,0,0,none,,0,none,,1,middle,394,direction_change,1,Quadratic Trend,Trend Shift,0,0,0,0,0,1,0,1,0,0,0,0,0,0,1,0
2021-02-09,1.641969444200677,0,0,0,1,0,0,0,1,0,0,0,0,0,0,0,0,0,1,0,none,,0,none,,,0,0,0,none,,0,none,,1,middle,394,direction_change,1,Quadratic Trend,Trend Shift,0,0,0,0,0,1,0,1,0,0,0,0,0,0,1,0
2021-02-10,1.6052760674703956,0,0,0,1,0,0,0,1,0,0,0,0,0,0,0,0,0,1,0,none,,0,none,,,0,0,0,none,,0,none,,1,middle,394,direction_change,1,Quadratic Trend,Trend Shift,0,0,0,0,0,1,0,1,0,0,0,0,0,0,1,0
2021-02-11,1.5931942155698173,0,0,0,1,0,0,0,1,0,0,0,0,0,0,0,0,0,1,0,none,,0,none,,,0,0,0,none,,0,none,,1,middle,394,direction_change,1,Quadratic Trend,Trend Shift,0,0,0,0,0,1,0,1,0,0,0,0,0,0,1,0
2021-02-12,1.6005436256385923,0,0,0,1,0,0,0,1,0,0,0,0,0,0,0,0,0,1,0,none,,0,none,,,0,0,0,none,,0,none,,1,middle,394,direction_change,1,Quadratic Trend,Trend Shift,0,0,0,0,0,1,0,1,0,0,0,0,0,0,1,0
2021-02-13,1.580107116597598,0,0,0,1,0,0,0,1,0,0,0,0,0,0,0,0,0,1,0,none,,0,none,,,0,0,0,none,,0,none,,1,middle,394,direction_change,1,Quadratic Trend,Trend Shift,0,0,0,0,0,1,0,1,0,0,0,0,0,0,1,0
2021-02-14,1.5495341102461073,0,0,0,1,0,0,0,1,0,0,0,0,0,0,0,0,0,1,0,none,,0,none,,,0,0,0,none,,0,none,,1,middle,394,direction_change,1,Quadratic Trend,Trend Shift,0,0,0,0,0,1,0,1,0,0,0,0,0,0,1,0
2021-02-15,1.5924291373588204,0,0,0,1,0,0,0,1,0,0,0,0,0,0,0,0,0,1,0,none,,0,none,,,0,0,0,none,,0,none,,1,middle,394,direction_change,1,Quadratic Trend,Trend Shift,0,0,0,0,0,1,0,1,0,0,0,0,0,0,1,0
2021-02-16,1.6207289890397132,0,0,0,1,0,0,0,1,0,0,0,0,0,0,0,0,0,1,0,none,,0,none,,,0,0,0,none,,0,none,,1,middle,394,direction_change,1,Quadratic Trend,Trend Shift,0,0,0,0,0,1,0,1,0,0,0,0,0,0,1,0
2021-02-17,1.5568693153338111,0,0,0,1,0,0,0,1,0,0,0,0,0,0,0,0,0,1,0,none,,0,none,,,0,0,0,none,,0,none,,1,middle,394,direction_change,1,Quadratic Trend,Trend Shift,0,0,0,0,0,1,0,1,0,0,0,0,0,0,1,0
2021-02-18,1.5880016037454745,0,0,0,1,0,0,0,1,0,0,0,0,0,0,0,0,0,1,0,none,,0,none,,,0,0,0,none,,0,none,,1,middle,394,direction_change,1,Quadratic Trend,Trend Shift,0,0,0,0,0,1,0,1,0,0,0,0,0,0,1,0
2021-02-19,1.5215432848293196,0,0,0,1,0,0,0,1,0,0,0,0,0,0,0,0,0,1,0,none,,0,none,,,0,0,0,none,,0,none,,1,middle,394,direction_change,1,Quadratic Trend,Trend Shift,0,0,0,0,0,1,0,1,0,0,0,0,0,0,1,0
2021-02-20,1.5045145459145215,0,0,0,1,0,0,0,1,0,0,0,0,0,0,0,0,0,1,0,none,,0,none,,,0,0,0,none,,0,none,,1,middle,394,direction_change,1,Quadratic Trend,Trend Shift,0,0,0,0,0,1,0,1,0,0,0,0,0,0,1,0
2021-02-21,1.5910976206044325,0,0,0,1,0,0,0,1,0,0,0,0,0,0,0,0,0,1,0,none,,0,none,,,0,0,0,none,,0,none,,1,middle,394,direction_change,1,Quadratic Trend,Trend Shift,0,0,0,0,0,1,0,1,0,0,0,0,0,0,1,0
2021-02-22,1.5529874229017362,0,0,0,1,0,0,0,1,0,0,0,0,0,0,0,0,0,1,0,none,,0,none,,,0,0,0,none,,0,none,,1,middle,394,direction_change,1,Quadratic Trend,Trend Shift,0,0,0,0,0,1,0,1,0,0,0,0,0,0,1,0
2021-02-23,1.5410854003220205,0,0,0,1,0,0,0,1,0,0,0,0,0,0,0,0,0,1,0,none,,0,none,,,0,0,0,none,,0,none,,1,middle,394,direction_change,1,Quadratic Trend,Trend Shift,0,0,0,0,0,1,0,1,0,0,0,0,0,0,1,0
2021-02-24,1.4734526111703965,0,0,0,1,0,0,0,1,0,0,0,0,0,0,0,0,0,1,0,none,,0,none,,,0,0,0,none,,0,none,,1,middle,394,direction_change,1,Quadratic Trend,Trend Shift,0,0,0,0,0,1,0,1,0,0,0,0,0,0,1,0
2021-02-25,1.4876345020487538,0,0,0,1,0,0,0,1,0,0,0,0,0,0,0,0,0,1,0,none,,0,none,,,0,0,0,none,,0,none,,1,middle,394,direction_change,1,Quadratic Trend,Trend Shift,0,0,0,0,0,1,0,1,0,0,0,0,0,0,1,0
2021-02-26,1.5187744764811861,0,0,0,1,0,0,0,1,0,0,0,0,0,0,0,0,0,1,0,none,,0,none,,,0,0,0,none,,0,none,,1,middle,394,direction_change,1,Quadratic Trend,Trend Shift,0,0,0,0,0,1,0,1,0,0,0,0,0,0,1,0
2021-02-27,1.505925893912432,0,0,0,1,0,0,0,1,0,0,0,0,0,0,0,0,0,1,0,none,,0,none,,,0,0,0,none,,0,none,,1,middle,394,direction_change,1,Quadratic Trend,Trend Shift,0,0,0,0,0,1,0,1,0,0,0,0,0,0,1,0
2021-02-28,1.4972385642897297,0,0,0,1,0,0,0,1,0,0,0,0,0,0,0,0,0,1,0,none,,0,none,,,0,0,0,none,,0,none,,1,middle,394,direction_change,1,Quadratic Trend,Trend Shift,0,0,0,0,0,1,0,1,0,0,0,0,0,0,1,0
2021-03-01,1.4172905647854677,0,0,0,1,0,0,0,1,0,0,0,0,0,0,0,0,0,1,0,none,,0,none,,,0,0,0,none,,0,none,,1,middle,394,direction_change,1,Quadratic Trend,Trend Shift,0,0,0,0,0,1,0,1,0,0,0,0,0,0,1,0
2021-03-02,1.4253712991521148,0,0,0,1,0,0,0,1,0,0,0,0,0,0,0,0,0,1,0,none,,0,none,,,0,0,0,none,,0,none,,1,middle,394,direction_change,1,Quadratic Trend,Trend Shift,0,0,0,0,0,1,0,1,0,0,0,0,0,0,1,0
2021-03-03,1.4408960939273403,0,0,0,1,0,0,0,1,0,0,0,0,0,0,0,0,0,1,0,none,,0,none,,,0,0,0,none,,0,none,,1,middle,394,direction_change,1,Quadratic Trend,Trend Shift,0,0,0,0,0,1,0,1,0,0,0,0,0,0,1,0
2021-03-04,1.3757006752664398,0,0,0,1,0,0,0,1,0,0,0,0,0,0,0,0,0,1,0,none,,0,none,,,0,0,0,none,,0,none,,1,middle,394,direction_change,1,Quadratic Trend,Trend Shift,0,0,0,0,0,1,0,1,0,0,0,0,0,0,1,0
2021-03-05,1.4096974111231322,0,0,0,1,0,0,0,1,0,0,0,0,0,0,0,0,0,1,0,none,,0,none,,,0,0,0,none,,0,none,,1,middle,394,direction_change,1,Quadratic Trend,Trend Shift,0,0,0,0,0,1,0,1,0,0,0,0,0,0,1,0
2021-03-06,1.4469456121035722,0,0,0,1,0,0,0,1,0,0,0,0,0,0,0,0,0,1,0,none,,0,none,,,0,0,0,none,,0,none,,1,middle,394,direction_change,1,Quadratic Trend,Trend Shift,0,0,0,0,0,1,0,1,0,0,0,0,0,0,1,0
2021-03-07,1.388091693953847,0,0,0,1,0,0,0,1,0,0,0,0,0,0,0,0,0,1,0,none,,0,none,,,0,0,0,none,,0,none,,1,middle,394,direction_change,1,Quadratic Trend,Trend Shift,0,0,0,0,0,1,0,1,0,0,0,0,0,0,1,0
2021-03-08,1.4445434979176095,0,0,0,1,0,0,0,1,0,0,0,0,0,0,0,0,0,1,0,none,,0,none,,,0,0,0,none,,0,none,,1,middle,394,direction_change,1,Quadratic Trend,Trend Shift,0,0,0,0,0,1,0,1,0,0,0,0,0,0,1,0
2021-03-09,1.3813514296883598,0,0,0,1,0,0,0,1,0,0,0,0,0,0,0,0,0,1,0,none,,0,none,,,0,0,0,none,,0,none,,1,middle,394,direction_change,1,Quadratic Trend,Trend Shift,0,0,0,0,0,1,0,1,0,0,0,0,0,0,1,0
2021-03-10,1.4057699010126485,0,0,0,1,0,0,0,1,0,0,0,0,0,0,0,0,0,1,0,none,,0,none,,,0,0,0,none,,0,none,,1,middle,394,direction_change,1,Quadratic Trend,Trend Shift,0,0,0,0,0,1,0,1,0,0,0,0,0,0,1,0
2021-03-11,1.3171901235945818,0,0,0,1,0,0,0,1,0,0,0,0,0,0,0,0,0,1,0,none,,0,none,,,0,0,0,none,,0,none,,1,middle,394,direction_change,1,Quadratic Trend,Trend Shift,0,0,0,0,0,1,0,1,0,0,0,0,0,0,1,0
2021-03-12,1.3591122192680152,0,0,0,1,0,0,0,1,0,0,0,0,0,0,0,0,0,1,0,none,,0,none,,,0,0,0,none,,0,none,,1,middle,394,direction_change,1,Quadratic Trend,Trend Shift,0,0,0,0,0,1,0,1,0,0,0,0,0,0,1,0
2021-03-13,1.360131185559494,0,0,0,1,0,0,0,1,0,0,0,0,0,0,0,0,0,1,0,none,,0,none,,,0,0,0,none,,0,none,,1,middle,394,direction_change,1,Quadratic Trend,Trend Shift,0,0,0,0,0,1,0,1,0,0,0,0,0,0,1,0
2021-03-14,1.305928862073376,0,0,0,1,0,0,0,1,0,0,0,0,0,0,0,0,0,1,0,none,,0,none,,,0,0,0,none,,0,none,,1,middle,394,direction_change,1,Quadratic Trend,Trend Shift,0,0,0,0,0,1,0,1,0,0,0,0,0,0,1,0
2021-03-15,1.352221629012663,0,0,0,1,0,0,0,1,0,0,0,0,0,0,0,0,0,1,0,none,,0,none,,,0,0,0,none,,0,none,,1,middle,394,direction_change,1,Quadratic Trend,Trend Shift,0,0,0,0,0,1,0,1,0,0,0,0,0,0,1,0
2021-03-16,1.395045804900936,0,0,0,1,0,0,0,1,0,0,0,0,0,0,0,0,0,1,0,none,,0,none,,,0,0,0,none,,0,none,,1,middle,394,direction_change,1,Quadratic Trend,Trend Shift,0,0,0,0,0,1,0,1,0,0,0,0,0,0,1,0
2021-03-17,1.3180844259260152,0,0,0,1,0,0,0,1,0,0,0,0,0,0,0,0,0,1,0,none,,0,none,,,0,0,0,none,,0,none,,1,middle,394,direction_change,1,Quadratic Trend,Trend Shift,0,0,0,0,0,1,0,1,0,0,0,0,0,0,1,0
2021-03-18,1.2479989641710851,0,0,0,1,0,0,0,1,0,0,0,0,0,0,0,0,0,1,0,none,,0,none,,,0,0,0,none,,0,none,,1,middle,394,direction_change,1,Quadratic Trend,Trend Shift,0,0,0,0,0,1,0,1,0,0,0,0,0,0,1,0
2021-03-19,1.2734418860732573,0,0,0,1,0,0,0,1,0,0,0,0,0,0,0,0,0,1,0,none,,0,none,,,0,0,0,none,,0,none,,1,middle,394,direction_change,1,Quadratic Trend,Trend Shift,0,0,0,0,0,1,0,1,0,0,0,0,0,0,1,0
2021-03-20,1.249617146308823,0,0,0,1,0,0,0,1,0,0,0,0,0,0,0,0,0,1,0,none,,0,none,,,0,0,0,none,,0,none,,1,middle,394,direction_change,1,Quadratic Trend,Trend Shift,0,0,0,0,0,1,0,1,0,0,0,0,0,0,1,0
2021-03-21,1.3203527127720809,0,0,0,1,0,0,0,1,0,0,0,0,0,0,0,0,0,1,0,none,,0,none,,,0,0,0,none,,0,none,,1,middle,394,direction_change,1,Quadratic Trend,Trend Shift,0,0,0,0,0,1,0,1,0,0,0,0,0,0,1,0
2021-03-22,1.3302889359045589,0,0,0,1,0,0,0,1,0,0,0,0,0,0,0,0,0,1,0,none,,0,none,,,0,0,0,none,,0,none,,1,middle,394,direction_change,1,Quadratic Trend,Trend Shift,0,0,0,0,0,1,0,1,0,0,0,0,0,0,1,0
2021-03-23,1.2496576340768593,0,0,0,1,0,0,0,1,0,0,0,0,0,0,0,0,0,1,0,none,,0,none,,,0,0,0,none,,0,none,,1,middle,394,direction_change,1,Quadratic Trend,Trend Shift,0,0,0,0,0,1,0,1,0,0,0,0,0,0,1,0
2021-03-24,1.2498725489203326,0,0,0,1,0,0,0,1,0,0,0,0,0,0,0,0,0,1,0,none,,0,none,,,0,0,0,none,,0,none,,1,middle,394,direction_change,1,Quadratic Trend,Trend Shift,0,0,0,0,0,1,0,1,0,0,0,0,0,0,1,0
2021-03-25,1.199926045601709,0,0,0,1,0,0,0,1,0,0,0,0,0,0,0,0,0,1,0,none,,0,none,,,0,0,0,none,,0,none,,1,middle,394,direction_change,1,Quadratic Trend,Trend Shift,0,0,0,0,0,1,0,1,0,0,0,0,0,0,1,0
2021-03-26,1.2711659048855115,0,0,0,1,0,0,0,1,0,0,0,0,0,0,0,0,0,1,0,none,,0,none,,,0,0,0,none,,0,none,,1,middle,394,direction_change,1,Quadratic Trend,Trend Shift,0,0,0,0,0,1,0,1,0,0,0,0,0,0,1,0
2021-03-27,1.263329115081753,0,0,0,1,0,0,0,1,0,0,0,0,0,0,0,0,0,1,0,none,,0,none,,,0,0,0,none,,0,none,,1,middle,394,direction_change,1,Quadratic Trend,Trend Shift,0,0,0,0,0,1,0,1,0,0,0,0,0,0,1,0
2021-03-28,1.2199991380356754,0,0,0,1,0,0,0,1,0,0,0,0,0,0,0,0,0,1,0,none,,0,none,,,0,0,0,none,,0,none,,1,middle,394,direction_change,1,Quadratic Trend,Trend Shift,0,0,0,0,0,1,0,1,0,0,0,0,0,0,1,0
2021-03-29,1.1955311028224034,0,0,0,1,0,0,0,1,0,0,0,0,0,0,0,0,0,1,0,none,,0,none,,,0,0,0,none,,0,none,,1,middle,394,direction_change,1,Quadratic Trend,Trend Shift,0,0,0,0,0,1,0,1,0,0,0,0,0,0,1,0
2021-03-30,1.23978368834287,0,0,0,1,0,0,0,1,0,0,0,0,0,0,0,0,0,1,0,none,,0,none,,,0,0,0,none,,0,none,,1,middle,394,direction_change,1,Quadratic Trend,Trend Shift,0,0,0,0,0,1,0,1,0,0,0,0,0,0,1,0
2021-03-31,1.2210586153512888,0,0,0,1,0,0,0,1,0,0,0,0,0,0,0,0,0,1,0,none,,0,none,,,0,0,0,none,,0,none,,1,middle,394,direction_change,1,Quadratic Trend,Trend Shift,0,0,0,0,0,1,0,1,0,0,0,0,0,0,1,0
2021-04-01,1.1964045156684238,0,0,0,1,0,0,0,1,0,0,0,0,0,0,0,0,0,1,0,none,,0,none,,,0,0,0,none,,0,none,,1,middle,394,direction_change,1,Quadratic Trend,Trend Shift,0,0,0,0,0,1,0,1,0,0,0,0,0,0,1,0
2021-04-02,1.1896391223967404,0,0,0,1,0,0,0,1,0,0,0,0,0,0,0,0,0,1,0,none,,0,none,,,0,0,0,none,,0,none,,1,middle,394,direction_change,1,Quadratic Trend,Trend Shift,0,0,0,0,0,1,0,1,0,0,0,0,0,0,1,0
2021-04-03,1.1736531245322581,0,0,0,1,0,0,0,1,0,0,0,0,0,0,0,0,0,1,0,none,,0,none,,,0,0,0,none,,0,none,,1,middle,394,direction_change,1,Quadratic Trend,Trend Shift,0,0,0,0,0,1,0,1,0,0,0,0,0,0,1,0
2021-04-04,1.201061396925798,0,0,0,1,0,0,0,1,0,0,0,0,0,0,0,0,0,1,0,none,,0,none,,,0,0,0,none,,0,none,,1,middle,394,direction_change,1,Quadratic Trend,Trend Shift,0,0,0,0,0,1,0,1,0,0,0,0,0,0,1,0
2021-04-05,1.1660703244004589,0,0,0,1,0,0,0,1,0,0,0,0,0,0,0,0,0,1,0,none,,0,none,,,0,0,0,none,,0,none,,1,middle,394,direction_change,1,Quadratic Trend,Trend Shift,0,0,0,0,0,1,0,1,0,0,0,0,0,0,1,0
2021-04-06,1.1370201078990316,0,0,0,1,0,0,0,1,0,0,0,0,0,0,0,0,0,1,0,none,,0,none,,,0,0,0,none,,0,none,,1,middle,394,direction_change,1,Quadratic Trend,Trend Shift,0,0,0,0,0,1,0,1,0,0,0,0,0,0,1,0
2021-04-07,1.1000020763626077,0,0,0,1,0,0,0,1,0,0,0,0,0,0,0,0,0,1,0,none,,0,none,,,0,0,0,none,,0,none,,1,middle,394,direction_change,1,Quadratic Trend,Trend Shift,0,0,0,0,0,1,0,1,0,0,0,0,0,0,1,0
2021-04-08,1.1202401945379998,0,0,0,1,0,0,0,1,0,0,0,0,0,0,0,0,0,1,0,none,,0,none,,,0,0,0,none,,0,none,,1,middle,394,direction_change,1,Quadratic Trend,Trend Shift,0,0,0,0,0,1,0,1,0,0,0,0,0,0,1,0
2021-04-09,1.112081660810524,0,0,0,1,0,0,0,1,0,0,0,0,0,0,0,0,0,1,0,none,,0,none,,,0,0,0,none,,0,none,,1,middle,394,direction_change,1,Quadratic Trend,Trend Shift,0,0,0,0,0,1,0,1,0,0,0,0,0,0,1,0
2021-04-10,1.0771191274231373,0,0,0,1,0,0,0,1,0,0,0,0,0,0,0,0,0,1,0,none,,0,none,,,0,0,0,none,,0,none,,1,middle,394,direction_change,1,Quadratic Trend,Trend Shift,0,0,0,0,0,1,0,1,0,0,0,0,0,0,1,0
2021-04-11,1.1419493617802305,0,0,0,1,0,0,0,1,0,0,0,0,0,0,0,0,0,1,0,none,,0,none,,,0,0,0,none,,0,none,,1,middle,394,direction_change,1,Quadratic Trend,Trend Shift,0,0,0,0,0,1,0,1,0,0,0,0,0,0,1,0
2021-04-12,1.1425083923505088,0,0,0,1,0,0,0,1,0,0,0,0,0,0,0,0,0,1,0,none,,0,none,,,0,0,0,none,,0,none,,1,middle,394,direction_change,1,Quadratic Trend,Trend Shift,0,0,0,0,0,1,0,1,0,0,0,0,0,0,1,0
2021-04-13,1.0696839587947142,0,0,0,1,0,0,0,1,0,0,0,0,0,0,0,0,0,1,0,none,,0,none,,,0,0,0,none,,0,none,,1,middle,394,direction_change,1,Quadratic Trend,Trend Shift,0,0,0,0,0,1,0,1,0,0,0,0,0,0,1,0
2021-04-14,1.0712090043317974,0,0,0,1,0,0,0,1,0,0,0,0,0,0,0,0,0,1,0,none,,0,none,,,0,0,0,none,,0,none,,1,middle,394,direction_change,1,Quadratic Trend,Trend Shift,0,0,0,0,0,1,0,1,0,0,0,0,0,0,1,0
2021-04-15,1.0659470816487815,0,0,0,1,0,0,0,1,0,0,0,0,0,0,0,0,0,1,0,none,,0,none,,,0,0,0,none,,0,none,,1,middle,394,direction_change,1,Quadratic Trend,Trend Shift,0,0,0,0,0,1,0,1,0,0,0,0,0,0,1,0
2021-04-16,1.0703247390200457,0,0,0,1,0,0,0,1,0,0,0,0,0,0,0,0,0,1,0,none,,0,none,,,0,0,0,none,,0,none,,1,middle,394,direction_change,1,Quadratic Trend,Trend Shift,0,0,0,0,0,1,0,1,0,0,0,0,0,0,1,0
2021-04-17,1.090647346453098,0,0,0,1,0,0,0,1,0,0,0,0,0,0,0,0,0,1,0,none,,0,none,,,0,0,0,none,,0,none,,1,middle,394,direction_change,1,Quadratic Trend,Trend Shift,0,0,0,0,0,1,0,1,0,0,0,0,0,0,1,0
2021-04-18,1.0722365378914893,0,0,0,1,0,0,0,1,0,0,0,0,0,0,0,0,0,1,0,none,,0,none,,,0,0,0,none,,0,none,,1,middle,394,direction_change,1,Quadratic Trend,Trend Shift,0,0,0,0,0,1,0,1,0,0,0,0,0,0,1,0
2021-04-19,1.0435920490230417,0,0,0,1,0,0,0,1,0,0,0,0,0,0,0,0,0,1,0,none,,0,none,,,0,0,0,none,,0,none,,1,middle,394,direction_change,1,Quadratic Trend,Trend Shift,0,0,0,0,0,1,0,1,0,0,0,0,0,0,1,0
2021-04-20,1.034229299519556,0,0,0,1,0,0,0,1,0,0,0,0,0,0,0,0,0,1,0,none,,0,none,,,0,0,0,none,,0,none,,1,middle,394,direction_change,1,Quadratic Trend,Trend Shift,0,0,0,0,0,1,0,1,0,0,0,0,0,0,1,0
2021-04-21,1.0292801079623841,0,0,0,1,0,0,0,1,0,0,0,0,0,0,0,0,0,1,0,none,,0,none,,,0,0,0,none,,0,none,,1,middle,394,direction_change,1,Quadratic Trend,Trend Shift,0,0,0,0,0,1,0,1,0,0,0,0,0,0,1,0
2021-04-22,1.0074744378782319,0,0,0,1,0,0,0,1,0,0,0,0,0,0,0,0,0,1,0,none,,0,none,,,0,0,0,none,,0,none,,1,middle,394,direction_change,1,Quadratic Trend,Trend Shift,0,0,0,0,0,1,0,1,0,0,0,0,0,0,1,0
2021-04-23,0.970645255889844,0,0,0,1,0,0,0,1,0,0,0,0,0,0,0,0,0,1,0,none,,0,none,,,0,0,0,none,,0,none,,1,middle,394,direction_change,1,Quadratic Trend,Trend Shift,0,0,0,0,0,1,0,1,0,0,0,0,0,0,1,0
2021-04-24,0.9945151008397511,0,0,0,1,0,0,0,1,0,0,0,0,0,0,0,0,0,1,0,none,,0,none,,,0,0,0,none,,0,none,,1,middle,394,direction_change,1,Quadratic Trend,Trend Shift,0,0,0,0,0,1,0,1,0,0,0,0,0,0,1,0
2021-04-25,1.0000597547683558,0,0,0,1,0,0,0,1,0,0,0,0,0,0,0,0,0,1,0,none,,0,none,,,0,0,0,none,,0,none,,1,middle,394,direction_change,1,Quadratic Trend,Trend Shift,0,0,0,0,0,1,0,1,0,0,0,0,0,0,1,0
2021-04-26,0.9415817631988069,0,0,0,1,0,0,0,1,0,0,0,0,0,0,0,0,0,1,0,none,,0,none,,,0,0,0,none,,0,none,,1,middle,394,direction_change,1,Quadratic Trend,Trend Shift,0,0,0,0,0,1,0,1,0,0,0,0,0,0,1,0
2021-04-27,0.9589034298062643,0,0,0,1,0,0,0,1,0,0,0,0,0,0,0,0,0,1,0,none,,0,none,,,0,0,0,none,,0,none,,1,middle,394,direction_change,1,Quadratic Trend,Trend Shift,0,0,0,0,0,1,0,1,0,0,0,0,0,0,1,0
2021-04-28,0.9469069053953005,0,0,0,1,0,0,0,1,0,0,0,0,0,0,0,0,0,1,0,none,,0,none,,,0,0,0,none,,0,none,,1,middle,394,direction_change,1,Quadratic Trend,Trend Shift,0,0,0,0,0,1,0,1,0,0,0,0,0,0,1,0
2021-04-29,0.9794433997950455,0,0,0,1,0,0,0,1,0,0,0,0,0,0,0,0,0,1,0,none,,0,none,,,0,0,0,none,,0,none,,1,middle,394,direction_change,1,Quadratic Trend,Trend Shift,0,0,0,0,0,1,0,1,0,0,0,0,0,0,1,0
2021-04-30,0.9050182905988793,0,0,0,1,0,0,0,1,0,0,0,0,0,0,0,0,0,1,0,none,,0,none,,,0,0,0,none,,0,none,,1,middle,394,direction_change,1,Quadratic Trend,Trend Shift,0,0,0,0,0,1,0,1,0,0,0,0,0,0,1,0
2021-05-01,0.9188095231860712,0,0,0,1,0,0,0,1,0,0,0,0,0,0,0,0,0,1,0,none,,0,none,,,0,0,0,none,,0,none,,1,middle,394,direction_change,1,Quadratic Trend,Trend Shift,0,0,0,0,0,1,0,1,0,0,0,0,0,0,1,0
2021-05-02,0.9444439087269922,0,0,0,1,0,0,0,1,0,0,0,0,0,0,0,0,0,1,0,none,,0,none,,,0,0,0,none,,0,none,,1,middle,394,direction_change,1,Quadratic Trend,Trend Shift,0,0,0,0,0,1,0,1,0,0,0,0,0,0,1,0
2021-05-03,0.8941412787291829,0,0,0,1,0,0,0,1,0,0,0,0,0,0,0,0,0,1,0,none,,0,none,,,0,0,0,none,,0,none,,1,middle,394,direction_change,1,Quadratic Trend,Trend Shift,0,0,0,0,0,1,0,1,0,0,0,0,0,0,1,0
2021-05-04,0.9190318226750367,0,0,0,1,0,0,0,1,0,0,0,0,0,0,0,0,0,1,0,none,,0,none,,,0,0,0,none,,0,none,,1,middle,394,direction_change,1,Quadratic Trend,Trend Shift,0,0,0,0,0,1,0,1,0,0,0,0,0,0,1,0
2021-05-05,0.8801983312886645,0,0,0,1,0,0,0,1,0,0,0,0,0,0,0,0,0,1,0,none,,0,none,,,0,0,0,none,,0,none,,1,middle,394,direction_change,1,Quadratic Trend,Trend Shift,0,0,0,0,0,1,0,1,0,0,0,0,0,0,1,0
2021-05-06,0.830605556281526,0,0,0,1,0,0,0,1,0,0,0,0,0,0,0,0,0,1,0,none,,0,none,,,0,0,0,none,,0,none,,1,middle,394,direction_change,1,Quadratic Trend,Trend Shift,0,0,0,0,0,1,0,1,0,0,0,0,0,0,1,0
2021-05-07,0.8677713019390321,0,0,0,1,0,0,0,1,0,0,0,0,0,0,0,0,0,1,0,none,,0,none,,,0,0,0,none,,0,none,,1,middle,394,direction_change,1,Quadratic Trend,Trend Shift,0,0,0,0,0,1,0,1,0,0,0,0,0,0,1,0
2021-05-08,0.8531051948390835,0,0,0,1,0,0,0,1,0,0,0,0,0,0,0,0,0,1,0,none,,0,none,,,0,0,0,none,,0,none,,1,middle,394,direction_change,1,Quadratic Trend,Trend Shift,0,0,0,0,0,1,0,1,0,0,0,0,0,0,1,0
2021-05-09,0.8499502119851448,0,0,0,1,0,0,0,1,0,0,0,0,0,0,0,0,0,1,0,none,,0,none,,,0,0,0,none,,0,none,,1,middle,394,direction_change,1,Quadratic Trend,Trend Shift,0,0,0,0,0,1,0,1,0,0,0,0,0,0,1,0
2021-05-10,0.8208143053390089,0,0,0,1,0,0,0,1,0,0,0,0,0,0,0,0,0,1,0,none,,0,none,,,0,0,0,none,,0,none,,1,middle,394,direction_change,1,Quadratic Trend,Trend Shift,0,0,0,0,0,1,0,1,0,0,0,0,0,0,1,0
2021-05-11,0.8628827387974233,0,0,0,1,0,0,0,1,0,0,0,0,0,0,0,0,0,1,0,none,,0,none,,,0,0,0,none,,0,none,,1,middle,394,direction_change,1,Quadratic Trend,Trend Shift,0,0,0,0,0,1,0,1,0,0,0,0,0,0,1,0
2021-05-12,0.8107328613911564,0,0,0,1,0,0,0,1,0,0,0,0,0,0,0,0,0,1,0,none,,0,none,,,0,0,0,none,,0,none,,1,middle,394,direction_change,1,Quadratic Trend,Trend Shift,0,0,0,0,0,1,0,1,0,0,0,0,0,0,1,0
2021-05-13,0.8143235992903675,0,0,0,1,0,0,0,1,0,0,0,0,0,0,0,0,0,1,0,none,,0,none,,,0,0,0,none,,0,none,,1,middle,394,direction_change,1,Quadratic Trend,Trend Shift,0,0,0,0,0,1,0,1,0,0,0,0,0,0,1,0
2021-05-14,0.8832930798700828,0,0,0,1,0,0,0,1,0,0,0,0,0,0,0,0,0,1,0,none,,0,none,,,0,0,0,none,,0,none,,1,middle,394,direction_change,1,Quadratic Trend,Trend Shift,0,0,0,0,0,1,0,1,0,0,0,0,0,0,1,0
2021-05-15,0.8486776440257933,0,0,0,1,0,0,0,1,0,0,0,0,0,0,0,0,0,1,0,none,,0,none,,,0,0,0,none,,0,none,,1,middle,394,direction_change,1,Quadratic Trend,Trend Shift,0,0,0,0,0,1,0,1,0,0,0,0,0,0,1,0
2021-05-16,0.8515181228116241,0,0,0,1,0,0,0,1,0,0,0,0,0,0,0,0,0,1,0,none,,0,none,,,0,0,0,none,,0,none,,1,middle,394,direction_change,1,Quadratic Trend,Trend Shift,0,0,0,0,0,1,0,1,0,0,0,0,0,0,1,0
2021-05-17,0.7839668252913605,0,0,0,1,0,0,0,1,0,0,0,0,0,0,0,0,0,1,0,none,,0,none,,,0,0,0,none,,0,none,,1,middle,394,direction_change,1,Quadratic Trend,Trend Shift,0,0,0,0,0,1,0,1,0,0,0,0,0,0,1,0
2021-05-18,0.7977907578017488,0,0,0,1,0,0,0,1,0,0,0,0,0,0,0,0,0,1,0,none,,0,none,,,0,0,0,none,,0,none,,1,middle,394,direction_change,1,Quadratic Trend,Trend Shift,0,0,0,0,0,1,0,1,0,0,0,0,0,0,1,0
2021-05-19,0.8250895014921658,0,0,0,1,0,0,0,1,0,0,0,0,0,0,0,0,0,1,0,none,,0,none,,,0,0,0,none,,0,none,,1,middle,394,direction_change,1,Quadratic Trend,Trend Shift,0,0,0,0,0,1,0,1,0,0,0,0,0,0,1,0
2021-05-20,0.7356829317993226,0,0,0,1,0,0,0,1,0,0,0,0,0,0,0,0,0,1,0,none,,0,none,,,0,0,0,none,,0,none,,1,middle,394,direction_change,1,Quadratic Trend,Trend Shift,0,0,0,0,0,1,0,1,0,0,0,0,0,0,1,0
2021-05-21,0.7569553630051306,0,0,0,1,0,0,0,1,0,0,0,0,0,0,0,0,0,1,0,none,,0,none,,,0,0,0,none,,0,none,,1,middle,394,direction_change,1,Quadratic Trend,Trend Shift,0,0,0,0,0,1,0,1,0,0,0,0,0,0,1,0
2021-05-22,0.8040556857001301,0,0,0,1,0,0,0,1,0,0,0,0,0,0,0,0,0,1,0,none,,0,none,,,0,0,0,none,,0,none,,1,middle,394,direction_change,1,Quadratic Trend,Trend Shift,0,0,0,0,0,1,0,1,0,0,0,0,0,0,1,0
2021-05-23,0.69671111135619,0,0,0,1,0,0,0,1,0,0,0,0,0,0,0,0,0,1,0,none,,0,none,,,0,0,0,none,,0,none,,1,middle,394,direction_change,1,Quadratic Trend,Trend Shift,0,0,0,0,0,1,0,1,0,0,0,0,0,0,1,0
2021-05-24,0.7574879868344095,0,0,0,1,0,0,0,1,0,0,0,0,0,0,0,0,0,1,0,none,,0,none,,,0,0,0,none,,0,none,,1,middle,394,direction_change,1,Quadratic Trend,Trend Shift,0,0,0,0,0,1,0,1,0,0,0,0,0,0,1,0
2021-05-25,0.7364816351002936,0,0,0,1,0,0,0,1,0,0,0,0,0,0,0,0,0,1,0,none,,0,none,,,0,0,0,none,,0,none,,1,middle,394,direction_change,1,Quadratic Trend,Trend Shift,0,0,0,0,0,1,0,1,0,0,0,0,0,0,1,0
2021-05-26,0.6939130311082701,0,0,0,1,0,0,0,1,0,0,0,0,0,0,0,0,0,1,0,none,,0,none,,,0,0,0,none,,0,none,,1,middle,394,direction_change,1,Quadratic Trend,Trend Shift,0,0,0,0,0,1,0,1,0,0,0,0,0,0,1,0
2021-05-27,0.6432366384507097,0,0,0,1,0,0,0,1,0,0,0,0,0,0,0,0,0,1,0,none,,0,none,,,0,0,0,none,,0,none,,1,middle,394,direction_change,1,Quadratic Trend,Trend Shift,0,0,0,0,0,1,0,1,0,0,0,0,0,0,1,0
2021-05-28,0.7648985163468663,0,0,0,1,0,0,0,1,0,0,0,0,0,0,0,0,0,1,0,none,,0,none,,,0,0,0,none,,0,none,,1,middle,394,direction_change,1,Quadratic Trend,Trend Shift,0,0,0,0,0,1,0,1,0,0,0,0,0,0,1,0
2021-05-29,0.6912324234751362,0,0,0,1,0,0,0,1,0,0,0,0,0,0,0,0,0,1,0,none,,0,none,,,0,0,0,none,,0,none,,1,middle,394,direction_change,1,Quadratic Trend,Trend Shift,0,0,0,0,0,1,0,1,0,0,0,0,0,0,1,0
2021-05-30,0.6842703392691492,0,0,0,1,0,0,0,1,0,0,0,0,0,0,0,0,0,1,0,none,,0,none,,,0,0,0,none,,0,none,,1,middle,394,direction_change,1,Quadratic Trend,Trend Shift,0,0,0,0,0,1,0,1,0,0,0,0,0,0,1,0
2021-05-31,0.6477237105025678,0,0,0,1,0,0,0,1,0,0,0,0,0,0,0,0,0,1,0,none,,0,none,,,0,0,0,none,,0,none,,1,middle,394,direction_change,1,Quadratic Trend,Trend Shift,0,0,0,0,0,1,0,1,0,0,0,0,0,0,1,0
2021-06-01,0.6608603185070834,0,0,0,1,0,0,0,1,0,0,0,0,0,0,0,0,0,1,0,none,,0,none,,,0,0,0,none,,0,none,,1,middle,394,direction_change,1,Quadratic Trend,Trend Shift,0,0,0,0,0,1,0,1,0,0,0,0,0,0,1,0
2021-06-02,0.6207985401206365,0,0,0,1,0,0,0,1,0,0,0,0,0,0,0,0,0,1,0,none,,0,none,,,0,0,0,none,,0,none,,1,middle,394,direction_change,1,Quadratic Trend,Trend Shift,0,0,0,0,0,1,0,1,0,0,0,0,0,0,1,0
2021-06-03,0.635687148336922,0,0,0,1,0,0,0,1,0,0,0,0,0,0,0,0,0,1,0,none,,0,none,,,0,0,0,none,,0,none,,1,middle,394,direction_change,1,Quadratic Trend,Trend Shift,0,0,0,0,0,1,0,1,0,0,0,0,0,0,1,0
2021-06-04,0.6461780671479014,0,0,0,1,0,0,0,1,0,0,0,0,0,0,0,0,0,1,0,none,,0,none,,,0,0,0,none,,0,none,,1,middle,394,direction_change,1,Quadratic Trend,Trend Shift,0,0,0,0,0,1,0,1,0,0,0,0,0,0,1,0
2021-06-05,0.6167588557096056,0,0,0,1,0,0,0,1,0,0,0,0,0,0,0,0,0,1,0,none,,0,none,,,0,0,0,none,,0,none,,1,middle,394,direction_change,1,Quadratic Trend,Trend Shift,0,0,0,0,0,1,0,1,0,0,0,0,0,0,1,0
2021-06-06,0.6128300848255074,0,0,0,1,0,0,0,1,0,0,0,0,0,0,0,0,0,1,0,none,,0,none,,,0,0,0,none,,0,none,,1,middle,394,direction_change,1,Quadratic Trend,Trend Shift,0,0,0,0,0,1,0,1,0,0,0,0,0,0,1,0
2021-06-07,0.5678623334824994,0,0,0,1,0,0,0,1,0,0,0,0,0,0,0,0,0,1,0,none,,0,none,,,0,0,0,none,,0,none,,1,middle,394,direction_change,1,Quadratic Trend,Trend Shift,0,0,0,0,0,1,0,1,0,0,0,0,0,0,1,0
2021-06-08,0.6084674288589336,0,0,0,1,0,0,0,1,0,0,0,0,0,0,0,0,0,1,0,none,,0,none,,,0,0,0,none,,0,none,,1,middle,394,direction_change,1,Quadratic Trend,Trend Shift,0,0,0,0,0,1,0,1,0,0,0,0,0,0,1,0
2021-06-09,0.6044201143294028,0,0,0,1,0,0,0,1,0,0,0,0,0,0,0,0,0,1,0,none,,0,none,,,0,0,0,none,,0,none,,1,middle,394,direction_change,1,Quadratic Trend,Trend Shift,0,0,0,0,0,1,0,1,0,0,0,0,0,0,1,0
2021-06-10,0.5387569284973484,0,0,0,1,0,0,0,1,0,0,0,0,0,0,0,0,0,1,0,none,,0,none,,,0,0,0,none,,0,none,,1,middle,394,direction_change,1,Quadratic Trend,Trend Shift,0,0,0,0,0,1,0,1,0,0,0,0,0,0,1,0
2021-06-11,0.5540590782088753,0,0,0,1,0,0,0,1,0,0,0,0,0,0,0,0,0,1,0,none,,0,none,,,0,0,0,none,,0,none,,1,middle,394,direction_change,1,Quadratic Trend,Trend Shift,0,0,0,0,0,1,0,1,0,0,0,0,0,0,1,0
2021-06-12,0.5781513350697676,0,0,0,1,0,0,0,1,0,0,0,0,0,0,0,0,0,1,0,none,,0,none,,,0,0,0,none,,0,none,,1,middle,394,direction_change,1,Quadratic Trend,Trend Shift,0,0,0,0,0,1,0,1,0,0,0,0,0,0,1,0
2021-06-13,0.5411185212127927,0,0,0,1,0,0,0,1,0,0,0,0,0,0,0,0,0,1,0,none,,0,none,,,0,0,0,none,,0,none,,1,middle,394,direction_change,1,Quadratic Trend,Trend Shift,0,0,0,0,0,1,0,1,0,0,0,0,0,0,1,0
2021-06-14,0.5453335940961263,0,0,0,1,0,0,0,1,0,0,0,0,0,0,0,0,0,1,0,none,,0,none,,,0,0,0,none,,0,none,,1,middle,394,direction_change,1,Quadratic Trend,Trend Shift,0,0,0,0,0,1,0,1,0,0,0,0,0,0,1,0
2021-06-15,0.5464807555173969,0,0,0,1,0,0,0,1,0,0,0,0,0,0,0,0,0,1,0,none,,0,none,,,0,0,0,none,,0,none,,1,middle,394,direction_change,1,Quadratic Trend,Trend Shift,0,0,0,0,0,1,0,1,0,0,0,0,0,0,1,0
2021-06-16,0.5246292326839387,0,0,0,1,0,0,0,1,0,0,0,0,0,0,0,0,0,1,0,none,,0,none,,,0,0,0,none,,0,none,,1,middle,394,direction_change,1,Quadratic Trend,Trend Shift,0,0,0,0,0,1,0,1,0,0,0,0,0,0,1,0
2021-06-17,0.5412359836996948,0,0,0,1,0,0,0,1,0,0,0,0,0,0,0,0,0,1,0,none,,0,none,,,0,0,0,none,,0,none,,1,middle,394,direction_change,1,Quadratic Trend,Trend Shift,0,0,0,0,0,1,0,1,0,0,0,0,0,0,1,0
2021-06-18,0.4685715147896558,0,0,0,1,0,0,0,1,0,0,0,0,0,0,0,0,0,1,0,none,,0,none,,,0,0,0,none,,0,none,,1,middle,394,direction_change,1,Quadratic Trend,Trend Shift,0,0,0,0,0,1,0,1,0,0,0,0,0,0,1,0
2021-06-19,0.4910949045403379,0,0,0,1,0,0,0,1,0,0,0,0,0,0,0,0,0,1,0,none,,0,none,,,0,0,0,none,,0,none,,1,middle,394,direction_change,1,Quadratic Trend,Trend Shift,0,0,0,0,0,1,0,1,0,0,0,0,0,0,1,0
2021-06-20,0.5516747103374388,0,0,0,1,0,0,0,1,0,0,0,0,0,0,0,0,0,1,0,none,,0,none,,,0,0,0,none,,0,none,,1,middle,394,direction_change,1,Quadratic Trend,Trend Shift,0,0,0,0,0,1,0,1,0,0,0,0,0,0,1,0
2021-06-21,0.48763782075430095,0,0,0,1,0,0,0,1,0,0,0,0,0,0,0,0,0,1,0,none,,0,none,,,0,0,0,none,,0,none,,1,middle,394,direction_change,1,Quadratic Trend,Trend Shift,0,0,0,0,0,1,0,1,0,0,0,0,0,0,1,0
2021-06-22,0.47551389744343536,0,0,0,1,0,0,0,1,0,0,0,0,0,0,0,0,0,1,0,none,,0,none,,,0,0,0,none,,0,none,,1,middle,394,direction_change,1,Quadratic Trend,Trend Shift,0,0,0,0,0,1,0,1,0,0,0,0,0,0,1,0
2021-06-23,0.5144176983803339,0,0,0,1,0,0,0,1,0,0,0,0,0,0,0,0,0,1,0,none,,0,none,,,0,0,0,none,,0,none,,1,middle,394,direction_change,1,Quadratic Trend,Trend Shift,0,0,0,0,0,1,0,1,0,0,0,0,0,0,1,0
2021-06-24,0.4387338996585837,0,0,0,1,0,0,0,1,0,0,0,0,0,0,0,0,0,1,0,none,,0,none,,,0,0,0,none,,0,none,,1,middle,394,direction_change,1,Quadratic Trend,Trend Shift,0,0,0,0,0,1,0,1,0,0,0,0,0,0,1,0
2021-06-25,0.43120249950303347,0,0,0,1,0,0,0,1,0,0,0,0,0,0,0,0,0,1,0,none,,0,none,,,0,0,0,none,,0,none,,1,middle,394,direction_change,1,Quadratic Trend,Trend Shift,0,0,0,0,0,1,0,1,0,0,0,0,0,0,1,0
2021-06-26,0.4568176029948746,0,0,0,1,0,0,0,1,0,0,0,0,0,0,0,0,0,1,0,none,,0,none,,,0,0,0,none,,0,none,,1,middle,394,direction_change,1,Quadratic Trend,Trend Shift,0,0,0,0,0,1,0,1,0,0,0,0,0,0,1,0
2021-06-27,0.4138037345418068,0,0,0,1,0,0,0,1,0,0,0,0,0,0,0,0,0,1,0,none,,0,none,,,0,0,0,none,,0,none,,1,middle,394,direction_change,1,Quadratic Trend,Trend Shift,0,0,0,0,0,1,0,1,0,0,0,0,0,0,1,0
2021-06-28,0.3718446549803794,0,0,0,1,0,0,0,1,0,0,0,0,0,0,0,0,0,1,0,none,,0,none,,,0,0,0,none,,0,none,,1,middle,394,direction_change,1,Quadratic Trend,Trend Shift,0,0,0,0,0,1,0,1,0,0,0,0,0,0,1,0
2021-06-29,0.41353825935679406,0,0,0,1,0,0,0,1,0,0,0,0,0,0,0,0,0,1,0,none,,0,none,,,0,0,0,none,,0,none,,1,middle,394,direction_change,1,Quadratic Trend,Trend Shift,0,0,0,0,0,1,0,1,0,0,0,0,0,0,1,0
2021-06-30,0.45914205211002124,0,0,0,1,0,0,0,1,0,0,0,0,0,0,0,0,0,1,0,none,,0,none,,,0,0,0,none,,0,none,,1,middle,394,direction_change,1,Quadratic Trend,Trend Shift,0,0,0,0,0,1,0,1,0,0,0,0,0,0,1,0
2021-07-01,0.3800586063171552,0,0,0,1,0,0,0,1,0,0,0,0,0,0,0,0,0,1,0,none,,0,none,,,0,0,0,none,,0,none,,1,middle,394,direction_change,1,Quadratic Trend,Trend Shift,0,0,0,0,0,1,0,1,0,0,0,0,0,0,1,0
2021-07-02,0.3776825691355056,0,0,0,1,0,0,0,1,0,0,0,0,0,0,0,0,0,1,0,none,,0,none,,,0,0,0,none,,0,none,,1,middle,394,direction_change,1,Quadratic Trend,Trend Shift,0,0,0,0,0,1,0,1,0,0,0,0,0,0,1,0
2021-07-03,0.4093894877128134,0,0,0,1,0,0,0,1,0,0,0,0,0,0,0,0,0,1,0,none,,0,none,,,0,0,0,none,,0,none,,1,middle,394,direction_change,1,Quadratic Trend,Trend Shift,0,0,0,0,0,1,0,1,0,0,0,0,0,0,1,0
2021-07-04,0.3623958343606698,0,0,0,1,0,0,0,1,0,0,0,0,0,0,0,0,0,1,0,none,,0,none,,,0,0,0,none,,0,none,,1,middle,394,direction_change,1,Quadratic Trend,Trend Shift,0,0,0,0,0,1,0,1,0,0,0,0,0,0,1,0
2021-07-05,0.3591650778441204,0,0,0,1,0,0,0,1,0,0,0,0,0,0,0,0,0,1,0,none,,0,none,,,0,0,0,none,,0,none,,1,middle,394,direction_change,1,Quadratic Trend,Trend Shift,0,0,0,0,0,1,0,1,0,0,0,0,0,0,1,0
2021-07-06,0.36461125459111204,0,0,0,1,0,0,0,1,0,0,0,0,0,0,0,0,0,1,0,none,,0,none,,,0,0,0,none,,0,none,,1,middle,394,direction_change,1,Quadratic Trend,Trend Shift,0,0,0,0,0,1,0,1,0,0,0,0,0,0,1,0
2021-07-07,0.3487723417299846,0,0,0,1,0,0,0,1,0,0,0,0,0,0,0,0,0,1,0,none,,0,none,,,0,0,0,none,,0,none,,1,middle,394,direction_change,1,Quadratic Trend,Trend Shift,0,0,0,0,0,1,0,1,0,0,0,0,0,0,1,0
2021-07-08,0.3250412514303724,0,0,0,1,0,0,0,1,0,0,0,0,0,0,0,0,0,1,0,none,,0,none,,,0,0,0,none,,0,none,,1,middle,394,direction_change,1,Quadratic Trend,Trend Shift,0,0,0,0,0,1,0,1,0,0,0,0,0,0,1,0
2021-07-09,0.33954289155932066,0,0,0,1,0,0,0,1,0,0,0,0,0,0,0,0,0,1,0,none,,0,none,,,0,0,0,none,,0,none,,1,middle,394,direction_change,1,Quadratic Trend,Trend Shift,0,0,0,0,0,1,0,1,0,0,0,0,0,0,1,0
2021-07-10,0.3201790343527959,0,0,0,1,0,0,0,1,0,0,0,0,0,0,0,0,0,1,0,none,,0,none,,,0,0,0,none,,0,none,,1,middle,394,direction_change,1,Quadratic Trend,Trend Shift,0,0,0,0,0,1,0,1,0,0,0,0,0,0,1,0
2021-07-11,0.2581837749443553,0,0,0,1,0,0,0,1,0,0,0,0,0,0,0,0,0,1,0,none,,0,none,,,0,0,0,none,,0,none,,1,middle,394,direction_change,1,Quadratic Trend,Trend Shift,0,0,0,0,0,1,0,1,0,0,0,0,0,0,1,0
2021-07-12,0.33228995170749936,0,0,0,1,0,0,0,1,0,0,0,0,0,0,0,0,0,1,0,none,,0,none,,,0,0,0,none,,0,none,,1,middle,394,direction_change,1,Quadratic Trend,Trend Shift,0,0,0,0,0,1,0,1,0,0,0,0,0,0,1,0
2021-07-13,0.3038837491744285,0,0,0,1,0,0,0,1,0,0,0,0,0,0,0,0,0,1,0,none,,0,none,,,0,0,0,none,,0,none,,1,middle,394,direction_change,1,Quadratic Trend,Trend Shift,0,0,0,0,0,1,0,1,0,0,0,0,0,0,1,0
2021-07-14,0.33858579111428855,0,0,0,1,0,0,0,1,0,0,0,0,0,0,0,0,0,1,0,none,,0,none,,,0,0,0,none,,0,none,,1,middle,394,direction_change,1,Quadratic Trend,Trend Shift,0,0,0,0,0,1,0,1,0,0,0,0,0,0,1,0
2021-07-15,0.24165459010094958,0,0,0,1,0,0,0,1,0,0,0,0,0,0,0,0,0,1,0,none,,0,none,,,0,0,0,none,,0,none,,1,middle,394,direction_change,1,Quadratic Trend,Trend Shift,0,0,0,0,0,1,0,1,0,0,0,0,0,0,1,0
2021-07-16,0.2311654345120839,0,0,0,1,0,0,0,1,0,0,0,0,0,0,0,0,0,1,0,none,,0,none,,,0,0,0,none,,0,none,,1,middle,394,direction_change,1,Quadratic Trend,Trend Shift,0,0,0,0,0,1,0,1,0,0,0,0,0,0,1,0
2021-07-17,0.2883030173806658,0,0,0,1,0,0,0,1,0,0,0,0,0,0,0,0,0,1,0,none,,0,none,,,0,0,0,none,,0,none,,1,middle,394,direction_change,1,Quadratic Trend,Trend Shift,0,0,0,0,0,1,0,1,0,0,0,0,0,0,1,0
2021-07-18,0.2279490461517431,0,0,0,1,0,0,0,1,0,0,0,0,0,0,0,0,0,1,0,none,,0,none,,,0,0,0,none,,0,none,,1,middle,394,direction_change,1,Quadratic Trend,Trend Shift,0,0,0,0,0,1,0,1,0,0,0,0,0,0,1,0
2021-07-19,0.2830093866419388,0,0,0,1,0,0,0,1,0,0,0,0,0,0,0,0,0,1,0,none,,0,none,,,0,0,0,none,,0,none,,1,middle,394,direction_change,1,Quadratic Trend,Trend Shift,0,0,0,0,0,1,0,1,0,0,0,0,0,0,1,0
2021-07-20,0.24022764106780164,0,0,0,1,0,0,0,1,0,0,0,0,0,0,0,0,0,1,0,none,,0,none,,,0,0,0,none,,0,none,,1,middle,394,direction_change,1,Quadratic Trend,Trend Shift,0,0,0,0,0,1,0,1,0,0,0,0,0,0,1,0
2021-07-21,0.20487541450114727,0,0,0,1,0,0,0,1,0,0,0,0,0,0,0,0,0,1,0,none,,0,none,,,0,0,0,none,,0,none,,1,middle,394,direction_change,1,Quadratic Trend,Trend Shift,0,0,0,0,0,1,0,1,0,0,0,0,0,0,1,0
2021-07-22,0.1971432307381928,0,0,0,1,0,0,0,1,0,0,0,0,0,0,0,0,0,1,0,none,,0,none,,,0,0,0,none,,0,none,,1,middle,394,direction_change,1,Quadratic Trend,Trend Shift,0,0,0,0,0,1,0,1,0,0,0,0,0,0,1,0
2021-07-23,0.16931581318686556,0,0,0,1,0,0,0,1,0,0,0,0,0,0,0,0,0,1,0,none,,0,none,,,0,0,0,none,,0,none,,1,middle,394,direction_change,1,Quadratic Trend,Trend Shift,0,0,0,0,0,1,0,1,0,0,0,0,0,0,1,0
2021-07-24,0.17585684922025632,0,0,0,1,0,0,0,1,0,0,0,0,0,0,0,0,0,1,0,none,,0,none,,,0,0,0,none,,0,none,,1,middle,394,direction_change,1,Quadratic Trend,Trend Shift,0,0,0,0,0,1,0,1,0,0,0,0,0,0,1,0
2021-07-25,0.14419209975656508,0,0,0,1,0,0,0,1,0,0,0,0,0,0,0,0,0,1,0,none,,0,none,,,0,0,0,none,,0,none,,1,middle,394,direction_change,1,Quadratic Trend,Trend Shift,0,0,0,0,0,1,0,1,0,0,0,0,0,0,1,0
2021-07-26,0.19270699316230877,0,0,0,1,0,0,0,1,0,0,0,0,0,0,0,0,0,1,0,none,,0,none,,,0,0,0,none,,0,none,,1,middle,394,direction_change,1,Quadratic Trend,Trend Shift,0,0,0,0,0,1,0,1,0,0,0,0,0,0,1,0
2021-07-27,0.21394252500519853,0,0,0,1,0,0,0,1,0,0,0,0,0,0,0,0,0,1,0,none,,0,none,,,0,0,0,none,,0,none,,1,middle,394,direction_change,1,Quadratic Trend,Trend Shift,0,0,0,0,0,1,0,1,0,0,0,0,0,0,1,0
2021-07-28,0.16238140509350196,0,0,0,1,0,0,0,1,0,0,0,0,0,0,0,0,0,1,0,none,,0,none,,,0,0,0,none,,0,none,,1,middle,394,direction_change,1,Quadratic Trend,Trend Shift,0,0,0,0,0,1,0,1,0,0,0,0,0,0,1,0
2021-07-29,0.18650368817883006,0,0,0,1,0,0,0,1,0,0,0,0,0,0,0,0,0,1,0,none,,0,none,,,0,0,0,none,,0,none,,1,middle,394,direction_change,1,Quadratic Trend,Trend Shift,0,0,0,0,0,1,0,1,0,0,0,0,0,0,1,0
2021-07-30,0.14262284952792198,0,0,0,1,0,0,0,1,0,0,0,0,0,0,0,0,0,1,0,none,,0,none,,,0,0,0,none,,0,none,,1,middle,394,direction_change,1,Quadratic Trend,Trend Shift,0,0,0,0,0,1,0,1,0,0,0,0,0,0,1,0
2021-07-31,0.12723117708203735,0,0,0,1,0,0,0,1,0,0,0,0,0,0,0,0,0,1,0,none,,0,none,,,0,0,0,none,,0,none,,1,middle,394,direction_change,1,Quadratic Trend,Trend Shift,0,0,0,0,0,1,0,1,0,0,0,0,0,0,1,0
2021-08-01,0.15363973707423959,0,0,0,1,0,0,0,1,0,0,0,0,0,0,0,0,0,1,0,none,,0,none,,,0,0,0,none,,0,none,,1,middle,394,direction_change,1,Quadratic Trend,Trend Shift,0,0,0,0,0,1,0,1,0,0,0,0,0,0,1,0
2021-08-02,0.15886734303678668,0,0,0,1,0,0,0,1,0,0,0,0,0,0,0,0,0,1,0,none,,0,none,,,0,0,0,none,,0,none,,1,middle,394,direction_change,1,Quadratic Trend,Trend Shift,0,0,0,0,0,1,0,1,0,0,0,0,0,0,1,0
2021-08-03,0.13321090469221197,0,0,0,1,0,0,0,1,0,0,0,0,0,0,0,0,0,1,0,none,,0,none,,,0,0,0,none,,0,none,,1,middle,394,direction_change,1,Quadratic Trend,Trend Shift,0,0,0,0,0,1,0,1,0,0,0,0,0,0,1,0
2021-08-04,0.08394950643938018,0,0,0,1,0,0,0,1,0,0,0,0,0,0,0,0,0,1,0,none,,0,none,,,0,0,0,none,,0,none,,1,middle,394,direction_change,1,Quadratic Trend,Trend Shift,0,0,0,0,0,1,0,1,0,0,0,0,0,0,1,0
2021-08-05,0.09023408584783087,0,0,0,1,0,0,0,1,0,0,0,0,0,0,0,0,0,1,0,none,,0,none,,,0,0,0,none,,0,none,,1,middle,394,direction_change,1,Quadratic Trend,Trend Shift,0,0,0,0,0,1,0,1,0,0,0,0,0,0,1,0
2021-08-06,0.07918102154758017,0,0,0,1,0,0,0,1,0,0,0,0,0,0,0,0,0,1,0,none,,0,none,,,0,0,0,none,,0,none,,1,middle,394,direction_change,1,Quadratic Trend,Trend Shift,0,0,0,0,0,1,0,1,0,0,0,0,0,0,1,0
2021-08-07,0.09221750002428696,0,0,0,1,0,0,0,1,0,0,0,0,0,0,0,0,0,1,0,none,,0,none,,,0,0,0,none,,0,none,,1,middle,394,direction_change,1,Quadratic Trend,Trend Shift,0,0,0,0,0,1,0,1,0,0,0,0,0,0,1,0
2021-08-08,0.10924654670706695,0,0,0,1,0,0,0,1,0,0,0,0,0,0,0,0,0,1,0,none,,0,none,,,0,0,0,none,,0,none,,1,middle,394,direction_change,1,Quadratic Trend,Trend Shift,0,0,0,0,0,1,0,1,0,0,0,0,0,0,1,0
2021-08-09,0.0647146158499584,0,0,0,1,0,0,0,1,0,0,0,0,0,0,0,0,0,1,0,none,,0,none,,,0,0,0,none,,0,none,,1,middle,394,direction_change,1,Quadratic Trend,Trend Shift,0,0,0,0,0,1,0,1,0,0,0,0,0,0,1,0
2021-08-10,0.049193709250555676,0,0,0,1,0,0,0,1,0,0,0,0,0,0,0,0,0,1,0,none,,0,none,,,0,0,0,none,,0,none,,1,middle,394,direction_change,1,Quadratic Trend,Trend Shift,0,0,0,0,0,1,0,1,0,0,0,0,0,0,1,0
2021-08-11,0.008564116522791241,0,0,0,1,0,0,0,1,0,0,0,0,0,0,0,0,0,1,0,none,,0,none,,,0,0,0,none,,0,none,,1,middle,394,direction_change,1,Quadratic Trend,Trend Shift,0,0,0,0,0,1,0,1,0,0,0,0,0,0,1,0
2021-08-12,0.0652621732655279,0,0,0,1,0,0,0,1,0,0,0,0,0,0,0,0,0,1,0,none,,0,none,,,0,0,0,none,,0,none,,1,middle,394,direction_change,1,Quadratic Trend,Trend Shift,0,0,0,0,0,1,0,1,0,0,0,0,0,0,1,0
2021-08-13,0.018534389610379585,0,0,0,1,0,0,0,1,0,0,0,0,0,0,0,0,0,1,0,none,,0,none,,,0,0,0,none,,0,none,,1,middle,394,direction_change,1,Quadratic Trend,Trend Shift,0,0,0,0,0,1,0,1,0,0,0,0,0,0,1,0
2021-08-14,0.029626786804299178,0,0,0,1,0,0,0,1,0,0,0,0,0,0,0,0,0,1,0,none,,0,none,,,0,0,0,none,,0,none,,1,middle,394,direction_change,1,Quadratic Trend,Trend Shift,0,0,0,0,0,1,0,1,0,0,0,0,0,0,1,0
2021-08-15,-0.03285506280971401,0,0,0,1,0,0,0,1,0,0,0,0,0,0,0,0,0,1,0,none,,0,none,,,0,0,0,none,,0,none,,1,middle,394,direction_change,1,Quadratic Trend,Trend Shift,0,0,0,0,0,1,0,1,0,0,0,0,0,0,1,0
2021-08-16,0.044901546262440376,0,0,0,1,0,0,0,1,0,0,0,0,0,0,0,0,0,1,0,none,,0,none,,,0,0,0,none,,0,none,,1,middle,394,direction_change,1,Quadratic Trend,Trend Shift,0,0,0,0,0,1,0,1,0,0,0,0,0,0,1,0
2021-08-17,-0.021370976100331184,0,0,0,1,0,0,0,1,0,0,0,0,0,0,0,0,0,1,0,none,,0,none,,,0,0,0,none,,0,none,,1,middle,394,direction_change,1,Quadratic Trend,Trend Shift,0,0,0,0,0,1,0,1,0,0,0,0,0,0,1,0
2021-08-18,-0.015015405079388129,0,0,0,1,0,0,0,1,0,0,0,0,0,0,0,0,0,1,0,none,,0,none,,,0,0,0,none,,0,none,,1,middle,394,direction_change,1,Quadratic Trend,Trend Shift,0,0,0,0,0,1,0,1,0,0,0,0,0,0,1,0
2021-08-19,-0.008243106034746537,0,0,0,1,0,0,0,1,0,0,0,0,0,0,0,0,0,1,0,none,,0,none,,,0,0,0,none,,0,none,,1,middle,394,direction_change,1,Quadratic Trend,Trend Shift,0,0,0,0,0,1,0,1,0,0,0,0,0,0,1,0
2021-08-20,-0.06813514608016445,0,0,0,1,0,0,0,1,0,0,0,0,0,0,0,0,0,1,0,none,,0,none,,,0,0,0,none,,0,none,,1,middle,394,direction_change,1,Quadratic Trend,Trend Shift,0,0,0,0,0,1,0,1,0,0,0,0,0,0,1,0
2021-08-21,-0.056309785249680375,0,0,0,1,0,0,0,1,0,0,0,0,0,0,0,0,0,1,0,none,,0,none,,,0,0,0,none,,0,none,,1,middle,394,direction_change,1,Quadratic Trend,Trend Shift,0,0,0,0,0,1,0,1,0,0,0,0,0,0,1,0
2021-08-22,-0.06027878650798094,0,0,0,1,0,0,0,1,0,0,0,0,0,0,0,0,0,1,0,none,,0,none,,,0,0,0,none,,0,none,,1,middle,394,direction_change,1,Quadratic Trend,Trend Shift,0,0,0,0,0,1,0,1,0,0,0,0,0,0,1,0
2021-08-23,-0.025766245367654157,0,0,0,1,0,0,0,1,0,0,0,0,0,0,0,0,0,1,0,none,,0,none,,,0,0,0,none,,0,none,,1,middle,394,direction_change,1,Quadratic Trend,Trend Shift,0,0,0,0,0,1,0,1,0,0,0,0,0,0,1,0
2021-08-24,-0.08073676918097508,0,0,0,1,0,0,0,1,0,0,0,0,0,0,0,0,0,1,0,none,,0,none,,,0,0,0,none,,0,none,,1,middle,394,direction_change,1,Quadratic Trend,Trend Shift,0,0,0,0,0,1,0,1,0,0,0,0,0,0,1,0
2021-08-25,-0.027136647981238528,0,0,0,1,0,0,0,1,0,0,0,0,0,0,0,0,0,1,0,none,,0,none,,,0,0,0,none,,0,none,,1,middle,394,direction_change,1,Quadratic Trend,Trend Shift,0,0,0,0,0,1,0,1,0,0,0,0,0,0,1,0
2021-08-26,-0.0705933602873319,0,0,0,1,0,0,0,1,0,0,0,0,0,0,0,0,0,1,0,none,,0,none,,,0,0,0,none,,0,none,,1,middle,394,direction_change,1,Quadratic Trend,Trend Shift,0,0,0,0,0,1,0,1,0,0,0,0,0,0,1,0
2021-08-27,-0.1105625483801056,0,0,0,1,0,0,0,1,0,0,0,0,0,0,0,0,0,1,0,none,,0,none,,,0,0,0,none,,0,none,,1,middle,394,direction_change,1,Quadratic Trend,Trend Shift,0,0,0,0,0,1,0,1,0,0,0,0,0,0,1,0
2021-08-28,-0.10521576380202341,0,0,0,1,0,0,0,1,0,0,0,0,0,0,0,0,0,1,0,none,,0,none,,,0,0,0,none,,0,none,,1,middle,394,direction_change,1,Quadratic Trend,Trend Shift,0,0,0,0,0,1,0,1,0,0,0,0,0,0,1,0
2021-08-29,-0.0911921112043947,0,0,0,1,0,0,0,1,0,0,0,0,0,0,0,0,0,1,0,none,,0,none,,,0,0,0,none,,0,none,,1,middle,394,direction_change,1,Quadratic Trend,Trend Shift,0,0,0,0,0,1,0,1,0,0,0,0,0,0,1,0
2021-08-30,-0.0966283991487115,0,0,0,1,0,0,0,1,0,0,0,0,0,0,0,0,0,1,0,none,,0,none,,,0,0,0,none,,0,none,,1,middle,394,direction_change,1,Quadratic Trend,Trend Shift,0,0,0,0,0,1,0,1,0,0,0,0,0,0,1,0
2021-08-31,-0.1287799330469441,0,0,0,1,0,0,0,1,0,0,0,0,0,0,0,0,0,1,0,none,,0,none,,,0,0,0,none,,0,none,,1,middle,394,direction_change,1,Quadratic Trend,Trend Shift,0,0,0,0,0,1,0,1,0,0,0,0,0,0,1,0
2021-09-01,-0.14366810845255543,0,0,0,1,0,0,0,1,0,0,0,0,0,0,0,0,0,1,0,none,,0,none,,,0,0,0,none,,0,none,,1,middle,394,direction_change,1,Quadratic Trend,Trend Shift,0,0,0,0,0,1,0,1,0,0,0,0,0,0,1,0
2021-09-02,-0.10049992175097655,0,0,0,1,0,0,0,1,0,0,0,0,0,0,0,0,0,1,0,none,,0,none,,,0,0,0,none,,0,none,,1,middle,394,direction_change,1,Quadratic Trend,Trend Shift,0,0,0,0,0,1,0,1,0,0,0,0,0,0,1,0
2021-09-03,-0.13692386506782042,0,0,0,1,0,0,0,1,0,0,0,0,0,0,0,0,0,1,0,none,,0,none,,,0,0,0,none,,0,none,,1,middle,394,direction_change,1,Quadratic Trend,Trend Shift,0,0,0,0,0,1,0,1,0,0,0,0,0,0,1,0
2021-09-04,-0.176373757379459,0,0,0,1,0,0,0,1,0,0,0,0,0,0,0,0,0,1,0,none,,0,none,,,0,0,0,none,,0,none,,1,middle,394,direction_change,1,Quadratic Trend,Trend Shift,0,0,0,0,0,1,0,1,0,0,0,0,0,0,1,0
2021-09-05,-0.15469704476556476,0,0,0,1,0,0,0,1,0,0,0,0,0,0,0,0,0,1,0,none,,0,none,,,0,0,0,none,,0,none,,1,middle,394,direction_change,1,Quadratic Trend,Trend Shift,0,0,0,0,0,1,0,1,0,0,0,0,0,0,1,0
2021-09-06,-0.15479644923421398,0,0,0,1,0,0,0,1,0,0,0,0,0,0,0,0,0,1,0,none,,0,none,,,0,0,0,none,,0,none,,1,middle,394,direction_change,1,Quadratic Trend,Trend Shift,0,0,0,0,0,1,0,1,0,0,0,0,0,0,1,0
2021-09-07,-0.20213476289527266,0,0,0,1,0,0,0,1,0,0,0,0,0,0,0,0,0,1,0,none,,0,none,,,0,0,0,none,,0,none,,1,middle,394,direction_change,1,Quadratic Trend,Trend Shift,0,0,0,0,0,1,0,1,0,0,0,0,0,0,1,0
2021-09-08,-0.24309657573774,0,0,0,1,0,0,0,1,0,0,0,0,0,0,0,0,0,1,0,none,,0,none,,,0,0,0,none,,0,none,,1,middle,394,direction_change,1,Quadratic Trend,Trend Shift,0,0,0,0,0,1,0,1,0,0,0,0,0,0,1,0
2021-09-09,-0.23972125368299305,0,0,0,1,0,0,0,1,0,0,0,0,0,0,0,0,0,1,0,none,,0,none,,,0,0,0,none,,0,none,,1,middle,394,direction_change,1,Quadratic Trend,Trend Shift,0,0,0,0,0,1,0,1,0,0,0,0,0,0,1,0
2021-09-10,-0.2346366634856587,0,0,0,1,0,0,0,1,0,0,0,0,0,0,0,0,0,1,0,none,,0,none,,,0,0,0,none,,0,none,,1,middle,394,direction_change,1,Quadratic Trend,Trend Shift,0,0,0,0,0,1,0,1,0,0,0,0,0,0,1,0
2021-09-11,-0.20758924507396928,0,0,0,1,0,0,0,1,0,0,0,0,0,0,0,0,0,1,0,none,,0,none,,,0,0,0,none,,0,none,,1,middle,394,direction_change,1,Quadratic Trend,Trend Shift,0,0,0,0,0,1,0,1,0,0,0,0,0,0,1,0
2021-09-12,-0.2447718869768809,0,0,0,1,0,0,0,1,0,0,0,0,0,0,0,0,0,1,0,none,,0,none,,,0,0,0,none,,0,none,,1,middle,394,direction_change,1,Quadratic Trend,Trend Shift,0,0,0,0,0,1,0,1,0,0,0,0,0,0,1,0
2021-09-13,-0.23206490131023186,0,0,0,1,0,0,0,1,0,0,0,0,0,0,0,0,0,1,0,none,,0,none,,,0,0,0,none,,0,none,,1,middle,394,direction_change,1,Quadratic Trend,Trend Shift,0,0,0,0,0,1,0,1,0,0,0,0,0,0,1,0
2021-09-14,-0.20864633386352022,0,0,0,1,0,0,0,1,0,0,0,0,0,0,0,0,0,1,0,none,,0,none,,,0,0,0,none,,0,none,,1,middle,394,direction_change,1,Quadratic Trend,Trend Shift,0,0,0,0,0,1,0,1,0,0,0,0,0,0,1,0
2021-09-15,-0.242073437767086,0,0,0,1,0,0,0,1,0,0,0,0,0,0,0,0,0,1,0,none,,0,none,,,0,0,0,none,,0,none,,1,middle,394,direction_change,1,Quadratic Trend,Trend Shift,0,0,0,0,0,1,0,1,0,0,0,0,0,0,1,0
2021-09-16,-0.20129049728478524,0,0,0,1,0,0,0,1,0,0,0,0,0,0,0,0,0,1,0,none,,0,none,,,0,0,0,none,,0,none,,1,middle,394,direction_change,1,Quadratic Trend,Trend Shift,0,0,0,0,0,1,0,1,0,0,0,0,0,0,1,0
2021-09-17,-0.22848212042259558,0,0,0,1,0,0,0,1,0,0,0,0,0,0,0,0,0,1,0,none,,0,none,,,0,0,0,none,,0,none,,1,middle,394,direction_change,1,Quadratic Trend,Trend Shift,0,0,0,0,0,1,0,1,0,0,0,0,0,0,1,0
2021-09-18,-0.2974625325344264,0,0,0,1,0,0,0,1,0,0,0,0,0,0,0,0,0,1,0,none,,0,none,,,0,0,0,none,,0,none,,1,middle,394,direction_change,1,Quadratic Trend,Trend Shift,0,0,0,0,0,1,0,1,0,0,0,0,0,0,1,0
2021-09-19,-0.2727383998049852,0,0,0,1,0,0,0,1,0,0,0,0,0,0,0,0,0,1,0,none,,0,none,,,0,0,0,none,,0,none,,1,middle,394,direction_change,1,Quadratic Trend,Trend Shift,0,0,0,0,0,1,0,1,0,0,0,0,0,0,1,0
2021-09-20,-0.3136326988413746,0,0,0,1,0,0,0,1,0,0,0,0,0,0,0,0,0,1,0,none,,0,none,,,0,0,0,none,,0,none,,1,middle,394,direction_change,1,Quadratic Trend,Trend Shift,0,0,0,0,0,1,0,1,0,0,0,0,0,0,1,0
2021-09-21,-0.27315944669702097,0,0,0,1,0,0,0,1,0,0,0,0,0,0,0,0,0,1,0,none,,0,none,,,0,0,0,none,,0,none,,1,middle,394,direction_change,1,Quadratic Trend,Trend Shift,0,0,0,0,0,1,0,1,0,0,0,0,0,0,1,0
2021-09-22,-0.35168088921071505,0,0,0,1,0,0,0,1,0,0,0,0,0,0,0,0,0,1,0,none,,0,none,,,0,0,0,none,,0,none,,1,middle,394,direction_change,1,Quadratic Trend,Trend Shift,0,0,0,0,0,1,0,1,0,0,0,0,0,0,1,0
2021-09-23,-0.2756178258436505,0,0,0,1,0,0,0,1,0,0,0,0,0,0,0,0,0,1,0,none,,0,none,,,0,0,0,none,,0,none,,1,middle,394,direction_change,1,Quadratic Trend,Trend Shift,0,0,0,0,0,1,0,1,0,0,0,0,0,0,1,0
2021-09-24,-0.362397511704582,0,0,0,1,0,0,0,1,0,0,0,0,0,0,0,0,0,1,0,none,,0,none,,,0,0,0,none,,0,none,,1,middle,394,direction_change,1,Quadratic Trend,Trend Shift,0,0,0,0,0,1,0,1,0,0,0,0,0,0,1,0
2021-09-25,-0.36346342604358384,0,0,0,1,0,0,0,1,0,0,0,0,0,0,0,0,0,1,0,none,,0,none,,,0,0,0,none,,0,none,,1,middle,394,direction_change,1,Quadratic Trend,Trend Shift,0,0,0,0,0,1,0,1,0,0,0,0,0,0,1,0
2021-09-26,-0.33775450285035846,0,0,0,1,0,0,0,1,0,0,0,0,0,0,0,0,0,1,0,none,,0,none,,,0,0,0,none,,0,none,,1,middle,394,direction_change,1,Quadratic Trend,Trend Shift,0,0,0,0,0,1,0,1,0,0,0,0,0,0,1,0
2021-09-27,-0.3245381643471462,0,0,0,1,0,0,0,1,0,0,0,0,0,0,0,0,0,1,0,none,,0,none,,,0,0,0,none,,0,none,,1,middle,394,direction_change,1,Quadratic Trend,Trend Shift,0,0,0,0,0,1,0,1,0,0,0,0,0,0,1,0
2021-09-28,-0.3274310381850604,0,0,0,1,0,0,0,1,0,0,0,0,0,0,0,0,0,1,0,none,,0,none,,,0,0,0,none,,0,none,,1,middle,394,direction_change,1,Quadratic Trend,Trend Shift,0,0,0,0,0,1,0,1,0,0,0,0,0,0,1,0
2021-09-29,-0.42119489463095033,0,0,0,1,0,0,0,1,0,0,0,0,0,0,0,0,0,1,0,none,,0,none,,,0,0,0,none,,0,none,,1,middle,394,direction_change,1,Quadratic Trend,Trend Shift,0,0,0,0,0,1,0,1,0,0,0,0,0,0,1,0
2021-09-30,-0.355168890518875,0,0,0,1,0,0,0,1,0,0,0,0,0,0,0,0,0,1,0,none,,0,none,,,0,0,0,none,,0,none,,1,middle,394,direction_change,1,Quadratic Trend,Trend Shift,0,0,0,0,0,1,0,1,0,0,0,0,0,0,1,0
2021-10-01,-0.35390154569810406,0,0,0,1,0,0,0,1,0,0,0,0,0,0,0,0,0,1,0,none,,0,none,,,0,0,0,none,,0,none,,1,middle,394,direction_change,1,Quadratic Trend,Trend Shift,0,0,0,0,0,1,0,1,0,0,0,0,0,0,1,0
2021-10-02,-0.3346388193777022,0,0,0,1,0,0,0,1,0,0,0,0,0,0,0,0,0,1,0,none,,0,none,,,0,0,0,none,,0,none,,1,middle,394,direction_change,1,Quadratic Trend,Trend Shift,0,0,0,0,0,1,0,1,0,0,0,0,0,0,1,0
2021-10-03,-0.4208406654143594,0,0,0,1,0,0,0,1,0,0,0,0,0,0,0,0,0,1,0,none,,0,none,,,0,0,0,none,,0,none,,1,middle,394,direction_change,1,Quadratic Trend,Trend Shift,0,0,0,0,0,1,0,1,0,0,0,0,0,0,1,0
2021-10-04,-0.35753430285670423,0,0,0,1,0,0,0,1,0,0,0,0,0,0,0,0,0,1,0,none,,0,none,,,0,0,0,none,,0,none,,1,middle,394,direction_change,1,Quadratic Trend,Trend Shift,0,0,0,0,0,1,0,1,0,0,0,0,0,0,1,0
2021-10-05,-0.3864070998084109,0,0,0,1,0,0,0,1,0,0,0,0,0,0,0,0,0,1,0,none,,0,none,,,0,0,0,none,,0,none,,1,middle,394,direction_change,1,Quadratic Trend,Trend Shift,0,0,0,0,0,1,0,1,0,0,0,0,0,0,1,0
2021-10-06,-0.4484662497902183,0,0,0,1,0,0,0,1,0,0,0,0,0,0,0,0,0,1,0,none,,0,none,,,0,0,0,none,,0,none,,1,middle,394,direction_change,1,Quadratic Trend,Trend Shift,0,0,0,0,0,1,0,1,0,0,0,0,0,0,1,0
2021-10-07,-0.4305641212475445,0,0,0,1,0,0,0,1,0,0,0,0,0,0,0,0,0,1,0,none,,0,none,,,0,0,0,none,,0,none,,1,middle,394,direction_change,1,Quadratic Trend,Trend Shift,0,0,0,0,0,1,0,1,0,0,0,0,0,0,1,0
2021-10-08,-0.4122417087073264,0,0,0,1,0,0,0,1,0,0,0,0,0,0,0,0,0,1,0,none,,0,none,,,0,0,0,none,,0,none,,1,middle,394,direction_change,1,Quadratic Trend,Trend Shift,0,0,0,0,0,1,0,1,0,0,0,0,0,0,1,0
2021-10-09,-0.4494104106140228,0,0,0,1,0,0,0,1,0,0,0,0,0,0,0,0,0,1,0,none,,0,none,,,0,0,0,none,,0,none,,1,middle,394,direction_change,1,Quadratic Trend,Trend Shift,0,0,0,0,0,1,0,1,0,0,0,0,0,0,1,0
2021-10-10,-0.4521719413017062,0,0,0,1,0,0,0,1,0,0,0,0,0,0,0,0,0,1,0,none,,0,none,,,0,0,0,none,,0,none,,1,middle,394,direction_change,1,Quadratic Trend,Trend Shift,0,0,0,0,0,1,0,1,0,0,0,0,0,0,1,0
2021-10-11,-0.4418384806131122,0,0,0,1,0,0,0,1,0,0,0,0,0,0,0,0,0,1,0,none,,0,none,,,0,0,0,none,,0,none,,1,middle,394,direction_change,1,Quadratic Trend,Trend Shift,0,0,0,0,0,1,0,1,0,0,0,0,0,0,1,0
2021-10-12,-0.49710268311042116,0,0,0,1,0,0,0,1,0,0,0,0,0,0,0,0,0,1,0,none,,0,none,,,0,0,0,none,,0,none,,1,middle,394,direction_change,1,Quadratic Trend,Trend Shift,0,0,0,0,0,1,0,1,0,0,0,0,0,0,1,0
2021-10-13,-0.5341405584212183,0,0,0,1,0,0,0,1,0,0,0,0,0,0,0,0,0,1,0,none,,0,none,,,0,0,0,none,,0,none,,1,middle,394,direction_change,1,Quadratic Trend,Trend Shift,0,0,0,0,0,1,0,1,0,0,0,0,0,0,1,0
2021-10-14,-0.48704640522987774,0,0,0,1,0,0,0,1,0,0,0,0,0,0,0,0,0,1,0,none,,0,none,,,0,0,0,none,,0,none,,1,middle,394,direction_change,1,Quadratic Trend,Trend Shift,0,0,0,0,0,1,0,1,0,0,0,0,0,0,1,0
2021-10-15,-0.5178221441925235,0,0,0,1,0,0,0,1,0,0,0,0,0,0,0,0,0,1,0,none,,0,none,,,0,0,0,none,,0,none,,1,middle,394,direction_change,1,Quadratic Trend,Trend Shift,0,0,0,0,0,1,0,1,0,0,0,0,0,0,1,0
2021-10-16,-0.5173915815707656,0,0,0,1,0,0,0,1,0,0,0,0,0,0,0,0,0,1,0,none,,0,none,,,0,0,0,none,,0,none,,1,middle,394,direction_change,1,Quadratic Trend,Trend Shift,0,0,0,0,0,1,0,1,0,0,0,0,0,0,1,0
2021-10-17,-0.5709661152296381,0,0,0,1,0,0,0,1,0,0,0,0,0,0,0,0,0,1,0,none,,0,none,,,0,0,0,none,,0,none,,1,middle,394,direction_change,1,Quadratic Trend,Trend Shift,0,0,0,0,0,1,0,1,0,0,0,0,0,0,1,0
2021-10-18,-0.5578102693660465,0,0,0,1,0,0,0,1,0,0,0,0,0,0,0,0,0,1,0,none,,0,none,,,0,0,0,none,,0,none,,1,middle,394,direction_change,1,Quadratic Trend,Trend Shift,0,0,0,0,0,1,0,1,0,0,0,0,0,0,1,0
2021-10-19,-0.5234808286580329,0,0,0,1,0,0,0,1,0,0,0,0,0,0,0,0,0,1,0,none,,0,none,,,0,0,0,none,,0,none,,1,middle,394,direction_change,1,Quadratic Trend,Trend Shift,0,0,0,0,0,1,0,1,0,0,0,0,0,0,1,0
2021-10-20,-0.5919252994577164,0,0,0,1,0,0,0,1,0,0,0,0,0,0,0,0,0,1,0,none,,0,none,,,0,0,0,none,,0,none,,1,middle,394,direction_change,1,Quadratic Trend,Trend Shift,0,0,0,0,0,1,0,1,0,0,0,0,0,0,1,0
2021-10-21,-0.566673510351625,0,0,0,1,0,0,0,1,0,0,0,0,0,0,0,0,0,1,0,none,,0,none,,,0,0,0,none,,0,none,,1,middle,394,direction_change,1,Quadratic Trend,Trend Shift,0,0,0,0,0,1,0,1,0,0,0,0,0,0,1,0
2021-10-22,-0.5835000530838633,0,0,0,1,0,0,0,1,0,0,0,0,0,0,0,0,0,1,0,none,,0,none,,,0,0,0,none,,0,none,,1,middle,394,direction_change,1,Quadratic Trend,Trend Shift,0,0,0,0,0,1,0,1,0,0,0,0,0,0,1,0
2021-10-23,-0.5733695493929307,0,0,0,1,0,0,0,1,0,0,0,0,0,0,0,0,0,1,0,none,,0,none,,,0,0,0,none,,0,none,,1,middle,394,direction_change,1,Quadratic Trend,Trend Shift,0,0,0,0,0,1,0,1,0,0,0,0,0,0,1,0
2021-10-24,-0.606458921201449,0,0,0,1,0,0,0,1,0,0,0,0,0,0,0,0,0,1,0,none,,0,none,,,0,0,0,none,,0,none,,1,middle,394,direction_change,1,Quadratic Trend,Trend Shift,0,0,0,0,0,1,0,1,0,0,0,0,0,0,1,0
2021-10-25,-0.6034725203399052,0,0,0,1,0,0,0,1,0,0,0,0,0,0,0,0,0,1,0,none,,0,none,,,0,0,0,none,,0,none,,1,middle,394,direction_change,1,Quadratic Trend,Trend Shift,0,0,0,0,0,1,0,1,0,0,0,0,0,0,1,0
2021-10-26,-0.5746259890802361,0,0,0,1,0,0,0,1,0,0,0,0,0,0,0,0,0,1,0,none,,0,none,,,0,0,0,none,,0,none,,1,middle,394,direction_change,1,Quadratic Trend,Trend Shift,0,0,0,0,0,1,0,1,0,0,0,0,0,0,1,0
2021-10-27,-0.6271247077272337,0,0,0,1,0,0,0,1,0,0,0,0,0,0,0,0,0,1,0,none,,0,none,,,0,0,0,none,,0,none,,1,middle,394,direction_change,1,Quadratic Trend,Trend Shift,0,0,0,0,0,1,0,1,0,0,0,0,0,0,1,0
2021-10-28,-0.6692909330278844,0,0,0,1,0,0,0,1,0,0,0,0,0,0,0,0,0,1,0,none,,0,none,,,0,0,0,none,,0,none,,1,middle,394,direction_change,1,Quadratic Trend,Trend Shift,0,0,0,0,0,1,0,1,0,0,0,0,0,0,1,0
2021-10-29,-0.6007661354199396,0,0,0,1,0,0,0,1,0,0,0,0,0,0,0,0,0,1,0,none,,0,none,,,0,0,0,none,,0,none,,1,middle,394,direction_change,1,Quadratic Trend,Trend Shift,0,0,0,0,0,1,0,1,0,0,0,0,0,0,1,0
2021-10-30,-0.6885785043811642,0,0,0,1,0,0,0,1,0,0,0,0,0,0,0,0,0,1,0,none,,0,none,,,0,0,0,none,,0,none,,1,middle,394,direction_change,1,Quadratic Trend,Trend Shift,0,0,0,0,0,1,0,1,0,0,0,0,0,0,1,0
2021-10-31,-0.6481808424561194,0,0,0,1,0,0,0,1,0,0,0,0,0,0,0,0,0,1,0,none,,0,none,,,0,0,0,none,,0,none,,1,middle,394,direction_change,1,Quadratic Trend,Trend Shift,0,0,0,0,0,1,0,1,0,0,0,0,0,0,1,0
2021-11-01,-0.6692408883300935,0,0,0,1,0,0,0,1,0,0,0,0,0,0,0,0,0,1,0,none,,0,none,,,0,0,0,none,,0,none,,1,middle,394,direction_change,1,Quadratic Trend,Trend Shift,0,0,0,0,0,1,0,1,0,0,0,0,0,0,1,0
2021-11-02,-0.6951567960582997,0,0,0,1,0,0,0,1,0,0,0,0,0,0,0,0,0,1,0,none,,0,none,,,0,0,0,none,,0,none,,1,middle,394,direction_change,1,Quadratic Trend,Trend Shift,0,0,0,0,0,1,0,1,0,0,0,0,0,0,1,0
2021-11-03,-0.6905561978555615,0,0,0,1,0,0,0,1,0,0,0,0,0,0,0,0,0,1,0,none,,0,none,,,0,0,0,none,,0,none,,1,middle,394,direction_change,1,Quadratic Trend,Trend Shift,0,0,0,0,0,1,0,1,0,0,0,0,0,0,1,0
2021-11-04,-0.6822406061586002,0,0,0,1,0,0,0,1,0,0,0,0,0,0,0,0,0,1,0,none,,0,none,,,0,0,0,none,,0,none,,1,middle,394,direction_change,1,Quadratic Trend,Trend Shift,0,0,0,0,0,1,0,1,0,0,0,0,0,0,1,0
2021-11-05,-0.7103744054697357,0,0,0,1,0,0,0,1,0,0,0,0,0,0,0,0,0,1,0,none,,0,none,,,0,0,0,none,,0,none,,1,middle,394,direction_change,1,Quadratic Trend,Trend Shift,0,0,0,0,0,1,0,1,0,0,0,0,0,0,1,0
2021-11-06,-0.7044993944339953,0,0,0,1,0,0,0,1,0,0,0,0,0,0,0,0,0,1,0,none,,0,none,,,0,0,0,none,,0,none,,1,middle,394,direction_change,1,Quadratic Trend,Trend Shift,0,0,0,0,0,1,0,1,0,0,0,0,0,0,1,0
2021-11-07,-0.6967578397794054,0,0,0,1,0,0,0,1,0,0,0,0,0,0,0,0,0,1,0,none,,0,none,,,0,0,0,none,,0,none,,1,middle,394,direction_change,1,Quadratic Trend,Trend Shift,0,0,0,0,0,1,0,1,0,0,0,0,0,0,1,0
2021-11-08,-0.7013950791443124,0,0,0,1,0,0,0,1,0,0,0,0,0,0,0,0,0,1,0,none,,0,none,,,0,0,0,none,,0,none,,1,middle,394,direction_change,1,Quadratic Trend,Trend Shift,0,0,0,0,0,1,0,1,0,0,0,0,0,0,1,0
2021-11-09,-0.7467621234307008,0,0,0,1,0,0,0,1,0,0,0,0,0,0,0,0,0,1,0,none,,0,none,,,0,0,0,none,,0,none,,1,middle,394,direction_change,1,Quadratic Trend,Trend Shift,0,0,0,0,0,1,0,1,0,0,0,0,0,0,1,0
2021-11-10,-0.7629682809711463,0,0,0,1,0,0,0,1,0,0,0,0,0,0,0,0,0,1,0,none,,0,none,,,0,0,0,none,,0,none,,1,middle,394,direction_change,1,Quadratic Trend,Trend Shift,0,0,0,0,0,1,0,1,0,0,0,0,0,0,1,0
2021-11-11,-0.7105909986626936,0,0,0,1,0,0,0,1,0,0,0,0,0,0,0,0,0,1,0,none,,0,none,,,0,0,0,none,,0,none,,1,middle,394,direction_change,1,Quadratic Trend,Trend Shift,0,0,0,0,0,1,0,1,0,0,0,0,0,0,1,0
2021-11-12,-0.7585097449091969,0,0,0,1,0,0,0,1,0,0,0,0,0,0,0,0,0,1,0,none,,0,none,,,0,0,0,none,,0,none,,1,middle,394,direction_change,1,Quadratic Trend,Trend Shift,0,0,0,0,0,1,0,1,0,0,0,0,0,0,1,0
2021-11-13,-0.7550203220249246,0,0,0,1,0,0,0,1,0,0,0,0,0,0,0,0,0,1,0,none,,0,none,,,0,0,0,none,,0,none,,1,middle,394,direction_change,1,Quadratic Trend,Trend Shift,0,0,0,0,0,1,0,1,0,0,0,0,0,0,1,0
2021-11-14,-0.7886096006001339,0,0,0,1,0,0,0,1,0,0,0,0,0,0,0,0,0,1,0,none,,0,none,,,0,0,0,none,,0,none,,1,middle,394,direction_change,1,Quadratic Trend,Trend Shift,0,0,0,0,0,1,0,1,0,0,0,0,0,0,1,0
2021-11-15,-0.7550459879882094,0,0,0,1,0,0,0,1,0,0,0,0,0,0,0,0,0,1,0,none,,0,none,,,0,0,0,none,,0,none,,1,middle,394,direction_change,1,Quadratic Trend,Trend Shift,0,0,0,0,0,1,0,1,0,0,0,0,0,0,1,0
2021-11-16,-0.8323771127211902,0,0,0,1,0,0,0,1,0,0,0,0,0,0,0,0,0,1,0,none,,0,none,,,0,0,0,none,,0,none,,1,middle,394,direction_change,1,Quadratic Trend,Trend Shift,0,0,0,0,0,1,0,1,0,0,0,0,0,0,1,0
2021-11-17,-0.8247679523422465,0,0,0,1,0,0,0,1,0,0,0,0,0,0,0,0,0,1,0,none,,0,none,,,0,0,0,none,,0,none,,1,middle,394,direction_change,1,Quadratic Trend,Trend Shift,0,0,0,0,0,1,0,1,0,0,0,0,0,0,1,0
2021-11-18,-0.8282048316143196,0,0,0,1,0,0,0,1,0,0,0,0,0,0,0,0,0,1,0,none,,0,none,,,0,0,0,none,,0,none,,1,middle,394,direction_change,1,Quadratic Trend,Trend Shift,0,0,0,0,0,1,0,1,0,0,0,0,0,0,1,0
2021-11-19,-0.7721597916767089,0,0,0,1,0,0,0,1,0,0,0,0,0,0,0,0,0,1,0,none,,0,none,,,0,0,0,none,,0,none,,1,middle,394,direction_change,1,Quadratic Trend,Trend Shift,0,0,0,0,0,1,0,1,0,0,0,0,0,0,1,0
2021-11-20,-0.7970561149417059,0,0,0,1,0,0,0,1,0,0,0,0,0,0,0,0,0,1,0,none,,0,none,,,0,0,0,none,,0,none,,1,middle,394,direction_change,1,Quadratic Trend,Trend Shift,0,0,0,0,0,1,0,1,0,0,0,0,0,0,1,0
2021-11-21,-0.7808428496367412,0,0,0,1,0,0,0,1,0,0,0,0,0,0,0,0,0,1,0,none,,0,none,,,0,0,0,none,,0,none,,1,middle,394,direction_change,1,Quadratic Trend,Trend Shift,0,0,0,0,0,1,0,1,0,0,0,0,0,0,1,0
2021-11-22,-0.845572655724232,0,0,0,1,0,0,0,1,0,0,0,0,0,0,0,0,0,1,0,none,,0,none,,,0,0,0,none,,0,none,,1,middle,394,direction_change,1,Quadratic Trend,Trend Shift,0,0,0,0,0,1,0,1,0,0,0,0,0,0,1,0
2021-11-23,-0.8158026429537762,0,0,0,1,0,0,0,1,0,0,0,0,0,0,0,0,0,1,0,none,,0,none,,,0,0,0,none,,0,none,,1,middle,394,direction_change,1,Quadratic Trend,Trend Shift,0,0,0,0,0,1,0,1,0,0,0,0,0,0,1,0
2021-11-24,-0.8929152724970166,0,0,0,1,0,0,0,1,0,0,0,0,0,0,0,0,0,1,0,none,,0,none,,,0,0,0,none,,0,none,,1,middle,394,direction_change,1,Quadratic Trend,Trend Shift,0,0,0,0,0,1,0,1,0,0,0,0,0,0,1,0
2021-11-25,-0.8341485073861242,0,0,0,1,0,0,0,1,0,0,0,0,0,0,0,0,0,1,0,none,,0,none,,,0,0,0,none,,0,none,,1,middle,394,direction_change,1,Quadratic Trend,Trend Shift,0,0,0,0,0,1,0,1,0,0,0,0,0,0,1,0
2021-11-26,-0.8641996521797911,0,0,0,1,0,0,0,1,0,0,0,0,0,0,0,0,0,1,0,none,,0,none,,,0,0,0,none,,0,none,,1,middle,394,direction_change,1,Quadratic Trend,Trend Shift,0,0,0,0,0,1,0,1,0,0,0,0,0,0,1,0
2021-11-27,-0.8692999340729117,0,0,0,1,0,0,0,1,0,0,0,0,0,0,0,0,0,1,0,none,,0,none,,,0,0,0,none,,0,none,,1,middle,394,direction_change,1,Quadratic Trend,Trend Shift,0,0,0,0,0,1,0,1,0,0,0,0,0,0,1,0
2021-11-28,-0.9061210076011315,0,0,0,1,0,0,0,1,0,0,0,0,0,0,0,0,0,1,0,none,,0,none,,,0,0,0,none,,0,none,,1,middle,394,direction_change,1,Quadratic Trend,Trend Shift,0,0,0,0,0,1,0,1,0,0,0,0,0,0,1,0
2021-11-29,-0.9226874208715836,0,0,0,1,0,0,0,1,0,0,0,0,0,0,0,0,0,1,0,none,,0,none,,,0,0,0,none,,0,none,,1,middle,394,direction_change,1,Quadratic Trend,Trend Shift,0,0,0,0,0,1,0,1,0,0,0,0,0,0,1,0
2021-11-30,-0.878917187058804,0,0,0,1,0,0,0,1,0,0,0,0,0,0,0,0,0,1,0,none,,0,none,,,0,0,0,none,,0,none,,1,middle,394,direction_change,1,Quadratic Trend,Trend Shift,0,0,0,0,0,1,0,1,0,0,0,0,0,0,1,0
2021-12-01,-0.911851382972724,0,0,0,1,0,0,0,1,0,0,0,0,0,0,0,0,0,1,0,none,,0,none,,,0,0,0,none,,0,none,,1,middle,394,direction_change,1,Quadratic Trend,Trend Shift,0,0,0,0,0,1,0,1,0,0,0,0,0,0,1,0
2021-12-02,-0.9708623799192172,0,0,0,1,0,0,0,1,0,0,0,0,0,0,0,0,0,1,0,none,,0,none,,,0,0,0,none,,0,none,,1,middle,394,direction_change,1,Quadratic Trend,Trend Shift,0,0,0,0,0,1,0,1,0,0,0,0,0,0,1,0
2021-12-03,-0.9566022896477332,0,0,0,1,0,0,0,1,0,0,0,0,0,0,0,0,0,1,0,none,,0,none,,,0,0,0,none,,0,none,,1,middle,394,direction_change,1,Quadratic Trend,Trend Shift,0,0,0,0,0,1,0,1,0,0,0,0,0,0,1,0
2021-12-04,-0.9608459568710704,0,0,0,1,0,0,0,1,0,0,0,0,0,0,0,0,0,1,0,none,,0,none,,,0,0,0,none,,0,none,,1,middle,394,direction_change,1,Quadratic Trend,Trend Shift,0,0,0,0,0,1,0,1,0,0,0,0,0,0,1,0
2021-12-05,-0.9777784374691937,0,0,0,1,0,0,0,1,0,0,0,0,0,0,0,0,0,1,0,none,,0,none,,,0,0,0,none,,0,none,,1,middle,394,direction_change,1,Quadratic Trend,Trend Shift,0,0,0,0,0,1,0,1,0,0,0,0,0,0,1,0
2021-12-06,-0.9783272500199803,0,0,0,1,0,0,0,1,0,0,0,0,0,0,0,0,0,1,0,none,,0,none,,,0,0,0,none,,0,none,,1,middle,394,direction_change,1,Quadratic Trend,Trend Shift,0,0,0,0,0,1,0,1,0,0,0,0,0,0,1,0
2021-12-07,-0.9407940772400684,0,0,0,1,0,0,0,1,0,0,0,0,0,0,0,0,0,1,0,none,,0,none,,,0,0,0,none,,0,none,,1,middle,394,direction_change,1,Quadratic Trend,Trend Shift,0,0,0,0,0,1,0,1,0,0,0,0,0,0,1,0
2021-12-08,-0.9899050406216656,0,0,0,1,0,0,0,1,0,0,0,0,0,0,0,0,0,1,0,none,,0,none,,,0,0,0,none,,0,none,,1,middle,394,direction_change,1,Quadratic Trend,Trend Shift,0,0,0,0,0,1,0,1,0,0,0,0,0,0,1,0
2021-12-09,-0.9867395409291286,0,0,0,1,0,0,0,1,0,0,0,0,0,0,0,0,0,1,0,none,,0,none,,,0,0,0,none,,0,none,,1,middle,394,direction_change,1,Quadratic Trend,Trend Shift,0,0,0,0,0,1,0,1,0,0,0,0,0,0,1,0
2021-12-10,-0.9614584539561554,0,0,0,1,0,0,0,1,0,0,0,0,0,0,0,0,0,1,0,none,,0,none,,,0,0,0,none,,0,none,,1,middle,394,direction_change,1,Quadratic Trend,Trend Shift,0,0,0,0,0,1,0,1,0,0,0,0,0,0,1,0
2021-12-11,-1.0281254397701316,0,0,0,1,0,0,0,1,0,0,0,0,0,0,0,0,0,1,0,none,,0,none,,,0,0,0,none,,0,none,,1,middle,394,direction_change,1,Quadratic Trend,Trend Shift,0,0,0,0,0,1,0,1,0,0,0,0,0,0,1,0
2021-12-12,-0.9856739998381613,0,0,0,1,0,0,0,1,0,0,0,0,0,0,0,0,0,1,0,none,,0,none,,,0,0,0,none,,0,none,,1,middle,394,direction_change,1,Quadratic Trend,Trend Shift,0,0,0,0,0,1,0,1,0,0,0,0,0,0,1,0
2021-12-13,-0.97297526857214,0,0,0,1,0,0,0,1,0,0,0,0,0,0,0,0,0,1,0,none,,0,none,,,0,0,0,none,,0,none,,1,middle,394,direction_change,1,Quadratic Trend,Trend Shift,0,0,0,0,0,1,0,1,0,0,0,0,0,0,1,0
2021-12-14,-1.0137469565420074,0,0,0,1,0,0,0,1,0,0,0,0,0,0,0,0,0,1,0,none,,0,none,,,0,0,0,none,,0,none,,1,middle,394,direction_change,1,Quadratic Trend,Trend Shift,0,0,0,0,0,1,0,1,0,0,0,0,0,0,1,0
2021-12-15,-1.0523652088119508,0,0,0,1,0,0,0,1,0,0,0,0,0,0,0,0,0,1,0,none,,0,none,,,0,0,0,none,,0,none,,1,middle,394,direction_change,1,Quadratic Trend,Trend Shift,0,0,0,0,0,1,0,1,0,0,0,0,0,0,1,0
2021-12-16,-1.0317806000587928,0,0,0,1,0,0,0,1,0,0,0,0,0,0,0,0,0,1,0,none,,0,none,,,0,0,0,none,,0,none,,1,middle,394,direction_change,1,Quadratic Trend,Trend Shift,0,0,0,0,0,1,0,1,0,0,0,0,0,0,1,0
2021-12-17,-1.051768307979619,0,0,0,1,0,0,0,1,0,0,0,0,0,0,0,0,0,1,0,none,,0,none,,,0,0,0,none,,0,none,,1,middle,394,direction_change,1,Quadratic Trend,Trend Shift,0,0,0,0,0,1,0,1,0,0,0,0,0,0,1,0
2021-12-18,-1.096656187381581,0,0,0,1,0,0,0,1,0,0,0,0,0,0,0,0,0,1,0,none,,0,none,,,0,0,0,none,,0,none,,1,middle,394,direction_change,1,Quadratic Trend,Trend Shift,0,0,0,0,0,1,0,1,0,0,0,0,0,0,1,0
2021-12-19,-1.0603771441015664,0,0,0,1,0,0,0,1,0,0,0,0,0,0,0,0,0,1,0,none,,0,none,,,0,0,0,none,,0,none,,1,middle,394,direction_change,1,Quadratic Trend,Trend Shift,0,0,0,0,0,1,0,1,0,0,0,0,0,0,1,0
2021-12-20,-1.075818531690023,0,0,0,1,0,0,0,1,0,0,0,0,0,0,0,0,0,1,0,none,,0,none,,,0,0,0,none,,0,none,,1,middle,394,direction_change,1,Quadratic Trend,Trend Shift,0,0,0,0,0,1,0,1,0,0,0,0,0,0,1,0
2021-12-21,-1.0491128676954855,0,0,0,1,0,0,0,1,0,0,0,0,0,0,0,0,0,1,0,none,,0,none,,,0,0,0,none,,0,none,,1,middle,394,direction_change,1,Quadratic Trend,Trend Shift,0,0,0,0,0,1,0,1,0,0,0,0,0,0,1,0
2021-12-22,-1.1299154344951206,0,0,0,1,0,0,0,1,0,0,0,0,0,0,0,0,0,1,0,none,,0,none,,,0,0,0,none,,0,none,,1,middle,394,direction_change,1,Quadratic Trend,Trend Shift,0,0,0,0,0,1,0,1,0,0,0,0,0,0,1,0
2021-12-23,-1.1041046180514902,0,0,0,1,0,0,0,1,0,0,0,0,0,0,0,0,0,1,0,none,,0,none,,,0,0,0,none,,0,none,,1,middle,394,direction_change,1,Quadratic Trend,Trend Shift,0,0,0,0,0,1,0,1,0,0,0,0,0,0,1,0
2021-12-24,-1.1511935991742115,0,0,0,1,0,0,0,1,0,0,0,0,0,0,0,0,0,1,0,none,,0,none,,,0,0,0,none,,0,none,,1,middle,394,direction_change,1,Quadratic Trend,Trend Shift,0,0,0,0,0,1,0,1,0,0,0,0,0,0,1,0
2021-12-25,-1.1429770029133894,0,0,0,1,0,0,0,1,0,0,0,0,0,0,0,0,0,1,0,none,,0,none,,,0,0,0,none,,0,none,,1,middle,394,direction_change,1,Quadratic Trend,Trend Shift,0,0,0,0,0,1,0,1,0,0,0,0,0,0,1,0
2021-12-26,-1.146691771778961,0,0,0,1,0,0,0,1,0,0,0,0,0,0,0,0,0,1,0,none,,0,none,,,0,0,0,none,,0,none,,1,middle,394,direction_change,1,Quadratic Trend,Trend Shift,0,0,0,0,0,1,0,1,0,0,0,0,0,0,1,0
2021-12-27,-1.1605930781038871,0,0,0,1,0,0,0,1,0,0,0,0,0,0,0,0,0,1,0,none,,0,none,,,0,0,0,none,,0,none,,1,middle,394,direction_change,1,Quadratic Trend,Trend Shift,0,0,0,0,0,1,0,1,0,0,0,0,0,0,1,0
2021-12-28,-1.2086139294916791,0,0,0,1,0,0,0,1,0,0,0,0,0,0,0,0,0,1,0,none,,0,none,,,0,0,0,none,,0,none,,1,middle,394,direction_change,1,Quadratic Trend,Trend Shift,0,0,0,0,0,1,0,1,0,0,0,0,0,0,1,0
2021-12-29,-1.1766065783483644,0,0,0,1,0,0,0,1,0,0,0,0,0,0,0,0,0,1,0,none,,0,none,,,0,0,0,none,,0,none,,1,middle,394,direction_change,1,Quadratic Trend,Trend Shift,0,0,0,0,0,1,0,1,0,0,0,0,0,0,1,0
2021-12-30,-1.206549852819081,0,0,0,1,0,0,0,1,0,0,0,0,0,0,0,0,0,1,0,none,,0,none,,,0,0,0,none,,0,none,,1,middle,394,direction_change,1,Quadratic Trend,Trend Shift,0,0,0,0,0,1,0,1,0,0,0,0,0,0,1,0
2021-12-31,-1.2148821130966574,0,0,0,1,0,0,0,1,0,0,0,0,0,0,0,0,0,1,0,none,,0,none,,,0,0,0,none,,0,none,,1,middle,394,direction_change,1,Quadratic Trend,Trend Shift,0,0,0,0,0,1,0,1,0,0,0,0,0,0,1,0
2022-01-01,-1.2171081672820436,0,0,0,1,0,0,0,1,0,0,0,0,0,0,0,0,0,1,0,none,,0,none,,,0,0,0,none,,0,none,,1,middle,394,direction_change,1,Quadratic Trend,Trend Shift,0,0,0,0,0,1,0,1,0,0,0,0,0,0,1,0
2022-01-02,-1.1836853767055655,0,0,0,1,0,0,0,1,0,0,0,0,0,0,0,0,0,1,0,none,,0,none,,,0,0,0,none,,0,none,,1,middle,394,direction_change,1,Quadratic Trend,Trend Shift,0,0,0,0,0,1,0,1,0,0,0,0,0,0,1,0
2022-01-03,-1.204282397865573,0,0,0,1,0,0,0,1,0,0,0,0,0,0,0,0,0,1,0,none,,0,none,,,0,0,0,none,,0,none,,1,middle,394,direction_change,1,Quadratic Trend,Trend Shift,0,0,0,0,0,1,0,1,0,0,0,0,0,0,1,0
2022-01-04,-1.2589187854529968,0,0,0,1,0,0,0,1,0,0,0,0,0,0,0,0,0,1,0,none,,0,none,,,0,0,0,none,,0,none,,1,middle,394,direction_change,1,Quadratic Trend,Trend Shift,0,0,0,0,0,1,0,1,0,0,0,0,0,0,1,0
2022-01-05,-1.2028748634661615,0,0,0,1,0,0,0,1,0,0,0,0,0,0,0,0,0,1,0,none,,0,none,,,0,0,0,none,,0,none,,1,middle,394,direction_change,1,Quadratic Trend,Trend Shift,0,0,0,0,0,1,0,1,0,0,0,0,0,0,1,0
2022-01-06,-1.2592826147145963,0,0,0,1,0,0,0,1,0,0,0,0,0,0,0,0,0,1,0,none,,0,none,,,0,0,0,none,,0,none,,1,middle,394,direction_change,1,Quadratic Trend,Trend Shift,0,0,0,0,0,1,0,1,0,0,0,0,0,0,1,0
2022-01-07,-1.2888460832974566,0,0,0,1,0,0,0,1,0,0,0,0,0,0,0,0,0,1,0,none,,0,none,,,0,0,0,none,,0,none,,1,middle,394,direction_change,1,Quadratic Trend,Trend Shift,0,0,0,0,0,1,0,1,0,0,0,0,0,0,1,0
2022-01-08,-1.2875090405202467,0,0,0,1,0,0,0,1,0,0,0,0,0,0,0,0,0,1,0,none,,0,none,,,0,0,0,none,,0,none,,1,middle,394,direction_change,1,Quadratic Trend,Trend Shift,0,0,0,0,0,1,0,1,0,0,0,0,0,0,1,0
2022-01-09,-1.2449326444256383,0,0,0,1,0,0,0,1,0,0,0,0,0,0,0,0,0,1,0,none,,0,none,,,0,0,0,none,,0,none,,1,middle,394,direction_change,1,Quadratic Trend,Trend Shift,0,0,0,0,0,1,0,1,0,0,0,0,0,0,1,0
2022-01-10,-1.2701360593643327,0,0,0,1,0,0,0,1,0,0,0,0,0,0,0,0,0,1,0,none,,0,none,,,0,0,0,none,,0,none,,1,middle,394,direction_change,1,Quadratic Trend,Trend Shift,0,0,0,0,0,1,0,1,0,0,0,0,0,0,1,0
2022-01-11,-1.2782494960520179,0,0,0,1,0,0,0,1,0,0,0,0,0,0,0,0,0,1,0,none,,0,none,,,0,0,0,none,,0,none,,1,middle,394,direction_change,1,Quadratic Trend,Trend Shift,0,0,0,0,0,1,0,1,0,0,0,0,0,0,1,0
2022-01-12,-1.256390411639586,0,0,0,1,0,0,0,1,0,0,0,0,0,0,0,0,0,1,0,none,,0,none,,,0,0,0,none,,0,none,,1,middle,394,direction_change,1,Quadratic Trend,Trend Shift,0,0,0,0,0,1,0,1,0,0,0,0,0,0,1,0
2022-01-13,-1.2487238036212702,0,0,0,1,0,0,0,1,0,0,0,0,0,0,0,0,0,1,0,none,,0,none,,,0,0,0,none,,0,none,,1,middle,394,direction_change,1,Quadratic Trend,Trend Shift,0,0,0,0,0,1,0,1,0,0,0,0,0,0,1,0
2022-01-14,-1.3114970279826546,0,0,0,1,0,0,0,1,0,0,0,0,0,0,0,0,0,1,0,none,,0,none,,,0,0,0,none,,0,none,,1,middle,394,direction_change,1,Quadratic Trend,Trend Shift,0,0,0,0,0,1,0,1,0,0,0,0,0,0,1,0
2022-01-15,-1.2810225181400663,0,0,0,1,0,0,0,1,0,0,0,0,0,0,0,0,0,1,0,none,,0,none,,,0,0,0,none,,0,none,,1,middle,394,direction_change,1,Quadratic Trend,Trend Shift,0,0,0,0,0,1,0,1,0,0,0,0,0,0,1,0
2022-01-16,-1.3095138427645536,0,0,0,1,0,0,0,1,0,0,0,0,0,0,0,0,0,1,0,none,,0,none,,,0,0,0,none,,0,none,,1,middle,394,direction_change,1,Quadratic Trend,Trend Shift,0,0,0,0,0,1,0,1,0,0,0,0,0,0,1,0
2022-01-17,-1.3424176735154405,0,0,0,1,0,0,0,1,0,0,0,0,0,0,0,0,0,1,0,none,,0,none,,,0,0,0,none,,0,none,,1,middle,394,direction_change,1,Quadratic Trend,Trend Shift,0,0,0,0,0,1,0,1,0,0,0,0,0,0,1,0
2022-01-18,-1.3344998851031655,0,0,0,1,0,0,0,1,0,0,0,0,0,0,0,0,0,1,0,none,,0,none,,,0,0,0,none,,0,none,,1,middle,394,direction_change,1,Quadratic Trend,Trend Shift,0,0,0,0,0,1,0,1,0,0,0,0,0,0,1,0
2022-01-19,-1.3646701644228891,0,0,0,1,0,0,0,1,0,0,0,0,0,0,0,0,0,1,0,none,,0,none,,,0,0,0,none,,0,none,,1,middle,394,direction_change,1,Quadratic Trend,Trend Shift,0,0,0,0,0,1,0,1,0,0,0,0,0,0,1,0
2022-01-20,-1.3614113400714007,0,0,0,1,0,0,0,1,0,0,0,0,0,0,0,0,0,1,0,none,,0,none,,,0,0,0,none,,0,none,,1,middle,394,direction_change,1,Quadratic Trend,Trend Shift,0,0,0,0,0,1,0,1,0,0,0,0,0,0,1,0
2022-01-21,-1.346171247613626,0,0,0,1,0,0,0,1,0,0,0,0,0,0,0,0,0,1,0,none,,0,none,,,0,0,0,none,,0,none,,1,middle,394,direction_change,1,Quadratic Trend,Trend Shift,0,0,0,0,0,1,0,1,0,0,0,0,0,0,1,0
2022-01-22,-1.3148826633776227,0,0,0,1,0,0,0,1,0,0,0,0,0,0,0,0,0,1,0,none,,0,none,,,0,0,0,none,,0,none,,1,middle,394,direction_change,1,Quadratic Trend,Trend Shift,0,0,0,0,0,1,0,1,0,0,0,0,0,0,1,0
2022-01-23,-1.3892859155286608,0,0,0,1,0,0,0,1,0,0,0,0,0,0,0,0,0,1,0,none,,0,none,,,0,0,0,none,,0,none,,1,middle,394,direction_change,1,Quadratic Trend,Trend Shift,0,0,0,0,0,1,0,1,0,0,0,0,0,0,1,0
2022-01-24,-1.379421859141447,0,0,0,1,0,0,0,1,0,0,0,0,0,0,0,0,0,1,0,none,,0,none,,,0,0,0,none,,0,none,,1,middle,394,direction_change,1,Quadratic Trend,Trend Shift,0,0,0,0,0,1,0,1,0,0,0,0,0,0,1,0
2022-01-25,-1.4701203330330066,0,0,0,1,0,0,0,1,0,0,0,0,0,0,0,0,0,1,0,none,,0,none,,,0,0,0,none,,0,none,,1,middle,394,direction_change,1,Quadratic Trend,Trend Shift,0,0,0,0,0,1,0,1,0,0,0,0,0,0,1,0
2022-01-26,-1.3766629652639946,0,0,0,1,0,0,0,1,0,0,0,0,0,0,0,0,0,1,0,none,,0,none,,,0,0,0,none,,0,none,,1,middle,394,direction_change,1,Quadratic Trend,Trend Shift,0,0,0,0,0,1,0,1,0,0,0,0,0,0,1,0
2022-01-27,-1.4253398610562207,0,0,0,1,0,0,0,1,0,0,0,0,0,0,0,0,0,1,0,none,,0,none,,,0,0,0,none,,0,none,,1,middle,394,direction_change,1,Quadratic Trend,Trend Shift,0,0,0,0,0,1,0,1,0,0,0,0,0,0,1,0
2022-01-28,-1.4105777166879778,0,0,0,1,0,0,0,1,0,0,0,0,0,0,0,0,0,1,0,none,,0,none,,,0,0,0,none,,0,none,,1,middle,394,direction_change,1,Quadratic Trend,Trend Shift,0,0,0,0,0,1,0,1,0,0,0,0,0,0,1,0
2022-01-29,-1.4168367331488703,0,0,0,1,0,0,0,1,0,0,0,0,0,0,0,0,0,1,0,none,,0,none,,,0,0,0,none,,0,none,,1,middle,394,direction_change,1,Quadratic Trend,Trend Shift,0,0,0,0,0,1,0,1,0,0,0,0,0,0,1,0
2022-01-30,-1.4365623707656907,0,0,0,1,0,0,0,1,0,0,0,0,0,0,0,0,0,1,0,none,,0,none,,,0,0,0,none,,0,none,,1,middle,394,direction_change,1,Quadratic Trend,Trend Shift,0,0,0,0,0,1,0,1,0,0,0,0,0,0,1,0
2022-01-31,-1.4411564126959016,0,0,0,1,0,0,0,1,0,0,0,0,0,0,0,0,0,1,0,none,,0,none,,,0,0,0,none,,0,none,,1,middle,394,direction_change,1,Quadratic Trend,Trend Shift,0,0,0,0,0,1,0,1,0,0,0,0,0,0,1,0
2022-02-01,-1.4735435383248578,0,0,0,1,0,0,0,1,0,0,0,0,0,0,0,0,0,1,0,none,,0,none,,,0,0,0,none,,0,none,,1,middle,394,direction_change,1,Quadratic Trend,Trend Shift,0,0,0,0,0,1,0,1,0,0,0,0,0,0,1,0
2022-02-02,-1.4769162740330093,0,0,0,1,0,0,0,1,0,0,0,0,0,0,0,0,0,1,0,none,,0,none,,,0,0,0,none,,0,none,,1,middle,394,direction_change,1,Quadratic Trend,Trend Shift,0,0,0,0,0,1,0,1,0,0,0,0,0,0,1,0
2022-02-03,-1.462624186120146,0,0,0,1,0,0,0,1,0,0,0,0,0,0,0,0,0,1,0,none,,0,none,,,0,0,0,none,,0,none,,1,middle,394,direction_change,1,Quadratic Trend,Trend Shift,0,0,0,0,0,1,0,1,0,0,0,0,0,0,1,0
2022-02-04,-1.4418162522671083,0,0,0,1,0,0,0,1,0,0,0,0,0,0,0,0,0,1,0,none,,0,none,,,0,0,0,none,,0,none,,1,middle,394,direction_change,1,Quadratic Trend,Trend Shift,0,0,0,0,0,1,0,1,0,0,0,0,0,0,1,0
2022-02-05,-1.5132552101460308,0,0,0,1,0,0,0,1,0,0,0,0,0,0,0,0,0,1,0,none,,0,none,,,0,0,0,none,,0,none,,1,middle,394,direction_change,1,Quadratic Trend,Trend Shift,0,0,0,0,0,1,0,1,0,0,0,0,0,0,1,0
2022-02-06,-1.468662995283823,0,0,0,1,0,0,0,1,0,0,0,0,0,0,0,0,0,1,0,none,,0,none,,,0,0,0,none,,0,none,,1,middle,394,direction_change,1,Quadratic Trend,Trend Shift,0,0,0,0,0,1,0,1,0,0,0,0,0,0,1,0
2022-02-07,-1.5472914298513354,0,0,0,1,0,0,0,1,0,0,0,0,0,0,0,0,0,1,0,none,,0,none,,,0,0,0,none,,0,none,,1,middle,394,direction_change,1,Quadratic Trend,Trend Shift,0,0,0,0,0,1,0,1,0,0,0,0,0,0,1,0
2022-02-08,-1.5131823197104473,0,0,0,1,0,0,0,1,0,0,0,0,0,0,0,0,0,1,0,none,,0,none,,,0,0,0,none,,0,none,,1,middle,394,direction_change,1,Quadratic Trend,Trend Shift,0,0,0,0,0,1,0,1,0,0,0,0,0,0,1,0
2022-02-09,-1.5296810623290347,0,0,0,1,0,0,0,1,0,0,0,0,0,0,0,0,0,1,0,none,,0,none,,,0,0,0,none,,0,none,,1,middle,394,direction_change,1,Quadratic Trend,Trend Shift,0,0,0,0,0,1,0,1,0,0,0,0,0,0,1,0
2022-02-10,-1.5433808643480196,0,0,0,1,0,0,0,1,0,0,0,0,0,0,0,0,0,1,0,none,,0,none,,,0,0,0,none,,0,none,,1,middle,394,direction_change,1,Quadratic Trend,Trend Shift,0,0,0,0,0,1,0,1,0,0,0,0,0,0,1,0
2022-02-11,-1.551406317689437,0,0,0,1,0,0,0,1,0,0,0,0,0,0,0,0,0,1,0,none,,0,none,,,0,0,0,none,,0,none,,1,middle,394,direction_change,1,Quadratic Trend,Trend Shift,0,0,0,0,0,1,0,1,0,0,0,0,0,0,1,0
2022-02-12,-1.500052317512493,0,0,0,1,0,0,0,1,0,0,0,0,0,0,0,0,0,1,0,none,,0,none,,,0,0,0,none,,0,none,,1,middle,394,direction_change,1,Quadratic Trend,Trend Shift,0,0,0,0,0,1,0,1,0,0,0,0,0,0,1,0
2022-02-13,-1.563203115690398,0,0,0,1,0,0,0,1,0,0,0,0,0,0,0,0,0,1,0,none,,0,none,,,0,0,0,none,,0,none,,1,middle,394,direction_change,1,Quadratic Trend,Trend Shift,0,0,0,0,0,1,0,1,0,0,0,0,0,0,1,0
2022-02-14,-1.544285717775652,0,0,0,1,0,0,0,1,0,0,0,0,0,0,0,0,0,1,0,none,,0,none,,,0,0,0,none,,0,none,,1,middle,394,direction_change,1,Quadratic Trend,Trend Shift,0,0,0,0,0,1,0,1,0,0,0,0,0,0,1,0
2022-02-15,-1.5858926703093268,0,0,0,1,0,0,0,1,0,0,0,0,0,0,0,0,0,1,0,none,,0,none,,,0,0,0,none,,0,none,,1,middle,394,direction_change,1,Quadratic Trend,Trend Shift,0,0,0,0,0,1,0,1,0,0,0,0,0,0,1,0
2022-02-16,-1.575145882681533,0,0,0,1,0,0,0,1,0,0,0,0,0,0,0,0,0,1,0,none,,0,none,,,0,0,0,none,,0,none,,1,middle,394,direction_change,1,Quadratic Trend,Trend Shift,0,0,0,0,0,1,0,1,0,0,0,0,0,0,1,0
2022-02-17,-1.5827056717115962,0,0,0,1,0,0,0,1,0,0,0,0,0,0,0,0,0,1,0,none,,0,none,,,0,0,0,none,,0,none,,1,middle,394,direction_change,1,Quadratic Trend,Trend Shift,0,0,0,0,0,1,0,1,0,0,0,0,0,0,1,0
2022-02-18,-1.6025528399138829,0,0,0,1,0,0,0,1,0,0,0,0,0,0,0,0,0,1,0,none,,0,none,,,0,0,0,none,,0,none,,1,middle,394,direction_change,1,Quadratic Trend,Trend Shift,0,0,0,0,0,1,0,1,0,0,0,0,0,0,1,0
2022-02-19,-1.6301245596062495,0,0,0,1,0,0,0,1,0,0,0,0,0,0,0,0,0,1,0,none,,0,none,,,0,0,0,none,,0,none,,1,middle,394,direction_change,1,Quadratic Trend,Trend Shift,0,0,0,0,0,1,0,1,0,0,0,0,0,0,1,0
2022-02-20,-1.606710575758001,0,0,0,1,0,0,0,1,0,0,0,0,0,0,0,0,0,1,0,none,,0,none,,,0,0,0,none,,0,none,,1,middle,394,direction_change,1,Quadratic Trend,Trend Shift,0,0,0,0,0,1,0,1,0,0,0,0,0,0,1,0
2022-02-21,-1.6075353520425195,0,0,0,1,0,0,0,1,0,0,0,0,0,0,0,0,0,1,0,none,,0,none,,,0,0,0,none,,0,none,,1,middle,394,direction_change,1,Quadratic Trend,Trend Shift,0,0,0,0,0,1,0,1,0,0,0,0,0,0,1,0
2022-02-22,-1.6337139613634561,0,0,0,1,0,0,0,1,0,0,0,0,0,0,0,0,0,1,0,none,,0,none,,,0,0,0,none,,0,none,,1,middle,394,direction_change,1,Quadratic Trend,Trend Shift,0,0,0,0,0,1,0,1,0,0,0,0,0,0,1,0
2022-02-23,-1.668423163049718,0,0,0,1,0,0,0,1,0,0,0,0,0,0,0,0,0,1,0,none,,0,none,,,0,0,0,none,,0,none,,1,middle,394,direction_change,1,Quadratic Trend,Trend Shift,0,0,0,0,0,1,0,1,0,0,0,0,0,0,1,0
2022-02-24,-1.6873010513401843,0,0,0,1,0,0,0,1,0,0,0,0,0,0,0,0,0,1,0,none,,0,none,,,0,0,0,none,,0,none,,1,middle,394,direction_change,1,Quadratic Trend,Trend Shift,0,0,0,0,0,1,0,1,0,0,0,0,0,0,1,0
2022-02-25,-1.6251441385322336,0,0,0,1,0,0,0,1,0,0,0,0,0,0,0,0,0,1,0,none,,0,none,,,0,0,0,none,,0,none,,1,middle,394,direction_change,1,Quadratic Trend,Trend Shift,0,0,0,0,0,1,0,1,0,0,0,0,0,0,1,0
2022-02-26,-1.6632452035121654,0,0,0,1,0,0,0,1,0,0,0,0,0,0,0,0,0,1,0,none,,0,none,,,0,0,0,none,,0,none,,1,middle,394,direction_change,1,Quadratic Trend,Trend Shift,0,0,0,0,0,1,0,1,0,0,0,0,0,0,1,0
2022-02-27,-1.698987946524581,0,0,0,1,0,0,0,1,0,0,0,0,0,0,0,0,0,1,0,none,,0,none,,,0,0,0,none,,0,none,,1,middle,394,direction_change,1,Quadratic Trend,Trend Shift,0,0,0,0,0,1,0,1,0,0,0,0,0,0,1,0
2022-02-28,-1.6683835404612777,0,0,0,1,0,0,0,1,0,0,0,0,0,0,0,0,0,1,0,none,,0,none,,,0,0,0,none,,0,none,,1,middle,394,direction_change,1,Quadratic Trend,Trend Shift,0,0,0,0,0,1,0,1,0,0,0,0,0,0,1,0
2022-03-01,-1.7011011751042653,0,0,0,1,0,0,0,1,0,0,0,0,0,0,0,0,0,1,0,none,,0,none,,,0,0,0,none,,0,none,,1,middle,394,direction_change,1,Quadratic Trend,Trend Shift,0,0,0,0,0,1,0,1,0,0,0,0,0,0,1,0
2022-03-02,-1.6453061718927748,0,0,0,1,0,0,0,1,0,0,0,0,0,0,0,0,0,1,0,none,,0,none,,,0,0,0,none,,0,none,,1,middle,394,direction_change,1,Quadratic Trend,Trend Shift,0,0,0,0,0,1,0,1,0,0,0,0,0,0,1,0
2022-03-03,-1.7097895922744535,0,0,0,1,0,0,0,1,0,0,0,0,0,0,0,0,0,1,0,none,,0,none,,,0,0,0,none,,0,none,,1,middle,394,direction_change,1,Quadratic Trend,Trend Shift,0,0,0,0,0,1,0,1,0,0,0,0,0,0,1,0
2022-03-04,-1.7042623226279263,0,0,0,1,0,0,0,1,0,0,0,0,0,0,0,0,0,1,0,none,,0,none,,,0,0,0,none,,0,none,,1,middle,394,direction_change,1,Quadratic Trend,Trend Shift,0,0,0,0,0,1,0,1,0,0,0,0,0,0,1,0
2022-03-05,-1.7224843721146026,0,0,0,1,0,0,0,1,0,0,0,0,0,0,0,0,0,1,0,none,,0,none,,,0,0,0,none,,0,none,,1,middle,394,direction_change,1,Quadratic Trend,Trend Shift,0,0,0,0,0,1,0,1,0,0,0,0,0,0,1,0
2022-03-06,-1.724682346597881,0,0,0,1,0,0,0,1,0,0,0,0,0,0,0,0,0,1,0,none,,0,none,,,0,0,0,none,,0,none,,1,middle,394,direction_change,1,Quadratic Trend,Trend Shift,0,0,0,0,0,1,0,1,0,0,0,0,0,0,1,0
2022-03-07,-1.7434423284963312,0,0,0,1,0,0,0,1,0,0,0,0,0,0,0,0,0,1,0,none,,0,none,,,0,0,0,none,,0,none,,1,middle,394,direction_change,1,Quadratic Trend,Trend Shift,0,0,0,0,0,1,0,1,0,0,0,0,0,0,1,0
2022-03-08,-1.7694899738279217,0,0,0,1,0,0,0,1,0,0,0,0,0,0,0,0,0,1,0,none,,0,none,,,0,0,0,none,,0,none,,1,middle,394,direction_change,1,Quadratic Trend,Trend Shift,0,0,0,0,0,1,0,1,0,0,0,0,0,0,1,0
2022-03-09,-1.768014828581729,0,0,0,1,0,0,0,1,0,0,0,0,0,0,0,0,0,1,0,none,,0,none,,,0,0,0,none,,0,none,,1,middle,394,direction_change,1,Quadratic Trend,Trend Shift,0,0,0,0,0,1,0,1,0,0,0,0,0,0,1,0
2022-03-10,-1.7967140111319289,0,0,0,1,0,0,0,1,0,0,0,0,0,0,0,0,0,1,0,none,,0,none,,,0,0,0,none,,0,none,,1,middle,394,direction_change,1,Quadratic Trend,Trend Shift,0,0,0,0,0,1,0,1,0,0,0,0,0,0,1,0
