date,data,stationary,det_lin_up,det_lin_down,det_quad,det_cubic,det_exp,det_damped,stoc_trend,volatility,single_seas,multiple_seas,point_anom_single,point_anom_multi,collect_anom,context_anom,mean_shift,var_shift,trend_shift,point_anom_count,point_anom_location,point_anom_point,collect_anom_count,collect_anom_location,collect_anom_start,collect_anom_end,context_anom_start,context_anom_end,mean_shift_count,mean_shift_location,mean_shift_point,variance_shift_count,variance_shift_location,variance_shift_points,trend_shift_count,trend_shift_location,trend_shift_points,trend_shift_type,is_multi_characteristic,characteristic_1_type,characteristic_2_type,is_point_anomaly_active,is_collective_anomaly_active,is_contextual_anomaly_active,is_mean_shift_active,is_variance_shift_active,is_trend_shift_active,is_linear_trend_active,is_quadratic_trend_active,is_cubic_trend_active,is_exponential_trend_active,is_damped_trend_active,is_single_seasonality_active,is_multiple_seasonality_active,is_seasonal_base_active,is_stochastic_base_active,is_volatility_base_active
2020-01-01,-1.997635644278087,0,0,0,0,0,0,0,0,0,0,0,0,0,0,0,0,0,1,0,none,,0,none,,,0,0,0,none,,0,none,,1,end,497,direction_change,0,Trend Shift,none,0,0,0,0,0,1,0,0,0,0,0,0,0,0,0,0
2020-01-02,-1.9326072214869325,0,0,0,0,0,0,0,0,0,0,0,0,0,0,0,0,0,1,0,none,,0,none,,,0,0,0,none,,0,none,,1,end,497,direction_change,0,Trend Shift,none,0,0,0,0,0,1,0,0,0,0,0,0,0,0,0,0
2020-01-03,-1.9117494185490094,0,0,0,0,0,0,0,0,0,0,0,0,0,0,0,0,0,1,0,none,,0,none,,,0,0,0,none,,0,none,,1,end,497,direction_change,0,Trend Shift,none,0,0,0,0,0,1,0,0,0,0,0,0,0,0,0,0
2020-01-04,-1.8162348078355026,0,0,0,0,0,0,0,0,0,0,0,0,0,0,0,0,0,1,0,none,,0,none,,,0,0,0,none,,0,none,,1,end,497,direction_change,0,Trend Shift,none,0,0,0,0,0,1,0,0,0,0,0,0,0,0,0,0
2020-01-05,-1.9770648109397237,0,0,0,0,0,0,0,0,0,0,0,0,0,0,0,0,0,1,0,none,,0,none,,,0,0,0,none,,0,none,,1,end,497,direction_change,0,Trend Shift,none,0,0,0,0,0,1,0,0,0,0,0,0,0,0,0,0
2020-01-06,-1.8572206840781929,0,0,0,0,0,0,0,0,0,0,0,0,0,0,0,0,0,1,0,none,,0,none,,,0,0,0,none,,0,none,,1,end,497,direction_change,0,Trend Shift,none,0,0,0,0,0,1,0,0,0,0,0,0,0,0,0,0
2020-01-07,-1.8865831001034563,0,0,0,0,0,0,0,0,0,0,0,0,0,0,0,0,0,1,0,none,,0,none,,,0,0,0,none,,0,none,,1,end,497,direction_change,0,Trend Shift,none,0,0,0,0,0,1,0,0,0,0,0,0,0,0,0,0
2020-01-08,-1.8524123489816324,0,0,0,0,0,0,0,0,0,0,0,0,0,0,0,0,0,1,0,none,,0,none,,,0,0,0,none,,0,none,,1,end,497,direction_change,0,Trend Shift,none,0,0,0,0,0,1,0,0,0,0,0,0,0,0,0,0
2020-01-09,-1.874521254818061,0,0,0,0,0,0,0,0,0,0,0,0,0,0,0,0,0,1,0,none,,0,none,,,0,0,0,none,,0,none,,1,end,497,direction_change,0,Trend Shift,none,0,0,0,0,0,1,0,0,0,0,0,0,0,0,0,0
2020-01-10,-1.9276348924436322,0,0,0,0,0,0,0,0,0,0,0,0,0,0,0,0,0,1,0,none,,0,none,,,0,0,0,none,,0,none,,1,end,497,direction_change,0,Trend Shift,none,0,0,0,0,0,1,0,0,0,0,0,0,0,0,0,0
2020-01-11,-1.9420535455498786,0,0,0,0,0,0,0,0,0,0,0,0,0,0,0,0,0,1,0,none,,0,none,,,0,0,0,none,,0,none,,1,end,497,direction_change,0,Trend Shift,none,0,0,0,0,0,1,0,0,0,0,0,0,0,0,0,0
2020-01-12,-1.795184439147823,0,0,0,0,0,0,0,0,0,0,0,0,0,0,0,0,0,1,0,none,,0,none,,,0,0,0,none,,0,none,,1,end,497,direction_change,0,Trend Shift,none,0,0,0,0,0,1,0,0,0,0,0,0,0,0,0,0
2020-01-13,-1.9243527131562639,0,0,0,0,0,0,0,0,0,0,0,0,0,0,0,0,0,1,0,none,,0,none,,,0,0,0,none,,0,none,,1,end,497,direction_change,0,Trend Shift,none,0,0,0,0,0,1,0,0,0,0,0,0,0,0,0,0
2020-01-14,-1.8256984981743678,0,0,0,0,0,0,0,0,0,0,0,0,0,0,0,0,0,1,0,none,,0,none,,,0,0,0,none,,0,none,,1,end,497,direction_change,0,Trend Shift,none,0,0,0,0,0,1,0,0,0,0,0,0,0,0,0,0
2020-01-15,-1.7953627699493138,0,0,0,0,0,0,0,0,0,0,0,0,0,0,0,0,0,1,0,none,,0,none,,,0,0,0,none,,0,none,,1,end,497,direction_change,0,Trend Shift,none,0,0,0,0,0,1,0,0,0,0,0,0,0,0,0,0
2020-01-16,-1.798869116208343,0,0,0,0,0,0,0,0,0,0,0,0,0,0,0,0,0,1,0,none,,0,none,,,0,0,0,none,,0,none,,1,end,497,direction_change,0,Trend Shift,none,0,0,0,0,0,1,0,0,0,0,0,0,0,0,0,0
2020-01-17,-1.8948434145362192,0,0,0,0,0,0,0,0,0,0,0,0,0,0,0,0,0,1,0,none,,0,none,,,0,0,0,none,,0,none,,1,end,497,direction_change,0,Trend Shift,none,0,0,0,0,0,1,0,0,0,0,0,0,0,0,0,0
2020-01-18,-1.88353672029226,0,0,0,0,0,0,0,0,0,0,0,0,0,0,0,0,0,1,0,none,,0,none,,,0,0,0,none,,0,none,,1,end,497,direction_change,0,Trend Shift,none,0,0,0,0,0,1,0,0,0,0,0,0,0,0,0,0
2020-01-19,-1.7715401434219389,0,0,0,0,0,0,0,0,0,0,0,0,0,0,0,0,0,1,0,none,,0,none,,,0,0,0,none,,0,none,,1,end,497,direction_change,0,Trend Shift,none,0,0,0,0,0,1,0,0,0,0,0,0,0,0,0,0
2020-01-20,-1.7459120402363488,0,0,0,0,0,0,0,0,0,0,0,0,0,0,0,0,0,1,0,none,,0,none,,,0,0,0,none,,0,none,,1,end,497,direction_change,0,Trend Shift,none,0,0,0,0,0,1,0,0,0,0,0,0,0,0,0,0
2020-01-21,-1.766662533349298,0,0,0,0,0,0,0,0,0,0,0,0,0,0,0,0,0,1,0,none,,0,none,,,0,0,0,none,,0,none,,1,end,497,direction_change,0,Trend Shift,none,0,0,0,0,0,1,0,0,0,0,0,0,0,0,0,0
2020-01-22,-1.8153627928276739,0,0,0,0,0,0,0,0,0,0,0,0,0,0,0,0,0,1,0,none,,0,none,,,0,0,0,none,,0,none,,1,end,497,direction_change,0,Trend Shift,none,0,0,0,0,0,1,0,0,0,0,0,0,0,0,0,0
2020-01-23,-1.8260321313848245,0,0,0,0,0,0,0,0,0,0,0,0,0,0,0,0,0,1,0,none,,0,none,,,0,0,0,none,,0,none,,1,end,497,direction_change,0,Trend Shift,none,0,0,0,0,0,1,0,0,0,0,0,0,0,0,0,0
2020-01-24,-1.8740922397998947,0,0,0,0,0,0,0,0,0,0,0,0,0,0,0,0,0,1,0,none,,0,none,,,0,0,0,none,,0,none,,1,end,497,direction_change,0,Trend Shift,none,0,0,0,0,0,1,0,0,0,0,0,0,0,0,0,0
2020-01-25,-1.7391275740538374,0,0,0,0,0,0,0,0,0,0,0,0,0,0,0,0,0,1,0,none,,0,none,,,0,0,0,none,,0,none,,1,end,497,direction_change,0,Trend Shift,none,0,0,0,0,0,1,0,0,0,0,0,0,0,0,0,0
2020-01-26,-1.9000907244156513,0,0,0,0,0,0,0,0,0,0,0,0,0,0,0,0,0,1,0,none,,0,none,,,0,0,0,none,,0,none,,1,end,497,direction_change,0,Trend Shift,none,0,0,0,0,0,1,0,0,0,0,0,0,0,0,0,0
2020-01-27,-1.659399534638601,0,0,0,0,0,0,0,0,0,0,0,0,0,0,0,0,0,1,0,none,,0,none,,,0,0,0,none,,0,none,,1,end,497,direction_change,0,Trend Shift,none,0,0,0,0,0,1,0,0,0,0,0,0,0,0,0,0
2020-01-28,-1.6915852588628486,0,0,0,0,0,0,0,0,0,0,0,0,0,0,0,0,0,1,0,none,,0,none,,,0,0,0,none,,0,none,,1,end,497,direction_change,0,Trend Shift,none,0,0,0,0,0,1,0,0,0,0,0,0,0,0,0,0
2020-01-29,-1.82363013781958,0,0,0,0,0,0,0,0,0,0,0,0,0,0,0,0,0,1,0,none,,0,none,,,0,0,0,none,,0,none,,1,end,497,direction_change,0,Trend Shift,none,0,0,0,0,0,1,0,0,0,0,0,0,0,0,0,0
2020-01-30,-1.7981828663771589,0,0,0,0,0,0,0,0,0,0,0,0,0,0,0,0,0,1,0,none,,0,none,,,0,0,0,none,,0,none,,1,end,497,direction_change,0,Trend Shift,none,0,0,0,0,0,1,0,0,0,0,0,0,0,0,0,0
2020-01-31,-1.6549955124501543,0,0,0,0,0,0,0,0,0,0,0,0,0,0,0,0,0,1,0,none,,0,none,,,0,0,0,none,,0,none,,1,end,497,direction_change,0,Trend Shift,none,0,0,0,0,0,1,0,0,0,0,0,0,0,0,0,0
2020-02-01,-1.6893062918880037,0,0,0,0,0,0,0,0,0,0,0,0,0,0,0,0,0,1,0,none,,0,none,,,0,0,0,none,,0,none,,1,end,497,direction_change,0,Trend Shift,none,0,0,0,0,0,1,0,0,0,0,0,0,0,0,0,0
2020-02-02,-1.8311367907839604,0,0,0,0,0,0,0,0,0,0,0,0,0,0,0,0,0,1,0,none,,0,none,,,0,0,0,none,,0,none,,1,end,497,direction_change,0,Trend Shift,none,0,0,0,0,0,1,0,0,0,0,0,0,0,0,0,0
2020-02-03,-1.7964221291875893,0,0,0,0,0,0,0,0,0,0,0,0,0,0,0,0,0,1,0,none,,0,none,,,0,0,0,none,,0,none,,1,end,497,direction_change,0,Trend Shift,none,0,0,0,0,0,1,0,0,0,0,0,0,0,0,0,0
2020-02-04,-1.7610707854632257,0,0,0,0,0,0,0,0,0,0,0,0,0,0,0,0,0,1,0,none,,0,none,,,0,0,0,none,,0,none,,1,end,497,direction_change,0,Trend Shift,none,0,0,0,0,0,1,0,0,0,0,0,0,0,0,0,0
2020-02-05,-1.799068581331203,0,0,0,0,0,0,0,0,0,0,0,0,0,0,0,0,0,1,0,none,,0,none,,,0,0,0,none,,0,none,,1,end,497,direction_change,0,Trend Shift,none,0,0,0,0,0,1,0,0,0,0,0,0,0,0,0,0
2020-02-06,-1.6565999105098896,0,0,0,0,0,0,0,0,0,0,0,0,0,0,0,0,0,1,0,none,,0,none,,,0,0,0,none,,0,none,,1,end,497,direction_change,0,Trend Shift,none,0,0,0,0,0,1,0,0,0,0,0,0,0,0,0,0
2020-02-07,-1.8832638342036727,0,0,0,0,0,0,0,0,0,0,0,0,0,0,0,0,0,1,0,none,,0,none,,,0,0,0,none,,0,none,,1,end,497,direction_change,0,Trend Shift,none,0,0,0,0,0,1,0,0,0,0,0,0,0,0,0,0
2020-02-08,-1.6806842274362697,0,0,0,0,0,0,0,0,0,0,0,0,0,0,0,0,0,1,0,none,,0,none,,,0,0,0,none,,0,none,,1,end,497,direction_change,0,Trend Shift,none,0,0,0,0,0,1,0,0,0,0,0,0,0,0,0,0
2020-02-09,-1.5855127712632704,0,0,0,0,0,0,0,0,0,0,0,0,0,0,0,0,0,1,0,none,,0,none,,,0,0,0,none,,0,none,,1,end,497,direction_change,0,Trend Shift,none,0,0,0,0,0,1,0,0,0,0,0,0,0,0,0,0
2020-02-10,-1.6835019660288701,0,0,0,0,0,0,0,0,0,0,0,0,0,0,0,0,0,1,0,none,,0,none,,,0,0,0,none,,0,none,,1,end,497,direction_change,0,Trend Shift,none,0,0,0,0,0,1,0,0,0,0,0,0,0,0,0,0
2020-02-11,-1.6609857023971357,0,0,0,0,0,0,0,0,0,0,0,0,0,0,0,0,0,1,0,none,,0,none,,,0,0,0,none,,0,none,,1,end,497,direction_change,0,Trend Shift,none,0,0,0,0,0,1,0,0,0,0,0,0,0,0,0,0
2020-02-12,-1.6136690751168083,0,0,0,0,0,0,0,0,0,0,0,0,0,0,0,0,0,1,0,none,,0,none,,,0,0,0,none,,0,none,,1,end,497,direction_change,0,Trend Shift,none,0,0,0,0,0,1,0,0,0,0,0,0,0,0,0,0
2020-02-13,-1.8202091213063252,0,0,0,0,0,0,0,0,0,0,0,0,0,0,0,0,0,1,0,none,,0,none,,,0,0,0,none,,0,none,,1,end,497,direction_change,0,Trend Shift,none,0,0,0,0,0,1,0,0,0,0,0,0,0,0,0,0
2020-02-14,-1.6821968801350922,0,0,0,0,0,0,0,0,0,0,0,0,0,0,0,0,0,1,0,none,,0,none,,,0,0,0,none,,0,none,,1,end,497,direction_change,0,Trend Shift,none,0,0,0,0,0,1,0,0,0,0,0,0,0,0,0,0
2020-02-15,-1.7330154555673831,0,0,0,0,0,0,0,0,0,0,0,0,0,0,0,0,0,1,0,none,,0,none,,,0,0,0,none,,0,none,,1,end,497,direction_change,0,Trend Shift,none,0,0,0,0,0,1,0,0,0,0,0,0,0,0,0,0
2020-02-16,-1.5222241664395408,0,0,0,0,0,0,0,0,0,0,0,0,0,0,0,0,0,1,0,none,,0,none,,,0,0,0,none,,0,none,,1,end,497,direction_change,0,Trend Shift,none,0,0,0,0,0,1,0,0,0,0,0,0,0,0,0,0
2020-02-17,-1.5981650697971288,0,0,0,0,0,0,0,0,0,0,0,0,0,0,0,0,0,1,0,none,,0,none,,,0,0,0,none,,0,none,,1,end,497,direction_change,0,Trend Shift,none,0,0,0,0,0,1,0,0,0,0,0,0,0,0,0,0
2020-02-18,-1.5784575312750022,0,0,0,0,0,0,0,0,0,0,0,0,0,0,0,0,0,1,0,none,,0,none,,,0,0,0,none,,0,none,,1,end,497,direction_change,0,Trend Shift,none,0,0,0,0,0,1,0,0,0,0,0,0,0,0,0,0
2020-02-19,-1.6312748206062095,0,0,0,0,0,0,0,0,0,0,0,0,0,0,0,0,0,1,0,none,,0,none,,,0,0,0,none,,0,none,,1,end,497,direction_change,0,Trend Shift,none,0,0,0,0,0,1,0,0,0,0,0,0,0,0,0,0
2020-02-20,-1.6478336996042267,0,0,0,0,0,0,0,0,0,0,0,0,0,0,0,0,0,1,0,none,,0,none,,,0,0,0,none,,0,none,,1,end,497,direction_change,0,Trend Shift,none,0,0,0,0,0,1,0,0,0,0,0,0,0,0,0,0
2020-02-21,-1.6229017142474396,0,0,0,0,0,0,0,0,0,0,0,0,0,0,0,0,0,1,0,none,,0,none,,,0,0,0,none,,0,none,,1,end,497,direction_change,0,Trend Shift,none,0,0,0,0,0,1,0,0,0,0,0,0,0,0,0,0
2020-02-22,-1.5295551966321685,0,0,0,0,0,0,0,0,0,0,0,0,0,0,0,0,0,1,0,none,,0,none,,,0,0,0,none,,0,none,,1,end,497,direction_change,0,Trend Shift,none,0,0,0,0,0,1,0,0,0,0,0,0,0,0,0,0
2020-02-23,-1.4503553593684362,0,0,0,0,0,0,0,0,0,0,0,0,0,0,0,0,0,1,0,none,,0,none,,,0,0,0,none,,0,none,,1,end,497,direction_change,0,Trend Shift,none,0,0,0,0,0,1,0,0,0,0,0,0,0,0,0,0
2020-02-24,-1.7267528397056657,0,0,0,0,0,0,0,0,0,0,0,0,0,0,0,0,0,1,0,none,,0,none,,,0,0,0,none,,0,none,,1,end,497,direction_change,0,Trend Shift,none,0,0,0,0,0,1,0,0,0,0,0,0,0,0,0,0
2020-02-25,-1.5761605093839326,0,0,0,0,0,0,0,0,0,0,0,0,0,0,0,0,0,1,0,none,,0,none,,,0,0,0,none,,0,none,,1,end,497,direction_change,0,Trend Shift,none,0,0,0,0,0,1,0,0,0,0,0,0,0,0,0,0
2020-02-26,-1.5590557809118917,0,0,0,0,0,0,0,0,0,0,0,0,0,0,0,0,0,1,0,none,,0,none,,,0,0,0,none,,0,none,,1,end,497,direction_change,0,Trend Shift,none,0,0,0,0,0,1,0,0,0,0,0,0,0,0,0,0
2020-02-27,-1.5960226534901718,0,0,0,0,0,0,0,0,0,0,0,0,0,0,0,0,0,1,0,none,,0,none,,,0,0,0,none,,0,none,,1,end,497,direction_change,0,Trend Shift,none,0,0,0,0,0,1,0,0,0,0,0,0,0,0,0,0
2020-02-28,-1.6007291612260948,0,0,0,0,0,0,0,0,0,0,0,0,0,0,0,0,0,1,0,none,,0,none,,,0,0,0,none,,0,none,,1,end,497,direction_change,0,Trend Shift,none,0,0,0,0,0,1,0,0,0,0,0,0,0,0,0,0
2020-02-29,-1.5995206959067545,0,0,0,0,0,0,0,0,0,0,0,0,0,0,0,0,0,1,0,none,,0,none,,,0,0,0,none,,0,none,,1,end,497,direction_change,0,Trend Shift,none,0,0,0,0,0,1,0,0,0,0,0,0,0,0,0,0
2020-03-01,-1.6325090948924845,0,0,0,0,0,0,0,0,0,0,0,0,0,0,0,0,0,1,0,none,,0,none,,,0,0,0,none,,0,none,,1,end,497,direction_change,0,Trend Shift,none,0,0,0,0,0,1,0,0,0,0,0,0,0,0,0,0
2020-03-02,-1.539904082302833,0,0,0,0,0,0,0,0,0,0,0,0,0,0,0,0,0,1,0,none,,0,none,,,0,0,0,none,,0,none,,1,end,497,direction_change,0,Trend Shift,none,0,0,0,0,0,1,0,0,0,0,0,0,0,0,0,0
2020-03-03,-1.5021111860954763,0,0,0,0,0,0,0,0,0,0,0,0,0,0,0,0,0,1,0,none,,0,none,,,0,0,0,none,,0,none,,1,end,497,direction_change,0,Trend Shift,none,0,0,0,0,0,1,0,0,0,0,0,0,0,0,0,0
2020-03-04,-1.468771541371357,0,0,0,0,0,0,0,0,0,0,0,0,0,0,0,0,0,1,0,none,,0,none,,,0,0,0,none,,0,none,,1,end,497,direction_change,0,Trend Shift,none,0,0,0,0,0,1,0,0,0,0,0,0,0,0,0,0
2020-03-05,-1.341633360302851,0,0,0,0,0,0,0,0,0,0,0,0,0,0,0,0,0,1,0,none,,0,none,,,0,0,0,none,,0,none,,1,end,497,direction_change,0,Trend Shift,none,0,0,0,0,0,1,0,0,0,0,0,0,0,0,0,0
2020-03-06,-1.550649711669003,0,0,0,0,0,0,0,0,0,0,0,0,0,0,0,0,0,1,0,none,,0,none,,,0,0,0,none,,0,none,,1,end,497,direction_change,0,Trend Shift,none,0,0,0,0,0,1,0,0,0,0,0,0,0,0,0,0
2020-03-07,-1.5631825251855223,0,0,0,0,0,0,0,0,0,0,0,0,0,0,0,0,0,1,0,none,,0,none,,,0,0,0,none,,0,none,,1,end,497,direction_change,0,Trend Shift,none,0,0,0,0,0,1,0,0,0,0,0,0,0,0,0,0
2020-03-08,-1.491333545588238,0,0,0,0,0,0,0,0,0,0,0,0,0,0,0,0,0,1,0,none,,0,none,,,0,0,0,none,,0,none,,1,end,497,direction_change,0,Trend Shift,none,0,0,0,0,0,1,0,0,0,0,0,0,0,0,0,0
2020-03-09,-1.499142940700891,0,0,0,0,0,0,0,0,0,0,0,0,0,0,0,0,0,1,0,none,,0,none,,,0,0,0,none,,0,none,,1,end,497,direction_change,0,Trend Shift,none,0,0,0,0,0,1,0,0,0,0,0,0,0,0,0,0
2020-03-10,-1.3851225743041562,0,0,0,0,0,0,0,0,0,0,0,0,0,0,0,0,0,1,0,none,,0,none,,,0,0,0,none,,0,none,,1,end,497,direction_change,0,Trend Shift,none,0,0,0,0,0,1,0,0,0,0,0,0,0,0,0,0
2020-03-11,-1.628121281544424,0,0,0,0,0,0,0,0,0,0,0,0,0,0,0,0,0,1,0,none,,0,none,,,0,0,0,none,,0,none,,1,end,497,direction_change,0,Trend Shift,none,0,0,0,0,0,1,0,0,0,0,0,0,0,0,0,0
2020-03-12,-1.525996826918076,0,0,0,0,0,0,0,0,0,0,0,0,0,0,0,0,0,1,0,none,,0,none,,,0,0,0,none,,0,none,,1,end,497,direction_change,0,Trend Shift,none,0,0,0,0,0,1,0,0,0,0,0,0,0,0,0,0
2020-03-13,-1.3281913756304373,0,0,0,0,0,0,0,0,0,0,0,0,0,0,0,0,0,1,0,none,,0,none,,,0,0,0,none,,0,none,,1,end,497,direction_change,0,Trend Shift,none,0,0,0,0,0,1,0,0,0,0,0,0,0,0,0,0
2020-03-14,-1.4193789418693241,0,0,0,0,0,0,0,0,0,0,0,0,0,0,0,0,0,1,0,none,,0,none,,,0,0,0,none,,0,none,,1,end,497,direction_change,0,Trend Shift,none,0,0,0,0,0,1,0,0,0,0,0,0,0,0,0,0
2020-03-15,-1.4570736834287876,0,0,0,0,0,0,0,0,0,0,0,0,0,0,0,0,0,1,0,none,,0,none,,,0,0,0,none,,0,none,,1,end,497,direction_change,0,Trend Shift,none,0,0,0,0,0,1,0,0,0,0,0,0,0,0,0,0
2020-03-16,-1.3515467691500564,0,0,0,0,0,0,0,0,0,0,0,0,0,0,0,0,0,1,0,none,,0,none,,,0,0,0,none,,0,none,,1,end,497,direction_change,0,Trend Shift,none,0,0,0,0,0,1,0,0,0,0,0,0,0,0,0,0
2020-03-17,-1.3655329947771417,0,0,0,0,0,0,0,0,0,0,0,0,0,0,0,0,0,1,0,none,,0,none,,,0,0,0,none,,0,none,,1,end,497,direction_change,0,Trend Shift,none,0,0,0,0,0,1,0,0,0,0,0,0,0,0,0,0
2020-03-18,-1.3873216580715304,0,0,0,0,0,0,0,0,0,0,0,0,0,0,0,0,0,1,0,none,,0,none,,,0,0,0,none,,0,none,,1,end,497,direction_change,0,Trend Shift,none,0,0,0,0,0,1,0,0,0,0,0,0,0,0,0,0
2020-03-19,-1.4536297285174444,0,0,0,0,0,0,0,0,0,0,0,0,0,0,0,0,0,1,0,none,,0,none,,,0,0,0,none,,0,none,,1,end,497,direction_change,0,Trend Shift,none,0,0,0,0,0,1,0,0,0,0,0,0,0,0,0,0
2020-03-20,-1.353412225908101,0,0,0,0,0,0,0,0,0,0,0,0,0,0,0,0,0,1,0,none,,0,none,,,0,0,0,none,,0,none,,1,end,497,direction_change,0,Trend Shift,none,0,0,0,0,0,1,0,0,0,0,0,0,0,0,0,0
2020-03-21,-1.4510982586561811,0,0,0,0,0,0,0,0,0,0,0,0,0,0,0,0,0,1,0,none,,0,none,,,0,0,0,none,,0,none,,1,end,497,direction_change,0,Trend Shift,none,0,0,0,0,0,1,0,0,0,0,0,0,0,0,0,0
2020-03-22,-1.4983465154477127,0,0,0,0,0,0,0,0,0,0,0,0,0,0,0,0,0,1,0,none,,0,none,,,0,0,0,none,,0,none,,1,end,497,direction_change,0,Trend Shift,none,0,0,0,0,0,1,0,0,0,0,0,0,0,0,0,0
2020-03-23,-1.3349997074335458,0,0,0,0,0,0,0,0,0,0,0,0,0,0,0,0,0,1,0,none,,0,none,,,0,0,0,none,,0,none,,1,end,497,direction_change,0,Trend Shift,none,0,0,0,0,0,1,0,0,0,0,0,0,0,0,0,0
2020-03-24,-1.3307171627248027,0,0,0,0,0,0,0,0,0,0,0,0,0,0,0,0,0,1,0,none,,0,none,,,0,0,0,none,,0,none,,1,end,497,direction_change,0,Trend Shift,none,0,0,0,0,0,1,0,0,0,0,0,0,0,0,0,0
2020-03-25,-1.3871197072626713,0,0,0,0,0,0,0,0,0,0,0,0,0,0,0,0,0,1,0,none,,0,none,,,0,0,0,none,,0,none,,1,end,497,direction_change,0,Trend Shift,none,0,0,0,0,0,1,0,0,0,0,0,0,0,0,0,0
2020-03-26,-1.3801862978866133,0,0,0,0,0,0,0,0,0,0,0,0,0,0,0,0,0,1,0,none,,0,none,,,0,0,0,none,,0,none,,1,end,497,direction_change,0,Trend Shift,none,0,0,0,0,0,1,0,0,0,0,0,0,0,0,0,0
2020-03-27,-1.4010062327307538,0,0,0,0,0,0,0,0,0,0,0,0,0,0,0,0,0,1,0,none,,0,none,,,0,0,0,none,,0,none,,1,end,497,direction_change,0,Trend Shift,none,0,0,0,0,0,1,0,0,0,0,0,0,0,0,0,0
2020-03-28,-1.3581045760754105,0,0,0,0,0,0,0,0,0,0,0,0,0,0,0,0,0,1,0,none,,0,none,,,0,0,0,none,,0,none,,1,end,497,direction_change,0,Trend Shift,none,0,0,0,0,0,1,0,0,0,0,0,0,0,0,0,0
2020-03-29,-1.3563415031417558,0,0,0,0,0,0,0,0,0,0,0,0,0,0,0,0,0,1,0,none,,0,none,,,0,0,0,none,,0,none,,1,end,497,direction_change,0,Trend Shift,none,0,0,0,0,0,1,0,0,0,0,0,0,0,0,0,0
2020-03-30,-1.3392663397542899,0,0,0,0,0,0,0,0,0,0,0,0,0,0,0,0,0,1,0,none,,0,none,,,0,0,0,none,,0,none,,1,end,497,direction_change,0,Trend Shift,none,0,0,0,0,0,1,0,0,0,0,0,0,0,0,0,0
2020-03-31,-1.4758302639413436,0,0,0,0,0,0,0,0,0,0,0,0,0,0,0,0,0,1,0,none,,0,none,,,0,0,0,none,,0,none,,1,end,497,direction_change,0,Trend Shift,none,0,0,0,0,0,1,0,0,0,0,0,0,0,0,0,0
2020-04-01,-1.3527002714791025,0,0,0,0,0,0,0,0,0,0,0,0,0,0,0,0,0,1,0,none,,0,none,,,0,0,0,none,,0,none,,1,end,497,direction_change,0,Trend Shift,none,0,0,0,0,0,1,0,0,0,0,0,0,0,0,0,0
2020-04-02,-1.3197408390342373,0,0,0,0,0,0,0,0,0,0,0,0,0,0,0,0,0,1,0,none,,0,none,,,0,0,0,none,,0,none,,1,end,497,direction_change,0,Trend Shift,none,0,0,0,0,0,1,0,0,0,0,0,0,0,0,0,0
2020-04-03,-1.3743379800509872,0,0,0,0,0,0,0,0,0,0,0,0,0,0,0,0,0,1,0,none,,0,none,,,0,0,0,none,,0,none,,1,end,497,direction_change,0,Trend Shift,none,0,0,0,0,0,1,0,0,0,0,0,0,0,0,0,0
2020-04-04,-1.2837827636261407,0,0,0,0,0,0,0,0,0,0,0,0,0,0,0,0,0,1,0,none,,0,none,,,0,0,0,none,,0,none,,1,end,497,direction_change,0,Trend Shift,none,0,0,0,0,0,1,0,0,0,0,0,0,0,0,0,0
2020-04-05,-1.3192147088859925,0,0,0,0,0,0,0,0,0,0,0,0,0,0,0,0,0,1,0,none,,0,none,,,0,0,0,none,,0,none,,1,end,497,direction_change,0,Trend Shift,none,0,0,0,0,0,1,0,0,0,0,0,0,0,0,0,0
2020-04-06,-1.216480891892627,0,0,0,0,0,0,0,0,0,0,0,0,0,0,0,0,0,1,0,none,,0,none,,,0,0,0,none,,0,none,,1,end,497,direction_change,0,Trend Shift,none,0,0,0,0,0,1,0,0,0,0,0,0,0,0,0,0
2020-04-07,-1.4115509102321797,0,0,0,0,0,0,0,0,0,0,0,0,0,0,0,0,0,1,0,none,,0,none,,,0,0,0,none,,0,none,,1,end,497,direction_change,0,Trend Shift,none,0,0,0,0,0,1,0,0,0,0,0,0,0,0,0,0
2020-04-08,-1.276199814069957,0,0,0,0,0,0,0,0,0,0,0,0,0,0,0,0,0,1,0,none,,0,none,,,0,0,0,none,,0,none,,1,end,497,direction_change,0,Trend Shift,none,0,0,0,0,0,1,0,0,0,0,0,0,0,0,0,0
2020-04-09,-1.2662392629221797,0,0,0,0,0,0,0,0,0,0,0,0,0,0,0,0,0,1,0,none,,0,none,,,0,0,0,none,,0,none,,1,end,497,direction_change,0,Trend Shift,none,0,0,0,0,0,1,0,0,0,0,0,0,0,0,0,0
2020-04-10,-1.2873191692628623,0,0,0,0,0,0,0,0,0,0,0,0,0,0,0,0,0,1,0,none,,0,none,,,0,0,0,none,,0,none,,1,end,497,direction_change,0,Trend Shift,none,0,0,0,0,0,1,0,0,0,0,0,0,0,0,0,0
2020-04-11,-1.2397509513569227,0,0,0,0,0,0,0,0,0,0,0,0,0,0,0,0,0,1,0,none,,0,none,,,0,0,0,none,,0,none,,1,end,497,direction_change,0,Trend Shift,none,0,0,0,0,0,1,0,0,0,0,0,0,0,0,0,0
2020-04-12,-1.2821085513392543,0,0,0,0,0,0,0,0,0,0,0,0,0,0,0,0,0,1,0,none,,0,none,,,0,0,0,none,,0,none,,1,end,497,direction_change,0,Trend Shift,none,0,0,0,0,0,1,0,0,0,0,0,0,0,0,0,0
2020-04-13,-1.311067213526492,0,0,0,0,0,0,0,0,0,0,0,0,0,0,0,0,0,1,0,none,,0,none,,,0,0,0,none,,0,none,,1,end,497,direction_change,0,Trend Shift,none,0,0,0,0,0,1,0,0,0,0,0,0,0,0,0,0
2020-04-14,-1.3053762005918697,0,0,0,0,0,0,0,0,0,0,0,0,0,0,0,0,0,1,0,none,,0,none,,,0,0,0,none,,0,none,,1,end,497,direction_change,0,Trend Shift,none,0,0,0,0,0,1,0,0,0,0,0,0,0,0,0,0
2020-04-15,-1.315363242565419,0,0,0,0,0,0,0,0,0,0,0,0,0,0,0,0,0,1,0,none,,0,none,,,0,0,0,none,,0,none,,1,end,497,direction_change,0,Trend Shift,none,0,0,0,0,0,1,0,0,0,0,0,0,0,0,0,0
2020-04-16,-1.192053344993817,0,0,0,0,0,0,0,0,0,0,0,0,0,0,0,0,0,1,0,none,,0,none,,,0,0,0,none,,0,none,,1,end,497,direction_change,0,Trend Shift,none,0,0,0,0,0,1,0,0,0,0,0,0,0,0,0,0
2020-04-17,-1.2264208145305846,0,0,0,0,0,0,0,0,0,0,0,0,0,0,0,0,0,1,0,none,,0,none,,,0,0,0,none,,0,none,,1,end,497,direction_change,0,Trend Shift,none,0,0,0,0,0,1,0,0,0,0,0,0,0,0,0,0
2020-04-18,-1.1732991492459903,0,0,0,0,0,0,0,0,0,0,0,0,0,0,0,0,0,1,0,none,,0,none,,,0,0,0,none,,0,none,,1,end,497,direction_change,0,Trend Shift,none,0,0,0,0,0,1,0,0,0,0,0,0,0,0,0,0
2020-04-19,-1.1509092626881203,0,0,0,0,0,0,0,0,0,0,0,0,0,0,0,0,0,1,0,none,,0,none,,,0,0,0,none,,0,none,,1,end,497,direction_change,0,Trend Shift,none,0,0,0,0,0,1,0,0,0,0,0,0,0,0,0,0
2020-04-20,-1.255725404129187,0,0,0,0,0,0,0,0,0,0,0,0,0,0,0,0,0,1,0,none,,0,none,,,0,0,0,none,,0,none,,1,end,497,direction_change,0,Trend Shift,none,0,0,0,0,0,1,0,0,0,0,0,0,0,0,0,0
2020-04-21,-1.3022101734936962,0,0,0,0,0,0,0,0,0,0,0,0,0,0,0,0,0,1,0,none,,0,none,,,0,0,0,none,,0,none,,1,end,497,direction_change,0,Trend Shift,none,0,0,0,0,0,1,0,0,0,0,0,0,0,0,0,0
2020-04-22,-1.2746656057394188,0,0,0,0,0,0,0,0,0,0,0,0,0,0,0,0,0,1,0,none,,0,none,,,0,0,0,none,,0,none,,1,end,497,direction_change,0,Trend Shift,none,0,0,0,0,0,1,0,0,0,0,0,0,0,0,0,0
2020-04-23,-1.1729795064026691,0,0,0,0,0,0,0,0,0,0,0,0,0,0,0,0,0,1,0,none,,0,none,,,0,0,0,none,,0,none,,1,end,497,direction_change,0,Trend Shift,none,0,0,0,0,0,1,0,0,0,0,0,0,0,0,0,0
2020-04-24,-1.217280193649413,0,0,0,0,0,0,0,0,0,0,0,0,0,0,0,0,0,1,0,none,,0,none,,,0,0,0,none,,0,none,,1,end,497,direction_change,0,Trend Shift,none,0,0,0,0,0,1,0,0,0,0,0,0,0,0,0,0
2020-04-25,-1.2639437342736155,0,0,0,0,0,0,0,0,0,0,0,0,0,0,0,0,0,1,0,none,,0,none,,,0,0,0,none,,0,none,,1,end,497,direction_change,0,Trend Shift,none,0,0,0,0,0,1,0,0,0,0,0,0,0,0,0,0
2020-04-26,-1.1756753223740481,0,0,0,0,0,0,0,0,0,0,0,0,0,0,0,0,0,1,0,none,,0,none,,,0,0,0,none,,0,none,,1,end,497,direction_change,0,Trend Shift,none,0,0,0,0,0,1,0,0,0,0,0,0,0,0,0,0
2020-04-27,-1.1908927141225678,0,0,0,0,0,0,0,0,0,0,0,0,0,0,0,0,0,1,0,none,,0,none,,,0,0,0,none,,0,none,,1,end,497,direction_change,0,Trend Shift,none,0,0,0,0,0,1,0,0,0,0,0,0,0,0,0,0
2020-04-28,-1.1574985328718064,0,0,0,0,0,0,0,0,0,0,0,0,0,0,0,0,0,1,0,none,,0,none,,,0,0,0,none,,0,none,,1,end,497,direction_change,0,Trend Shift,none,0,0,0,0,0,1,0,0,0,0,0,0,0,0,0,0
2020-04-29,-1.1155342422976597,0,0,0,0,0,0,0,0,0,0,0,0,0,0,0,0,0,1,0,none,,0,none,,,0,0,0,none,,0,none,,1,end,497,direction_change,0,Trend Shift,none,0,0,0,0,0,1,0,0,0,0,0,0,0,0,0,0
2020-04-30,-1.1375049167460622,0,0,0,0,0,0,0,0,0,0,0,0,0,0,0,0,0,1,0,none,,0,none,,,0,0,0,none,,0,none,,1,end,497,direction_change,0,Trend Shift,none,0,0,0,0,0,1,0,0,0,0,0,0,0,0,0,0
2020-05-01,-1.06659437643506,0,0,0,0,0,0,0,0,0,0,0,0,0,0,0,0,0,1,0,none,,0,none,,,0,0,0,none,,0,none,,1,end,497,direction_change,0,Trend Shift,none,0,0,0,0,0,1,0,0,0,0,0,0,0,0,0,0
2020-05-02,-1.1661635023879582,0,0,0,0,0,0,0,0,0,0,0,0,0,0,0,0,0,1,0,none,,0,none,,,0,0,0,none,,0,none,,1,end,497,direction_change,0,Trend Shift,none,0,0,0,0,0,1,0,0,0,0,0,0,0,0,0,0
2020-05-03,-1.0715856861003326,0,0,0,0,0,0,0,0,0,0,0,0,0,0,0,0,0,1,0,none,,0,none,,,0,0,0,none,,0,none,,1,end,497,direction_change,0,Trend Shift,none,0,0,0,0,0,1,0,0,0,0,0,0,0,0,0,0
2020-05-04,-1.1504342674518278,0,0,0,0,0,0,0,0,0,0,0,0,0,0,0,0,0,1,0,none,,0,none,,,0,0,0,none,,0,none,,1,end,497,direction_change,0,Trend Shift,none,0,0,0,0,0,1,0,0,0,0,0,0,0,0,0,0
2020-05-05,-1.1663368528773381,0,0,0,0,0,0,0,0,0,0,0,0,0,0,0,0,0,1,0,none,,0,none,,,0,0,0,none,,0,none,,1,end,497,direction_change,0,Trend Shift,none,0,0,0,0,0,1,0,0,0,0,0,0,0,0,0,0
2020-05-06,-1.0324158914101595,0,0,0,0,0,0,0,0,0,0,0,0,0,0,0,0,0,1,0,none,,0,none,,,0,0,0,none,,0,none,,1,end,497,direction_change,0,Trend Shift,none,0,0,0,0,0,1,0,0,0,0,0,0,0,0,0,0
2020-05-07,-1.0696154504026558,0,0,0,0,0,0,0,0,0,0,0,0,0,0,0,0,0,1,0,none,,0,none,,,0,0,0,none,,0,none,,1,end,497,direction_change,0,Trend Shift,none,0,0,0,0,0,1,0,0,0,0,0,0,0,0,0,0
2020-05-08,-1.1017451326273393,0,0,0,0,0,0,0,0,0,0,0,0,0,0,0,0,0,1,0,none,,0,none,,,0,0,0,none,,0,none,,1,end,497,direction_change,0,Trend Shift,none,0,0,0,0,0,1,0,0,0,0,0,0,0,0,0,0
2020-05-09,-1.1405344879495356,0,0,0,0,0,0,0,0,0,0,0,0,0,0,0,0,0,1,0,none,,0,none,,,0,0,0,none,,0,none,,1,end,497,direction_change,0,Trend Shift,none,0,0,0,0,0,1,0,0,0,0,0,0,0,0,0,0
2020-05-10,-1.0886120894671953,0,0,0,0,0,0,0,0,0,0,0,0,0,0,0,0,0,1,0,none,,0,none,,,0,0,0,none,,0,none,,1,end,497,direction_change,0,Trend Shift,none,0,0,0,0,0,1,0,0,0,0,0,0,0,0,0,0
2020-05-11,-1.1619261796219358,0,0,0,0,0,0,0,0,0,0,0,0,0,0,0,0,0,1,0,none,,0,none,,,0,0,0,none,,0,none,,1,end,497,direction_change,0,Trend Shift,none,0,0,0,0,0,1,0,0,0,0,0,0,0,0,0,0
2020-05-12,-1.0228154053884375,0,0,0,0,0,0,0,0,0,0,0,0,0,0,0,0,0,1,0,none,,0,none,,,0,0,0,none,,0,none,,1,end,497,direction_change,0,Trend Shift,none,0,0,0,0,0,1,0,0,0,0,0,0,0,0,0,0
2020-05-13,-0.9909639419310657,0,0,0,0,0,0,0,0,0,0,0,0,0,0,0,0,0,1,0,none,,0,none,,,0,0,0,none,,0,none,,1,end,497,direction_change,0,Trend Shift,none,0,0,0,0,0,1,0,0,0,0,0,0,0,0,0,0
2020-05-14,-1.031879270462702,0,0,0,0,0,0,0,0,0,0,0,0,0,0,0,0,0,1,0,none,,0,none,,,0,0,0,none,,0,none,,1,end,497,direction_change,0,Trend Shift,none,0,0,0,0,0,1,0,0,0,0,0,0,0,0,0,0
2020-05-15,-1.0483082056404727,0,0,0,0,0,0,0,0,0,0,0,0,0,0,0,0,0,1,0,none,,0,none,,,0,0,0,none,,0,none,,1,end,497,direction_change,0,Trend Shift,none,0,0,0,0,0,1,0,0,0,0,0,0,0,0,0,0
2020-05-16,-1.0467307050691668,0,0,0,0,0,0,0,0,0,0,0,0,0,0,0,0,0,1,0,none,,0,none,,,0,0,0,none,,0,none,,1,end,497,direction_change,0,Trend Shift,none,0,0,0,0,0,1,0,0,0,0,0,0,0,0,0,0
2020-05-17,-1.1152369774601787,0,0,0,0,0,0,0,0,0,0,0,0,0,0,0,0,0,1,0,none,,0,none,,,0,0,0,none,,0,none,,1,end,497,direction_change,0,Trend Shift,none,0,0,0,0,0,1,0,0,0,0,0,0,0,0,0,0
2020-05-18,-1.0816578053497974,0,0,0,0,0,0,0,0,0,0,0,0,0,0,0,0,0,1,0,none,,0,none,,,0,0,0,none,,0,none,,1,end,497,direction_change,0,Trend Shift,none,0,0,0,0,0,1,0,0,0,0,0,0,0,0,0,0
2020-05-19,-0.9279476511173282,0,0,0,0,0,0,0,0,0,0,0,0,0,0,0,0,0,1,0,none,,0,none,,,0,0,0,none,,0,none,,1,end,497,direction_change,0,Trend Shift,none,0,0,0,0,0,1,0,0,0,0,0,0,0,0,0,0
2020-05-20,-0.9532559998354424,0,0,0,0,0,0,0,0,0,0,0,0,0,0,0,0,0,1,0,none,,0,none,,,0,0,0,none,,0,none,,1,end,497,direction_change,0,Trend Shift,none,0,0,0,0,0,1,0,0,0,0,0,0,0,0,0,0
2020-05-21,-1.0649450865240788,0,0,0,0,0,0,0,0,0,0,0,0,0,0,0,0,0,1,0,none,,0,none,,,0,0,0,none,,0,none,,1,end,497,direction_change,0,Trend Shift,none,0,0,0,0,0,1,0,0,0,0,0,0,0,0,0,0
2020-05-22,-1.013758127042968,0,0,0,0,0,0,0,0,0,0,0,0,0,0,0,0,0,1,0,none,,0,none,,,0,0,0,none,,0,none,,1,end,497,direction_change,0,Trend Shift,none,0,0,0,0,0,1,0,0,0,0,0,0,0,0,0,0
2020-05-23,-0.9801066094165908,0,0,0,0,0,0,0,0,0,0,0,0,0,0,0,0,0,1,0,none,,0,none,,,0,0,0,none,,0,none,,1,end,497,direction_change,0,Trend Shift,none,0,0,0,0,0,1,0,0,0,0,0,0,0,0,0,0
2020-05-24,-0.9434871177992891,0,0,0,0,0,0,0,0,0,0,0,0,0,0,0,0,0,1,0,none,,0,none,,,0,0,0,none,,0,none,,1,end,497,direction_change,0,Trend Shift,none,0,0,0,0,0,1,0,0,0,0,0,0,0,0,0,0
2020-05-25,-0.9411537528290599,0,0,0,0,0,0,0,0,0,0,0,0,0,0,0,0,0,1,0,none,,0,none,,,0,0,0,none,,0,none,,1,end,497,direction_change,0,Trend Shift,none,0,0,0,0,0,1,0,0,0,0,0,0,0,0,0,0
2020-05-26,-0.9587171384727846,0,0,0,0,0,0,0,0,0,0,0,0,0,0,0,0,0,1,0,none,,0,none,,,0,0,0,none,,0,none,,1,end,497,direction_change,0,Trend Shift,none,0,0,0,0,0,1,0,0,0,0,0,0,0,0,0,0
2020-05-27,-1.064698068901466,0,0,0,0,0,0,0,0,0,0,0,0,0,0,0,0,0,1,0,none,,0,none,,,0,0,0,none,,0,none,,1,end,497,direction_change,0,Trend Shift,none,0,0,0,0,0,1,0,0,0,0,0,0,0,0,0,0
2020-05-28,-1.0438128077102633,0,0,0,0,0,0,0,0,0,0,0,0,0,0,0,0,0,1,0,none,,0,none,,,0,0,0,none,,0,none,,1,end,497,direction_change,0,Trend Shift,none,0,0,0,0,0,1,0,0,0,0,0,0,0,0,0,0
2020-05-29,-0.9640917569532336,0,0,0,0,0,0,0,0,0,0,0,0,0,0,0,0,0,1,0,none,,0,none,,,0,0,0,none,,0,none,,1,end,497,direction_change,0,Trend Shift,none,0,0,0,0,0,1,0,0,0,0,0,0,0,0,0,0
2020-05-30,-0.9261689394398687,0,0,0,0,0,0,0,0,0,0,0,0,0,0,0,0,0,1,0,none,,0,none,,,0,0,0,none,,0,none,,1,end,497,direction_change,0,Trend Shift,none,0,0,0,0,0,1,0,0,0,0,0,0,0,0,0,0
2020-05-31,-0.9084784466380234,0,0,0,0,0,0,0,0,0,0,0,0,0,0,0,0,0,1,0,none,,0,none,,,0,0,0,none,,0,none,,1,end,497,direction_change,0,Trend Shift,none,0,0,0,0,0,1,0,0,0,0,0,0,0,0,0,0
2020-06-01,-0.9448832553559164,0,0,0,0,0,0,0,0,0,0,0,0,0,0,0,0,0,1,0,none,,0,none,,,0,0,0,none,,0,none,,1,end,497,direction_change,0,Trend Shift,none,0,0,0,0,0,1,0,0,0,0,0,0,0,0,0,0
2020-06-02,-0.8648654754209066,0,0,0,0,0,0,0,0,0,0,0,0,0,0,0,0,0,1,0,none,,0,none,,,0,0,0,none,,0,none,,1,end,497,direction_change,0,Trend Shift,none,0,0,0,0,0,1,0,0,0,0,0,0,0,0,0,0
2020-06-03,-0.884405808391957,0,0,0,0,0,0,0,0,0,0,0,0,0,0,0,0,0,1,0,none,,0,none,,,0,0,0,none,,0,none,,1,end,497,direction_change,0,Trend Shift,none,0,0,0,0,0,1,0,0,0,0,0,0,0,0,0,0
2020-06-04,-0.9538135061260369,0,0,0,0,0,0,0,0,0,0,0,0,0,0,0,0,0,1,0,none,,0,none,,,0,0,0,none,,0,none,,1,end,497,direction_change,0,Trend Shift,none,0,0,0,0,0,1,0,0,0,0,0,0,0,0,0,0
2020-06-05,-0.9168938861561433,0,0,0,0,0,0,0,0,0,0,0,0,0,0,0,0,0,1,0,none,,0,none,,,0,0,0,none,,0,none,,1,end,497,direction_change,0,Trend Shift,none,0,0,0,0,0,1,0,0,0,0,0,0,0,0,0,0
2020-06-06,-0.999945152529342,0,0,0,0,0,0,0,0,0,0,0,0,0,0,0,0,0,1,0,none,,0,none,,,0,0,0,none,,0,none,,1,end,497,direction_change,0,Trend Shift,none,0,0,0,0,0,1,0,0,0,0,0,0,0,0,0,0
2020-06-07,-0.8709219661384328,0,0,0,0,0,0,0,0,0,0,0,0,0,0,0,0,0,1,0,none,,0,none,,,0,0,0,none,,0,none,,1,end,497,direction_change,0,Trend Shift,none,0,0,0,0,0,1,0,0,0,0,0,0,0,0,0,0
2020-06-08,-0.8896425040713509,0,0,0,0,0,0,0,0,0,0,0,0,0,0,0,0,0,1,0,none,,0,none,,,0,0,0,none,,0,none,,1,end,497,direction_change,0,Trend Shift,none,0,0,0,0,0,1,0,0,0,0,0,0,0,0,0,0
2020-06-09,-0.8475332915169828,0,0,0,0,0,0,0,0,0,0,0,0,0,0,0,0,0,1,0,none,,0,none,,,0,0,0,none,,0,none,,1,end,497,direction_change,0,Trend Shift,none,0,0,0,0,0,1,0,0,0,0,0,0,0,0,0,0
2020-06-10,-0.7992908348157272,0,0,0,0,0,0,0,0,0,0,0,0,0,0,0,0,0,1,0,none,,0,none,,,0,0,0,none,,0,none,,1,end,497,direction_change,0,Trend Shift,none,0,0,0,0,0,1,0,0,0,0,0,0,0,0,0,0
2020-06-11,-0.868723957493886,0,0,0,0,0,0,0,0,0,0,0,0,0,0,0,0,0,1,0,none,,0,none,,,0,0,0,none,,0,none,,1,end,497,direction_change,0,Trend Shift,none,0,0,0,0,0,1,0,0,0,0,0,0,0,0,0,0
2020-06-12,-0.9719336816773674,0,0,0,0,0,0,0,0,0,0,0,0,0,0,0,0,0,1,0,none,,0,none,,,0,0,0,none,,0,none,,1,end,497,direction_change,0,Trend Shift,none,0,0,0,0,0,1,0,0,0,0,0,0,0,0,0,0
2020-06-13,-0.8497503412711905,0,0,0,0,0,0,0,0,0,0,0,0,0,0,0,0,0,1,0,none,,0,none,,,0,0,0,none,,0,none,,1,end,497,direction_change,0,Trend Shift,none,0,0,0,0,0,1,0,0,0,0,0,0,0,0,0,0
2020-06-14,-0.8221960703047375,0,0,0,0,0,0,0,0,0,0,0,0,0,0,0,0,0,1,0,none,,0,none,,,0,0,0,none,,0,none,,1,end,497,direction_change,0,Trend Shift,none,0,0,0,0,0,1,0,0,0,0,0,0,0,0,0,0
2020-06-15,-0.7950121626258165,0,0,0,0,0,0,0,0,0,0,0,0,0,0,0,0,0,1,0,none,,0,none,,,0,0,0,none,,0,none,,1,end,497,direction_change,0,Trend Shift,none,0,0,0,0,0,1,0,0,0,0,0,0,0,0,0,0
2020-06-16,-0.8600095404378296,0,0,0,0,0,0,0,0,0,0,0,0,0,0,0,0,0,1,0,none,,0,none,,,0,0,0,none,,0,none,,1,end,497,direction_change,0,Trend Shift,none,0,0,0,0,0,1,0,0,0,0,0,0,0,0,0,0
2020-06-17,-0.8288603445727193,0,0,0,0,0,0,0,0,0,0,0,0,0,0,0,0,0,1,0,none,,0,none,,,0,0,0,none,,0,none,,1,end,497,direction_change,0,Trend Shift,none,0,0,0,0,0,1,0,0,0,0,0,0,0,0,0,0
2020-06-18,-0.7226929181411209,0,0,0,0,0,0,0,0,0,0,0,0,0,0,0,0,0,1,0,none,,0,none,,,0,0,0,none,,0,none,,1,end,497,direction_change,0,Trend Shift,none,0,0,0,0,0,1,0,0,0,0,0,0,0,0,0,0
2020-06-19,-0.8781882540738258,0,0,0,0,0,0,0,0,0,0,0,0,0,0,0,0,0,1,0,none,,0,none,,,0,0,0,none,,0,none,,1,end,497,direction_change,0,Trend Shift,none,0,0,0,0,0,1,0,0,0,0,0,0,0,0,0,0
2020-06-20,-0.7820768091676723,0,0,0,0,0,0,0,0,0,0,0,0,0,0,0,0,0,1,0,none,,0,none,,,0,0,0,none,,0,none,,1,end,497,direction_change,0,Trend Shift,none,0,0,0,0,0,1,0,0,0,0,0,0,0,0,0,0
2020-06-21,-0.872324974876661,0,0,0,0,0,0,0,0,0,0,0,0,0,0,0,0,0,1,0,none,,0,none,,,0,0,0,none,,0,none,,1,end,497,direction_change,0,Trend Shift,none,0,0,0,0,0,1,0,0,0,0,0,0,0,0,0,0
2020-06-22,-0.7958403041017764,0,0,0,0,0,0,0,0,0,0,0,0,0,0,0,0,0,1,0,none,,0,none,,,0,0,0,none,,0,none,,1,end,497,direction_change,0,Trend Shift,none,0,0,0,0,0,1,0,0,0,0,0,0,0,0,0,0
2020-06-23,-0.7588863197354956,0,0,0,0,0,0,0,0,0,0,0,0,0,0,0,0,0,1,0,none,,0,none,,,0,0,0,none,,0,none,,1,end,497,direction_change,0,Trend Shift,none,0,0,0,0,0,1,0,0,0,0,0,0,0,0,0,0
2020-06-24,-0.7458689207562352,0,0,0,0,0,0,0,0,0,0,0,0,0,0,0,0,0,1,0,none,,0,none,,,0,0,0,none,,0,none,,1,end,497,direction_change,0,Trend Shift,none,0,0,0,0,0,1,0,0,0,0,0,0,0,0,0,0
2020-06-25,-0.7315138231930456,0,0,0,0,0,0,0,0,0,0,0,0,0,0,0,0,0,1,0,none,,0,none,,,0,0,0,none,,0,none,,1,end,497,direction_change,0,Trend Shift,none,0,0,0,0,0,1,0,0,0,0,0,0,0,0,0,0
2020-06-26,-0.7551468894159109,0,0,0,0,0,0,0,0,0,0,0,0,0,0,0,0,0,1,0,none,,0,none,,,0,0,0,none,,0,none,,1,end,497,direction_change,0,Trend Shift,none,0,0,0,0,0,1,0,0,0,0,0,0,0,0,0,0
2020-06-27,-0.7243550201605551,0,0,0,0,0,0,0,0,0,0,0,0,0,0,0,0,0,1,0,none,,0,none,,,0,0,0,none,,0,none,,1,end,497,direction_change,0,Trend Shift,none,0,0,0,0,0,1,0,0,0,0,0,0,0,0,0,0
2020-06-28,-0.7331408057926839,0,0,0,0,0,0,0,0,0,0,0,0,0,0,0,0,0,1,0,none,,0,none,,,0,0,0,none,,0,none,,1,end,497,direction_change,0,Trend Shift,none,0,0,0,0,0,1,0,0,0,0,0,0,0,0,0,0
2020-06-29,-0.6466545821891657,0,0,0,0,0,0,0,0,0,0,0,0,0,0,0,0,0,1,0,none,,0,none,,,0,0,0,none,,0,none,,1,end,497,direction_change,0,Trend Shift,none,0,0,0,0,0,1,0,0,0,0,0,0,0,0,0,0
2020-06-30,-0.6978610292724098,0,0,0,0,0,0,0,0,0,0,0,0,0,0,0,0,0,1,0,none,,0,none,,,0,0,0,none,,0,none,,1,end,497,direction_change,0,Trend Shift,none,0,0,0,0,0,1,0,0,0,0,0,0,0,0,0,0
2020-07-01,-0.7249915529675209,0,0,0,0,0,0,0,0,0,0,0,0,0,0,0,0,0,1,0,none,,0,none,,,0,0,0,none,,0,none,,1,end,497,direction_change,0,Trend Shift,none,0,0,0,0,0,1,0,0,0,0,0,0,0,0,0,0
2020-07-02,-0.6571585909492546,0,0,0,0,0,0,0,0,0,0,0,0,0,0,0,0,0,1,0,none,,0,none,,,0,0,0,none,,0,none,,1,end,497,direction_change,0,Trend Shift,none,0,0,0,0,0,1,0,0,0,0,0,0,0,0,0,0
2020-07-03,-0.6745786472317744,0,0,0,0,0,0,0,0,0,0,0,0,0,0,0,0,0,1,0,none,,0,none,,,0,0,0,none,,0,none,,1,end,497,direction_change,0,Trend Shift,none,0,0,0,0,0,1,0,0,0,0,0,0,0,0,0,0
2020-07-04,-0.7988192366977283,0,0,0,0,0,0,0,0,0,0,0,0,0,0,0,0,0,1,0,none,,0,none,,,0,0,0,none,,0,none,,1,end,497,direction_change,0,Trend Shift,none,0,0,0,0,0,1,0,0,0,0,0,0,0,0,0,0
2020-07-05,-0.8264196186784352,0,0,0,0,0,0,0,0,0,0,0,0,0,0,0,0,0,1,0,none,,0,none,,,0,0,0,none,,0,none,,1,end,497,direction_change,0,Trend Shift,none,0,0,0,0,0,1,0,0,0,0,0,0,0,0,0,0
2020-07-06,-0.6307965706033337,0,0,0,0,0,0,0,0,0,0,0,0,0,0,0,0,0,1,0,none,,0,none,,,0,0,0,none,,0,none,,1,end,497,direction_change,0,Trend Shift,none,0,0,0,0,0,1,0,0,0,0,0,0,0,0,0,0
2020-07-07,-0.7560181925896098,0,0,0,0,0,0,0,0,0,0,0,0,0,0,0,0,0,1,0,none,,0,none,,,0,0,0,none,,0,none,,1,end,497,direction_change,0,Trend Shift,none,0,0,0,0,0,1,0,0,0,0,0,0,0,0,0,0
2020-07-08,-0.6713321337652737,0,0,0,0,0,0,0,0,0,0,0,0,0,0,0,0,0,1,0,none,,0,none,,,0,0,0,none,,0,none,,1,end,497,direction_change,0,Trend Shift,none,0,0,0,0,0,1,0,0,0,0,0,0,0,0,0,0
2020-07-09,-0.6158106890749252,0,0,0,0,0,0,0,0,0,0,0,0,0,0,0,0,0,1,0,none,,0,none,,,0,0,0,none,,0,none,,1,end,497,direction_change,0,Trend Shift,none,0,0,0,0,0,1,0,0,0,0,0,0,0,0,0,0
2020-07-10,-0.6110963440108363,0,0,0,0,0,0,0,0,0,0,0,0,0,0,0,0,0,1,0,none,,0,none,,,0,0,0,none,,0,none,,1,end,497,direction_change,0,Trend Shift,none,0,0,0,0,0,1,0,0,0,0,0,0,0,0,0,0
2020-07-11,-0.5878515506955462,0,0,0,0,0,0,0,0,0,0,0,0,0,0,0,0,0,1,0,none,,0,none,,,0,0,0,none,,0,none,,1,end,497,direction_change,0,Trend Shift,none,0,0,0,0,0,1,0,0,0,0,0,0,0,0,0,0
2020-07-12,-0.7050965490731286,0,0,0,0,0,0,0,0,0,0,0,0,0,0,0,0,0,1,0,none,,0,none,,,0,0,0,none,,0,none,,1,end,497,direction_change,0,Trend Shift,none,0,0,0,0,0,1,0,0,0,0,0,0,0,0,0,0
2020-07-13,-0.6326138985854157,0,0,0,0,0,0,0,0,0,0,0,0,0,0,0,0,0,1,0,none,,0,none,,,0,0,0,none,,0,none,,1,end,497,direction_change,0,Trend Shift,none,0,0,0,0,0,1,0,0,0,0,0,0,0,0,0,0
2020-07-14,-0.6051346895988378,0,0,0,0,0,0,0,0,0,0,0,0,0,0,0,0,0,1,0,none,,0,none,,,0,0,0,none,,0,none,,1,end,497,direction_change,0,Trend Shift,none,0,0,0,0,0,1,0,0,0,0,0,0,0,0,0,0
2020-07-15,-0.5626031792742607,0,0,0,0,0,0,0,0,0,0,0,0,0,0,0,0,0,1,0,none,,0,none,,,0,0,0,none,,0,none,,1,end,497,direction_change,0,Trend Shift,none,0,0,0,0,0,1,0,0,0,0,0,0,0,0,0,0
2020-07-16,-0.650081560592509,0,0,0,0,0,0,0,0,0,0,0,0,0,0,0,0,0,1,0,none,,0,none,,,0,0,0,none,,0,none,,1,end,497,direction_change,0,Trend Shift,none,0,0,0,0,0,1,0,0,0,0,0,0,0,0,0,0
2020-07-17,-0.5932328301968426,0,0,0,0,0,0,0,0,0,0,0,0,0,0,0,0,0,1,0,none,,0,none,,,0,0,0,none,,0,none,,1,end,497,direction_change,0,Trend Shift,none,0,0,0,0,0,1,0,0,0,0,0,0,0,0,0,0
2020-07-18,-0.689517313205094,0,0,0,0,0,0,0,0,0,0,0,0,0,0,0,0,0,1,0,none,,0,none,,,0,0,0,none,,0,none,,1,end,497,direction_change,0,Trend Shift,none,0,0,0,0,0,1,0,0,0,0,0,0,0,0,0,0
2020-07-19,-0.5895787534081778,0,0,0,0,0,0,0,0,0,0,0,0,0,0,0,0,0,1,0,none,,0,none,,,0,0,0,none,,0,none,,1,end,497,direction_change,0,Trend Shift,none,0,0,0,0,0,1,0,0,0,0,0,0,0,0,0,0
2020-07-20,-0.5116957736972657,0,0,0,0,0,0,0,0,0,0,0,0,0,0,0,0,0,1,0,none,,0,none,,,0,0,0,none,,0,none,,1,end,497,direction_change,0,Trend Shift,none,0,0,0,0,0,1,0,0,0,0,0,0,0,0,0,0
2020-07-21,-0.5997392354157901,0,0,0,0,0,0,0,0,0,0,0,0,0,0,0,0,0,1,0,none,,0,none,,,0,0,0,none,,0,none,,1,end,497,direction_change,0,Trend Shift,none,0,0,0,0,0,1,0,0,0,0,0,0,0,0,0,0
2020-07-22,-0.6474826448766406,0,0,0,0,0,0,0,0,0,0,0,0,0,0,0,0,0,1,0,none,,0,none,,,0,0,0,none,,0,none,,1,end,497,direction_change,0,Trend Shift,none,0,0,0,0,0,1,0,0,0,0,0,0,0,0,0,0
2020-07-23,-0.5777181874488339,0,0,0,0,0,0,0,0,0,0,0,0,0,0,0,0,0,1,0,none,,0,none,,,0,0,0,none,,0,none,,1,end,497,direction_change,0,Trend Shift,none,0,0,0,0,0,1,0,0,0,0,0,0,0,0,0,0
2020-07-24,-0.5579369587735464,0,0,0,0,0,0,0,0,0,0,0,0,0,0,0,0,0,1,0,none,,0,none,,,0,0,0,none,,0,none,,1,end,497,direction_change,0,Trend Shift,none,0,0,0,0,0,1,0,0,0,0,0,0,0,0,0,0
2020-07-25,-0.5544213798246792,0,0,0,0,0,0,0,0,0,0,0,0,0,0,0,0,0,1,0,none,,0,none,,,0,0,0,none,,0,none,,1,end,497,direction_change,0,Trend Shift,none,0,0,0,0,0,1,0,0,0,0,0,0,0,0,0,0
2020-07-26,-0.5099179987434052,0,0,0,0,0,0,0,0,0,0,0,0,0,0,0,0,0,1,0,none,,0,none,,,0,0,0,none,,0,none,,1,end,497,direction_change,0,Trend Shift,none,0,0,0,0,0,1,0,0,0,0,0,0,0,0,0,0
2020-07-27,-0.5752933133191794,0,0,0,0,0,0,0,0,0,0,0,0,0,0,0,0,0,1,0,none,,0,none,,,0,0,0,none,,0,none,,1,end,497,direction_change,0,Trend Shift,none,0,0,0,0,0,1,0,0,0,0,0,0,0,0,0,0
2020-07-28,-0.5755184569128659,0,0,0,0,0,0,0,0,0,0,0,0,0,0,0,0,0,1,0,none,,0,none,,,0,0,0,none,,0,none,,1,end,497,direction_change,0,Trend Shift,none,0,0,0,0,0,1,0,0,0,0,0,0,0,0,0,0
2020-07-29,-0.5749959309016085,0,0,0,0,0,0,0,0,0,0,0,0,0,0,0,0,0,1,0,none,,0,none,,,0,0,0,none,,0,none,,1,end,497,direction_change,0,Trend Shift,none,0,0,0,0,0,1,0,0,0,0,0,0,0,0,0,0
2020-07-30,-0.46908049906797983,0,0,0,0,0,0,0,0,0,0,0,0,0,0,0,0,0,1,0,none,,0,none,,,0,0,0,none,,0,none,,1,end,497,direction_change,0,Trend Shift,none,0,0,0,0,0,1,0,0,0,0,0,0,0,0,0,0
2020-07-31,-0.46156828913998327,0,0,0,0,0,0,0,0,0,0,0,0,0,0,0,0,0,1,0,none,,0,none,,,0,0,0,none,,0,none,,1,end,497,direction_change,0,Trend Shift,none,0,0,0,0,0,1,0,0,0,0,0,0,0,0,0,0
2020-08-01,-0.6483027998892033,0,0,0,0,0,0,0,0,0,0,0,0,0,0,0,0,0,1,0,none,,0,none,,,0,0,0,none,,0,none,,1,end,497,direction_change,0,Trend Shift,none,0,0,0,0,0,1,0,0,0,0,0,0,0,0,0,0
2020-08-02,-0.3834387989144713,0,0,0,0,0,0,0,0,0,0,0,0,0,0,0,0,0,1,0,none,,0,none,,,0,0,0,none,,0,none,,1,end,497,direction_change,0,Trend Shift,none,0,0,0,0,0,1,0,0,0,0,0,0,0,0,0,0
2020-08-03,-0.40010388586833023,0,0,0,0,0,0,0,0,0,0,0,0,0,0,0,0,0,1,0,none,,0,none,,,0,0,0,none,,0,none,,1,end,497,direction_change,0,Trend Shift,none,0,0,0,0,0,1,0,0,0,0,0,0,0,0,0,0
2020-08-04,-0.5358985123504882,0,0,0,0,0,0,0,0,0,0,0,0,0,0,0,0,0,1,0,none,,0,none,,,0,0,0,none,,0,none,,1,end,497,direction_change,0,Trend Shift,none,0,0,0,0,0,1,0,0,0,0,0,0,0,0,0,0
2020-08-05,-0.49481680149633306,0,0,0,0,0,0,0,0,0,0,0,0,0,0,0,0,0,1,0,none,,0,none,,,0,0,0,none,,0,none,,1,end,497,direction_change,0,Trend Shift,none,0,0,0,0,0,1,0,0,0,0,0,0,0,0,0,0
2020-08-06,-0.3767400377829683,0,0,0,0,0,0,0,0,0,0,0,0,0,0,0,0,0,1,0,none,,0,none,,,0,0,0,none,,0,none,,1,end,497,direction_change,0,Trend Shift,none,0,0,0,0,0,1,0,0,0,0,0,0,0,0,0,0
2020-08-07,-0.3881797890542583,0,0,0,0,0,0,0,0,0,0,0,0,0,0,0,0,0,1,0,none,,0,none,,,0,0,0,none,,0,none,,1,end,497,direction_change,0,Trend Shift,none,0,0,0,0,0,1,0,0,0,0,0,0,0,0,0,0
2020-08-08,-0.4909639100246849,0,0,0,0,0,0,0,0,0,0,0,0,0,0,0,0,0,1,0,none,,0,none,,,0,0,0,none,,0,none,,1,end,497,direction_change,0,Trend Shift,none,0,0,0,0,0,1,0,0,0,0,0,0,0,0,0,0
2020-08-09,-0.541506834950273,0,0,0,0,0,0,0,0,0,0,0,0,0,0,0,0,0,1,0,none,,0,none,,,0,0,0,none,,0,none,,1,end,497,direction_change,0,Trend Shift,none,0,0,0,0,0,1,0,0,0,0,0,0,0,0,0,0
2020-08-10,-0.4403911264464518,0,0,0,0,0,0,0,0,0,0,0,0,0,0,0,0,0,1,0,none,,0,none,,,0,0,0,none,,0,none,,1,end,497,direction_change,0,Trend Shift,none,0,0,0,0,0,1,0,0,0,0,0,0,0,0,0,0
2020-08-11,-0.5001846642492276,0,0,0,0,0,0,0,0,0,0,0,0,0,0,0,0,0,1,0,none,,0,none,,,0,0,0,none,,0,none,,1,end,497,direction_change,0,Trend Shift,none,0,0,0,0,0,1,0,0,0,0,0,0,0,0,0,0
2020-08-12,-0.4674839491610926,0,0,0,0,0,0,0,0,0,0,0,0,0,0,0,0,0,1,0,none,,0,none,,,0,0,0,none,,0,none,,1,end,497,direction_change,0,Trend Shift,none,0,0,0,0,0,1,0,0,0,0,0,0,0,0,0,0
2020-08-13,-0.3868958347496536,0,0,0,0,0,0,0,0,0,0,0,0,0,0,0,0,0,1,0,none,,0,none,,,0,0,0,none,,0,none,,1,end,497,direction_change,0,Trend Shift,none,0,0,0,0,0,1,0,0,0,0,0,0,0,0,0,0
2020-08-14,-0.6159432545196108,0,0,0,0,0,0,0,0,0,0,0,0,0,0,0,0,0,1,0,none,,0,none,,,0,0,0,none,,0,none,,1,end,497,direction_change,0,Trend Shift,none,0,0,0,0,0,1,0,0,0,0,0,0,0,0,0,0
2020-08-15,-0.4176312469218199,0,0,0,0,0,0,0,0,0,0,0,0,0,0,0,0,0,1,0,none,,0,none,,,0,0,0,none,,0,none,,1,end,497,direction_change,0,Trend Shift,none,0,0,0,0,0,1,0,0,0,0,0,0,0,0,0,0
2020-08-16,-0.40171593033762015,0,0,0,0,0,0,0,0,0,0,0,0,0,0,0,0,0,1,0,none,,0,none,,,0,0,0,none,,0,none,,1,end,497,direction_change,0,Trend Shift,none,0,0,0,0,0,1,0,0,0,0,0,0,0,0,0,0
2020-08-17,-0.40707367678828865,0,0,0,0,0,0,0,0,0,0,0,0,0,0,0,0,0,1,0,none,,0,none,,,0,0,0,none,,0,none,,1,end,497,direction_change,0,Trend Shift,none,0,0,0,0,0,1,0,0,0,0,0,0,0,0,0,0
2020-08-18,-0.40382148582080524,0,0,0,0,0,0,0,0,0,0,0,0,0,0,0,0,0,1,0,none,,0,none,,,0,0,0,none,,0,none,,1,end,497,direction_change,0,Trend Shift,none,0,0,0,0,0,1,0,0,0,0,0,0,0,0,0,0
2020-08-19,-0.4426656139552223,0,0,0,0,0,0,0,0,0,0,0,0,0,0,0,0,0,1,0,none,,0,none,,,0,0,0,none,,0,none,,1,end,497,direction_change,0,Trend Shift,none,0,0,0,0,0,1,0,0,0,0,0,0,0,0,0,0
2020-08-20,-0.4015875463637982,0,0,0,0,0,0,0,0,0,0,0,0,0,0,0,0,0,1,0,none,,0,none,,,0,0,0,none,,0,none,,1,end,497,direction_change,0,Trend Shift,none,0,0,0,0,0,1,0,0,0,0,0,0,0,0,0,0
2020-08-21,-0.3190979212459572,0,0,0,0,0,0,0,0,0,0,0,0,0,0,0,0,0,1,0,none,,0,none,,,0,0,0,none,,0,none,,1,end,497,direction_change,0,Trend Shift,none,0,0,0,0,0,1,0,0,0,0,0,0,0,0,0,0
2020-08-22,-0.3460084795722953,0,0,0,0,0,0,0,0,0,0,0,0,0,0,0,0,0,1,0,none,,0,none,,,0,0,0,none,,0,none,,1,end,497,direction_change,0,Trend Shift,none,0,0,0,0,0,1,0,0,0,0,0,0,0,0,0,0
2020-08-23,-0.3923372641143238,0,0,0,0,0,0,0,0,0,0,0,0,0,0,0,0,0,1,0,none,,0,none,,,0,0,0,none,,0,none,,1,end,497,direction_change,0,Trend Shift,none,0,0,0,0,0,1,0,0,0,0,0,0,0,0,0,0
2020-08-24,-0.3275422368390366,0,0,0,0,0,0,0,0,0,0,0,0,0,0,0,0,0,1,0,none,,0,none,,,0,0,0,none,,0,none,,1,end,497,direction_change,0,Trend Shift,none,0,0,0,0,0,1,0,0,0,0,0,0,0,0,0,0
2020-08-25,-0.28441876229151475,0,0,0,0,0,0,0,0,0,0,0,0,0,0,0,0,0,1,0,none,,0,none,,,0,0,0,none,,0,none,,1,end,497,direction_change,0,Trend Shift,none,0,0,0,0,0,1,0,0,0,0,0,0,0,0,0,0
2020-08-26,-0.38955813417092094,0,0,0,0,0,0,0,0,0,0,0,0,0,0,0,0,0,1,0,none,,0,none,,,0,0,0,none,,0,none,,1,end,497,direction_change,0,Trend Shift,none,0,0,0,0,0,1,0,0,0,0,0,0,0,0,0,0
2020-08-27,-0.29956806906825767,0,0,0,0,0,0,0,0,0,0,0,0,0,0,0,0,0,1,0,none,,0,none,,,0,0,0,none,,0,none,,1,end,497,direction_change,0,Trend Shift,none,0,0,0,0,0,1,0,0,0,0,0,0,0,0,0,0
2020-08-28,-0.35089610684718275,0,0,0,0,0,0,0,0,0,0,0,0,0,0,0,0,0,1,0,none,,0,none,,,0,0,0,none,,0,none,,1,end,497,direction_change,0,Trend Shift,none,0,0,0,0,0,1,0,0,0,0,0,0,0,0,0,0
2020-08-29,-0.4106686227135847,0,0,0,0,0,0,0,0,0,0,0,0,0,0,0,0,0,1,0,none,,0,none,,,0,0,0,none,,0,none,,1,end,497,direction_change,0,Trend Shift,none,0,0,0,0,0,1,0,0,0,0,0,0,0,0,0,0
2020-08-30,-0.29748151108736187,0,0,0,0,0,0,0,0,0,0,0,0,0,0,0,0,0,1,0,none,,0,none,,,0,0,0,none,,0,none,,1,end,497,direction_change,0,Trend Shift,none,0,0,0,0,0,1,0,0,0,0,0,0,0,0,0,0
2020-08-31,-0.4436092879806659,0,0,0,0,0,0,0,0,0,0,0,0,0,0,0,0,0,1,0,none,,0,none,,,0,0,0,none,,0,none,,1,end,497,direction_change,0,Trend Shift,none,0,0,0,0,0,1,0,0,0,0,0,0,0,0,0,0
2020-09-01,-0.33076188383460975,0,0,0,0,0,0,0,0,0,0,0,0,0,0,0,0,0,1,0,none,,0,none,,,0,0,0,none,,0,none,,1,end,497,direction_change,0,Trend Shift,none,0,0,0,0,0,1,0,0,0,0,0,0,0,0,0,0
2020-09-02,-0.3628774655869561,0,0,0,0,0,0,0,0,0,0,0,0,0,0,0,0,0,1,0,none,,0,none,,,0,0,0,none,,0,none,,1,end,497,direction_change,0,Trend Shift,none,0,0,0,0,0,1,0,0,0,0,0,0,0,0,0,0
2020-09-03,-0.26022970516949684,0,0,0,0,0,0,0,0,0,0,0,0,0,0,0,0,0,1,0,none,,0,none,,,0,0,0,none,,0,none,,1,end,497,direction_change,0,Trend Shift,none,0,0,0,0,0,1,0,0,0,0,0,0,0,0,0,0
2020-09-04,-0.3460457356155084,0,0,0,0,0,0,0,0,0,0,0,0,0,0,0,0,0,1,0,none,,0,none,,,0,0,0,none,,0,none,,1,end,497,direction_change,0,Trend Shift,none,0,0,0,0,0,1,0,0,0,0,0,0,0,0,0,0
2020-09-05,-0.16432757549152557,0,0,0,0,0,0,0,0,0,0,0,0,0,0,0,0,0,1,0,none,,0,none,,,0,0,0,none,,0,none,,1,end,497,direction_change,0,Trend Shift,none,0,0,0,0,0,1,0,0,0,0,0,0,0,0,0,0
2020-09-06,-0.3680221692859159,0,0,0,0,0,0,0,0,0,0,0,0,0,0,0,0,0,1,0,none,,0,none,,,0,0,0,none,,0,none,,1,end,497,direction_change,0,Trend Shift,none,0,0,0,0,0,1,0,0,0,0,0,0,0,0,0,0
2020-09-07,-0.17341791714163973,0,0,0,0,0,0,0,0,0,0,0,0,0,0,0,0,0,1,0,none,,0,none,,,0,0,0,none,,0,none,,1,end,497,direction_change,0,Trend Shift,none,0,0,0,0,0,1,0,0,0,0,0,0,0,0,0,0
2020-09-08,-0.26081315993437854,0,0,0,0,0,0,0,0,0,0,0,0,0,0,0,0,0,1,0,none,,0,none,,,0,0,0,none,,0,none,,1,end,497,direction_change,0,Trend Shift,none,0,0,0,0,0,1,0,0,0,0,0,0,0,0,0,0
2020-09-09,-0.21873680012184038,0,0,0,0,0,0,0,0,0,0,0,0,0,0,0,0,0,1,0,none,,0,none,,,0,0,0,none,,0,none,,1,end,497,direction_change,0,Trend Shift,none,0,0,0,0,0,1,0,0,0,0,0,0,0,0,0,0
2020-09-10,-0.1973436847687502,0,0,0,0,0,0,0,0,0,0,0,0,0,0,0,0,0,1,0,none,,0,none,,,0,0,0,none,,0,none,,1,end,497,direction_change,0,Trend Shift,none,0,0,0,0,0,1,0,0,0,0,0,0,0,0,0,0
2020-09-11,-0.2839831032438338,0,0,0,0,0,0,0,0,0,0,0,0,0,0,0,0,0,1,0,none,,0,none,,,0,0,0,none,,0,none,,1,end,497,direction_change,0,Trend Shift,none,0,0,0,0,0,1,0,0,0,0,0,0,0,0,0,0
2020-09-12,-0.1671781984657949,0,0,0,0,0,0,0,0,0,0,0,0,0,0,0,0,0,1,0,none,,0,none,,,0,0,0,none,,0,none,,1,end,497,direction_change,0,Trend Shift,none,0,0,0,0,0,1,0,0,0,0,0,0,0,0,0,0
2020-09-13,-0.25099443919544195,0,0,0,0,0,0,0,0,0,0,0,0,0,0,0,0,0,1,0,none,,0,none,,,0,0,0,none,,0,none,,1,end,497,direction_change,0,Trend Shift,none,0,0,0,0,0,1,0,0,0,0,0,0,0,0,0,0
2020-09-14,-0.11393986194071207,0,0,0,0,0,0,0,0,0,0,0,0,0,0,0,0,0,1,0,none,,0,none,,,0,0,0,none,,0,none,,1,end,497,direction_change,0,Trend Shift,none,0,0,0,0,0,1,0,0,0,0,0,0,0,0,0,0
2020-09-15,-0.21489346502037637,0,0,0,0,0,0,0,0,0,0,0,0,0,0,0,0,0,1,0,none,,0,none,,,0,0,0,none,,0,none,,1,end,497,direction_change,0,Trend Shift,none,0,0,0,0,0,1,0,0,0,0,0,0,0,0,0,0
2020-09-16,-0.16858628537511022,0,0,0,0,0,0,0,0,0,0,0,0,0,0,0,0,0,1,0,none,,0,none,,,0,0,0,none,,0,none,,1,end,497,direction_change,0,Trend Shift,none,0,0,0,0,0,1,0,0,0,0,0,0,0,0,0,0
2020-09-17,-0.1712350799592872,0,0,0,0,0,0,0,0,0,0,0,0,0,0,0,0,0,1,0,none,,0,none,,,0,0,0,none,,0,none,,1,end,497,direction_change,0,Trend Shift,none,0,0,0,0,0,1,0,0,0,0,0,0,0,0,0,0
2020-09-18,-0.11282876961955117,0,0,0,0,0,0,0,0,0,0,0,0,0,0,0,0,0,1,0,none,,0,none,,,0,0,0,none,,0,none,,1,end,497,direction_change,0,Trend Shift,none,0,0,0,0,0,1,0,0,0,0,0,0,0,0,0,0
2020-09-19,-0.10542823923719598,0,0,0,0,0,0,0,0,0,0,0,0,0,0,0,0,0,1,0,none,,0,none,,,0,0,0,none,,0,none,,1,end,497,direction_change,0,Trend Shift,none,0,0,0,0,0,1,0,0,0,0,0,0,0,0,0,0
2020-09-20,-0.08953557031227705,0,0,0,0,0,0,0,0,0,0,0,0,0,0,0,0,0,1,0,none,,0,none,,,0,0,0,none,,0,none,,1,end,497,direction_change,0,Trend Shift,none,0,0,0,0,0,1,0,0,0,0,0,0,0,0,0,0
2020-09-21,-0.2971093487560346,0,0,0,0,0,0,0,0,0,0,0,0,0,0,0,0,0,1,0,none,,0,none,,,0,0,0,none,,0,none,,1,end,497,direction_change,0,Trend Shift,none,0,0,0,0,0,1,0,0,0,0,0,0,0,0,0,0
2020-09-22,-0.2678484051438925,0,0,0,0,0,0,0,0,0,0,0,0,0,0,0,0,0,1,0,none,,0,none,,,0,0,0,none,,0,none,,1,end,497,direction_change,0,Trend Shift,none,0,0,0,0,0,1,0,0,0,0,0,0,0,0,0,0
2020-09-23,-0.037185114761225255,0,0,0,0,0,0,0,0,0,0,0,0,0,0,0,0,0,1,0,none,,0,none,,,0,0,0,none,,0,none,,1,end,497,direction_change,0,Trend Shift,none,0,0,0,0,0,1,0,0,0,0,0,0,0,0,0,0
2020-09-24,-0.08518471291039834,0,0,0,0,0,0,0,0,0,0,0,0,0,0,0,0,0,1,0,none,,0,none,,,0,0,0,none,,0,none,,1,end,497,direction_change,0,Trend Shift,none,0,0,0,0,0,1,0,0,0,0,0,0,0,0,0,0
2020-09-25,-0.1759129369835721,0,0,0,0,0,0,0,0,0,0,0,0,0,0,0,0,0,1,0,none,,0,none,,,0,0,0,none,,0,none,,1,end,497,direction_change,0,Trend Shift,none,0,0,0,0,0,1,0,0,0,0,0,0,0,0,0,0
2020-09-26,-0.10809490818310054,0,0,0,0,0,0,0,0,0,0,0,0,0,0,0,0,0,1,0,none,,0,none,,,0,0,0,none,,0,none,,1,end,497,direction_change,0,Trend Shift,none,0,0,0,0,0,1,0,0,0,0,0,0,0,0,0,0
2020-09-27,-0.12290411315544952,0,0,0,0,0,0,0,0,0,0,0,0,0,0,0,0,0,1,0,none,,0,none,,,0,0,0,none,,0,none,,1,end,497,direction_change,0,Trend Shift,none,0,0,0,0,0,1,0,0,0,0,0,0,0,0,0,0
2020-09-28,-0.17119400694159037,0,0,0,0,0,0,0,0,0,0,0,0,0,0,0,0,0,1,0,none,,0,none,,,0,0,0,none,,0,none,,1,end,497,direction_change,0,Trend Shift,none,0,0,0,0,0,1,0,0,0,0,0,0,0,0,0,0
2020-09-29,-0.09906426020446517,0,0,0,0,0,0,0,0,0,0,0,0,0,0,0,0,0,1,0,none,,0,none,,,0,0,0,none,,0,none,,1,end,497,direction_change,0,Trend Shift,none,0,0,0,0,0,1,0,0,0,0,0,0,0,0,0,0
2020-09-30,-0.0896573216845499,0,0,0,0,0,0,0,0,0,0,0,0,0,0,0,0,0,1,0,none,,0,none,,,0,0,0,none,,0,none,,1,end,497,direction_change,0,Trend Shift,none,0,0,0,0,0,1,0,0,0,0,0,0,0,0,0,0
2020-10-01,-0.11354553383081673,0,0,0,0,0,0,0,0,0,0,0,0,0,0,0,0,0,1,0,none,,0,none,,,0,0,0,none,,0,none,,1,end,497,direction_change,0,Trend Shift,none,0,0,0,0,0,1,0,0,0,0,0,0,0,0,0,0
2020-10-02,-0.1740418048444768,0,0,0,0,0,0,0,0,0,0,0,0,0,0,0,0,0,1,0,none,,0,none,,,0,0,0,none,,0,none,,1,end,497,direction_change,0,Trend Shift,none,0,0,0,0,0,1,0,0,0,0,0,0,0,0,0,0
2020-10-03,-0.14087877155570264,0,0,0,0,0,0,0,0,0,0,0,0,0,0,0,0,0,1,0,none,,0,none,,,0,0,0,none,,0,none,,1,end,497,direction_change,0,Trend Shift,none,0,0,0,0,0,1,0,0,0,0,0,0,0,0,0,0
2020-10-04,-0.15041393475111606,0,0,0,0,0,0,0,0,0,0,0,0,0,0,0,0,0,1,0,none,,0,none,,,0,0,0,none,,0,none,,1,end,497,direction_change,0,Trend Shift,none,0,0,0,0,0,1,0,0,0,0,0,0,0,0,0,0
2020-10-05,-0.05890593740181012,0,0,0,0,0,0,0,0,0,0,0,0,0,0,0,0,0,1,0,none,,0,none,,,0,0,0,none,,0,none,,1,end,497,direction_change,0,Trend Shift,none,0,0,0,0,0,1,0,0,0,0,0,0,0,0,0,0
2020-10-06,-0.03966271532393727,0,0,0,0,0,0,0,0,0,0,0,0,0,0,0,0,0,1,0,none,,0,none,,,0,0,0,none,,0,none,,1,end,497,direction_change,0,Trend Shift,none,0,0,0,0,0,1,0,0,0,0,0,0,0,0,0,0
2020-10-07,-0.2073571542150774,0,0,0,0,0,0,0,0,0,0,0,0,0,0,0,0,0,1,0,none,,0,none,,,0,0,0,none,,0,none,,1,end,497,direction_change,0,Trend Shift,none,0,0,0,0,0,1,0,0,0,0,0,0,0,0,0,0
2020-10-08,-0.08773593337584651,0,0,0,0,0,0,0,0,0,0,0,0,0,0,0,0,0,1,0,none,,0,none,,,0,0,0,none,,0,none,,1,end,497,direction_change,0,Trend Shift,none,0,0,0,0,0,1,0,0,0,0,0,0,0,0,0,0
2020-10-09,0.009234490129441412,0,0,0,0,0,0,0,0,0,0,0,0,0,0,0,0,0,1,0,none,,0,none,,,0,0,0,none,,0,none,,1,end,497,direction_change,0,Trend Shift,none,0,0,0,0,0,1,0,0,0,0,0,0,0,0,0,0
2020-10-10,-0.06715727563814718,0,0,0,0,0,0,0,0,0,0,0,0,0,0,0,0,0,1,0,none,,0,none,,,0,0,0,none,,0,none,,1,end,497,direction_change,0,Trend Shift,none,0,0,0,0,0,1,0,0,0,0,0,0,0,0,0,0
2020-10-11,-0.07941519099673637,0,0,0,0,0,0,0,0,0,0,0,0,0,0,0,0,0,1,0,none,,0,none,,,0,0,0,none,,0,none,,1,end,497,direction_change,0,Trend Shift,none,0,0,0,0,0,1,0,0,0,0,0,0,0,0,0,0
2020-10-12,-0.015693975870919388,0,0,0,0,0,0,0,0,0,0,0,0,0,0,0,0,0,1,0,none,,0,none,,,0,0,0,none,,0,none,,1,end,497,direction_change,0,Trend Shift,none,0,0,0,0,0,1,0,0,0,0,0,0,0,0,0,0
2020-10-13,-0.056911391744137646,0,0,0,0,0,0,0,0,0,0,0,0,0,0,0,0,0,1,0,none,,0,none,,,0,0,0,none,,0,none,,1,end,497,direction_change,0,Trend Shift,none,0,0,0,0,0,1,0,0,0,0,0,0,0,0,0,0
2020-10-14,-0.06850290763401032,0,0,0,0,0,0,0,0,0,0,0,0,0,0,0,0,0,1,0,none,,0,none,,,0,0,0,none,,0,none,,1,end,497,direction_change,0,Trend Shift,none,0,0,0,0,0,1,0,0,0,0,0,0,0,0,0,0
2020-10-15,0.08243613586633253,0,0,0,0,0,0,0,0,0,0,0,0,0,0,0,0,0,1,0,none,,0,none,,,0,0,0,none,,0,none,,1,end,497,direction_change,0,Trend Shift,none,0,0,0,0,0,1,0,0,0,0,0,0,0,0,0,0
2020-10-16,0.03339371110721467,0,0,0,0,0,0,0,0,0,0,0,0,0,0,0,0,0,1,0,none,,0,none,,,0,0,0,none,,0,none,,1,end,497,direction_change,0,Trend Shift,none,0,0,0,0,0,1,0,0,0,0,0,0,0,0,0,0
2020-10-17,-0.061580513887093964,0,0,0,0,0,0,0,0,0,0,0,0,0,0,0,0,0,1,0,none,,0,none,,,0,0,0,none,,0,none,,1,end,497,direction_change,0,Trend Shift,none,0,0,0,0,0,1,0,0,0,0,0,0,0,0,0,0
2020-10-18,-0.020213461854655435,0,0,0,0,0,0,0,0,0,0,0,0,0,0,0,0,0,1,0,none,,0,none,,,0,0,0,none,,0,none,,1,end,497,direction_change,0,Trend Shift,none,0,0,0,0,0,1,0,0,0,0,0,0,0,0,0,0
2020-10-19,0.10790321917771413,0,0,0,0,0,0,0,0,0,0,0,0,0,0,0,0,0,1,0,none,,0,none,,,0,0,0,none,,0,none,,1,end,497,direction_change,0,Trend Shift,none,0,0,0,0,0,1,0,0,0,0,0,0,0,0,0,0
2020-10-20,0.02688632564519205,0,0,0,0,0,0,0,0,0,0,0,0,0,0,0,0,0,1,0,none,,0,none,,,0,0,0,none,,0,none,,1,end,497,direction_change,0,Trend Shift,none,0,0,0,0,0,1,0,0,0,0,0,0,0,0,0,0
2020-10-21,-0.0010422818535586024,0,0,0,0,0,0,0,0,0,0,0,0,0,0,0,0,0,1,0,none,,0,none,,,0,0,0,none,,0,none,,1,end,497,direction_change,0,Trend Shift,none,0,0,0,0,0,1,0,0,0,0,0,0,0,0,0,0
2020-10-22,0.0013262416282275892,0,0,0,0,0,0,0,0,0,0,0,0,0,0,0,0,0,1,0,none,,0,none,,,0,0,0,none,,0,none,,1,end,497,direction_change,0,Trend Shift,none,0,0,0,0,0,1,0,0,0,0,0,0,0,0,0,0
2020-10-23,-0.02585441147953004,0,0,0,0,0,0,0,0,0,0,0,0,0,0,0,0,0,1,0,none,,0,none,,,0,0,0,none,,0,none,,1,end,497,direction_change,0,Trend Shift,none,0,0,0,0,0,1,0,0,0,0,0,0,0,0,0,0
2020-10-24,0.13145831033827368,0,0,0,0,0,0,0,0,0,0,0,0,0,0,0,0,0,1,0,none,,0,none,,,0,0,0,none,,0,none,,1,end,497,direction_change,0,Trend Shift,none,0,0,0,0,0,1,0,0,0,0,0,0,0,0,0,0
2020-10-25,0.03206254877182257,0,0,0,0,0,0,0,0,0,0,0,0,0,0,0,0,0,1,0,none,,0,none,,,0,0,0,none,,0,none,,1,end,497,direction_change,0,Trend Shift,none,0,0,0,0,0,1,0,0,0,0,0,0,0,0,0,0
2020-10-26,0.052248298977620004,0,0,0,0,0,0,0,0,0,0,0,0,0,0,0,0,0,1,0,none,,0,none,,,0,0,0,none,,0,none,,1,end,497,direction_change,0,Trend Shift,none,0,0,0,0,0,1,0,0,0,0,0,0,0,0,0,0
2020-10-27,0.05640315744275665,0,0,0,0,0,0,0,0,0,0,0,0,0,0,0,0,0,1,0,none,,0,none,,,0,0,0,none,,0,none,,1,end,497,direction_change,0,Trend Shift,none,0,0,0,0,0,1,0,0,0,0,0,0,0,0,0,0
2020-10-28,0.08289452787309415,0,0,0,0,0,0,0,0,0,0,0,0,0,0,0,0,0,1,0,none,,0,none,,,0,0,0,none,,0,none,,1,end,497,direction_change,0,Trend Shift,none,0,0,0,0,0,1,0,0,0,0,0,0,0,0,0,0
2020-10-29,0.12251740992291317,0,0,0,0,0,0,0,0,0,0,0,0,0,0,0,0,0,1,0,none,,0,none,,,0,0,0,none,,0,none,,1,end,497,direction_change,0,Trend Shift,none,0,0,0,0,0,1,0,0,0,0,0,0,0,0,0,0
2020-10-30,0.04199277606231511,0,0,0,0,0,0,0,0,0,0,0,0,0,0,0,0,0,1,0,none,,0,none,,,0,0,0,none,,0,none,,1,end,497,direction_change,0,Trend Shift,none,0,0,0,0,0,1,0,0,0,0,0,0,0,0,0,0
2020-10-31,0.21239872184609004,0,0,0,0,0,0,0,0,0,0,0,0,0,0,0,0,0,1,0,none,,0,none,,,0,0,0,none,,0,none,,1,end,497,direction_change,0,Trend Shift,none,0,0,0,0,0,1,0,0,0,0,0,0,0,0,0,0
2020-11-01,0.12765368351026635,0,0,0,0,0,0,0,0,0,0,0,0,0,0,0,0,0,1,0,none,,0,none,,,0,0,0,none,,0,none,,1,end,497,direction_change,0,Trend Shift,none,0,0,0,0,0,1,0,0,0,0,0,0,0,0,0,0
2020-11-02,0.15735111614380243,0,0,0,0,0,0,0,0,0,0,0,0,0,0,0,0,0,1,0,none,,0,none,,,0,0,0,none,,0,none,,1,end,497,direction_change,0,Trend Shift,none,0,0,0,0,0,1,0,0,0,0,0,0,0,0,0,0
2020-11-03,0.14408659587411357,0,0,0,0,0,0,0,0,0,0,0,0,0,0,0,0,0,1,0,none,,0,none,,,0,0,0,none,,0,none,,1,end,497,direction_change,0,Trend Shift,none,0,0,0,0,0,1,0,0,0,0,0,0,0,0,0,0
2020-11-04,0.11585379563754299,0,0,0,0,0,0,0,0,0,0,0,0,0,0,0,0,0,1,0,none,,0,none,,,0,0,0,none,,0,none,,1,end,497,direction_change,0,Trend Shift,none,0,0,0,0,0,1,0,0,0,0,0,0,0,0,0,0
2020-11-05,0.11775086906758059,0,0,0,0,0,0,0,0,0,0,0,0,0,0,0,0,0,1,0,none,,0,none,,,0,0,0,none,,0,none,,1,end,497,direction_change,0,Trend Shift,none,0,0,0,0,0,1,0,0,0,0,0,0,0,0,0,0
2020-11-06,0.1800982430166003,0,0,0,0,0,0,0,0,0,0,0,0,0,0,0,0,0,1,0,none,,0,none,,,0,0,0,none,,0,none,,1,end,497,direction_change,0,Trend Shift,none,0,0,0,0,0,1,0,0,0,0,0,0,0,0,0,0
2020-11-07,0.058304213722221915,0,0,0,0,0,0,0,0,0,0,0,0,0,0,0,0,0,1,0,none,,0,none,,,0,0,0,none,,0,none,,1,end,497,direction_change,0,Trend Shift,none,0,0,0,0,0,1,0,0,0,0,0,0,0,0,0,0
2020-11-08,0.12557132010858568,0,0,0,0,0,0,0,0,0,0,0,0,0,0,0,0,0,1,0,none,,0,none,,,0,0,0,none,,0,none,,1,end,497,direction_change,0,Trend Shift,none,0,0,0,0,0,1,0,0,0,0,0,0,0,0,0,0
2020-11-09,0.20360844138771528,0,0,0,0,0,0,0,0,0,0,0,0,0,0,0,0,0,1,0,none,,0,none,,,0,0,0,none,,0,none,,1,end,497,direction_change,0,Trend Shift,none,0,0,0,0,0,1,0,0,0,0,0,0,0,0,0,0
2020-11-10,0.08486666323006072,0,0,0,0,0,0,0,0,0,0,0,0,0,0,0,0,0,1,0,none,,0,none,,,0,0,0,none,,0,none,,1,end,497,direction_change,0,Trend Shift,none,0,0,0,0,0,1,0,0,0,0,0,0,0,0,0,0
2020-11-11,0.07381771636856661,0,0,0,0,0,0,0,0,0,0,0,0,0,0,0,0,0,1,0,none,,0,none,,,0,0,0,none,,0,none,,1,end,497,direction_change,0,Trend Shift,none,0,0,0,0,0,1,0,0,0,0,0,0,0,0,0,0
2020-11-12,0.1799498208075384,0,0,0,0,0,0,0,0,0,0,0,0,0,0,0,0,0,1,0,none,,0,none,,,0,0,0,none,,0,none,,1,end,497,direction_change,0,Trend Shift,none,0,0,0,0,0,1,0,0,0,0,0,0,0,0,0,0
2020-11-13,0.17781776818156642,0,0,0,0,0,0,0,0,0,0,0,0,0,0,0,0,0,1,0,none,,0,none,,,0,0,0,none,,0,none,,1,end,497,direction_change,0,Trend Shift,none,0,0,0,0,0,1,0,0,0,0,0,0,0,0,0,0
2020-11-14,0.20293699336276144,0,0,0,0,0,0,0,0,0,0,0,0,0,0,0,0,0,1,0,none,,0,none,,,0,0,0,none,,0,none,,1,end,497,direction_change,0,Trend Shift,none,0,0,0,0,0,1,0,0,0,0,0,0,0,0,0,0
2020-11-15,0.24149441221042794,0,0,0,0,0,0,0,0,0,0,0,0,0,0,0,0,0,1,0,none,,0,none,,,0,0,0,none,,0,none,,1,end,497,direction_change,0,Trend Shift,none,0,0,0,0,0,1,0,0,0,0,0,0,0,0,0,0
2020-11-16,0.22271719107604795,0,0,0,0,0,0,0,0,0,0,0,0,0,0,0,0,0,1,0,none,,0,none,,,0,0,0,none,,0,none,,1,end,497,direction_change,0,Trend Shift,none,0,0,0,0,0,1,0,0,0,0,0,0,0,0,0,0
2020-11-17,0.1542741425014923,0,0,0,0,0,0,0,0,0,0,0,0,0,0,0,0,0,1,0,none,,0,none,,,0,0,0,none,,0,none,,1,end,497,direction_change,0,Trend Shift,none,0,0,0,0,0,1,0,0,0,0,0,0,0,0,0,0
2020-11-18,0.23216027388801397,0,0,0,0,0,0,0,0,0,0,0,0,0,0,0,0,0,1,0,none,,0,none,,,0,0,0,none,,0,none,,1,end,497,direction_change,0,Trend Shift,none,0,0,0,0,0,1,0,0,0,0,0,0,0,0,0,0
2020-11-19,0.19239384188632294,0,0,0,0,0,0,0,0,0,0,0,0,0,0,0,0,0,1,0,none,,0,none,,,0,0,0,none,,0,none,,1,end,497,direction_change,0,Trend Shift,none,0,0,0,0,0,1,0,0,0,0,0,0,0,0,0,0
2020-11-20,0.22051587075788961,0,0,0,0,0,0,0,0,0,0,0,0,0,0,0,0,0,1,0,none,,0,none,,,0,0,0,none,,0,none,,1,end,497,direction_change,0,Trend Shift,none,0,0,0,0,0,1,0,0,0,0,0,0,0,0,0,0
2020-11-21,0.326981685655553,0,0,0,0,0,0,0,0,0,0,0,0,0,0,0,0,0,1,0,none,,0,none,,,0,0,0,none,,0,none,,1,end,497,direction_change,0,Trend Shift,none,0,0,0,0,0,1,0,0,0,0,0,0,0,0,0,0
2020-11-22,0.25957231427766564,0,0,0,0,0,0,0,0,0,0,0,0,0,0,0,0,0,1,0,none,,0,none,,,0,0,0,none,,0,none,,1,end,497,direction_change,0,Trend Shift,none,0,0,0,0,0,1,0,0,0,0,0,0,0,0,0,0
2020-11-23,0.21837289467116391,0,0,0,0,0,0,0,0,0,0,0,0,0,0,0,0,0,1,0,none,,0,none,,,0,0,0,none,,0,none,,1,end,497,direction_change,0,Trend Shift,none,0,0,0,0,0,1,0,0,0,0,0,0,0,0,0,0
2020-11-24,0.23693271616815048,0,0,0,0,0,0,0,0,0,0,0,0,0,0,0,0,0,1,0,none,,0,none,,,0,0,0,none,,0,none,,1,end,497,direction_change,0,Trend Shift,none,0,0,0,0,0,1,0,0,0,0,0,0,0,0,0,0
2020-11-25,0.3154195469677106,0,0,0,0,0,0,0,0,0,0,0,0,0,0,0,0,0,1,0,none,,0,none,,,0,0,0,none,,0,none,,1,end,497,direction_change,0,Trend Shift,none,0,0,0,0,0,1,0,0,0,0,0,0,0,0,0,0
2020-11-26,0.1564317843892568,0,0,0,0,0,0,0,0,0,0,0,0,0,0,0,0,0,1,0,none,,0,none,,,0,0,0,none,,0,none,,1,end,497,direction_change,0,Trend Shift,none,0,0,0,0,0,1,0,0,0,0,0,0,0,0,0,0
2020-11-27,0.29413608093609767,0,0,0,0,0,0,0,0,0,0,0,0,0,0,0,0,0,1,0,none,,0,none,,,0,0,0,none,,0,none,,1,end,497,direction_change,0,Trend Shift,none,0,0,0,0,0,1,0,0,0,0,0,0,0,0,0,0
2020-11-28,0.2405637225578868,0,0,0,0,0,0,0,0,0,0,0,0,0,0,0,0,0,1,0,none,,0,none,,,0,0,0,none,,0,none,,1,end,497,direction_change,0,Trend Shift,none,0,0,0,0,0,1,0,0,0,0,0,0,0,0,0,0
2020-11-29,0.2738265572795147,0,0,0,0,0,0,0,0,0,0,0,0,0,0,0,0,0,1,0,none,,0,none,,,0,0,0,none,,0,none,,1,end,497,direction_change,0,Trend Shift,none,0,0,0,0,0,1,0,0,0,0,0,0,0,0,0,0
2020-11-30,0.3273186440776737,0,0,0,0,0,0,0,0,0,0,0,0,0,0,0,0,0,1,0,none,,0,none,,,0,0,0,none,,0,none,,1,end,497,direction_change,0,Trend Shift,none,0,0,0,0,0,1,0,0,0,0,0,0,0,0,0,0
2020-12-01,0.3711320568626566,0,0,0,0,0,0,0,0,0,0,0,0,0,0,0,0,0,1,0,none,,0,none,,,0,0,0,none,,0,none,,1,end,497,direction_change,0,Trend Shift,none,0,0,0,0,0,1,0,0,0,0,0,0,0,0,0,0
2020-12-02,0.3774628162833709,0,0,0,0,0,0,0,0,0,0,0,0,0,0,0,0,0,1,0,none,,0,none,,,0,0,0,none,,0,none,,1,end,497,direction_change,0,Trend Shift,none,0,0,0,0,0,1,0,0,0,0,0,0,0,0,0,0
2020-12-03,0.2694195908268864,0,0,0,0,0,0,0,0,0,0,0,0,0,0,0,0,0,1,0,none,,0,none,,,0,0,0,none,,0,none,,1,end,497,direction_change,0,Trend Shift,none,0,0,0,0,0,1,0,0,0,0,0,0,0,0,0,0
2020-12-04,0.3996260227555662,0,0,0,0,0,0,0,0,0,0,0,0,0,0,0,0,0,1,0,none,,0,none,,,0,0,0,none,,0,none,,1,end,497,direction_change,0,Trend Shift,none,0,0,0,0,0,1,0,0,0,0,0,0,0,0,0,0
2020-12-05,0.29466074542902027,0,0,0,0,0,0,0,0,0,0,0,0,0,0,0,0,0,1,0,none,,0,none,,,0,0,0,none,,0,none,,1,end,497,direction_change,0,Trend Shift,none,0,0,0,0,0,1,0,0,0,0,0,0,0,0,0,0
2020-12-06,0.4482255271794765,0,0,0,0,0,0,0,0,0,0,0,0,0,0,0,0,0,1,0,none,,0,none,,,0,0,0,none,,0,none,,1,end,497,direction_change,0,Trend Shift,none,0,0,0,0,0,1,0,0,0,0,0,0,0,0,0,0
2020-12-07,0.3465611772285316,0,0,0,0,0,0,0,0,0,0,0,0,0,0,0,0,0,1,0,none,,0,none,,,0,0,0,none,,0,none,,1,end,497,direction_change,0,Trend Shift,none,0,0,0,0,0,1,0,0,0,0,0,0,0,0,0,0
2020-12-08,0.35483444468456915,0,0,0,0,0,0,0,0,0,0,0,0,0,0,0,0,0,1,0,none,,0,none,,,0,0,0,none,,0,none,,1,end,497,direction_change,0,Trend Shift,none,0,0,0,0,0,1,0,0,0,0,0,0,0,0,0,0
2020-12-09,0.3336914789737313,0,0,0,0,0,0,0,0,0,0,0,0,0,0,0,0,0,1,0,none,,0,none,,,0,0,0,none,,0,none,,1,end,497,direction_change,0,Trend Shift,none,0,0,0,0,0,1,0,0,0,0,0,0,0,0,0,0
2020-12-10,0.2755196767963467,0,0,0,0,0,0,0,0,0,0,0,0,0,0,0,0,0,1,0,none,,0,none,,,0,0,0,none,,0,none,,1,end,497,direction_change,0,Trend Shift,none,0,0,0,0,0,1,0,0,0,0,0,0,0,0,0,0
2020-12-11,0.4575945620265191,0,0,0,0,0,0,0,0,0,0,0,0,0,0,0,0,0,1,0,none,,0,none,,,0,0,0,none,,0,none,,1,end,497,direction_change,0,Trend Shift,none,0,0,0,0,0,1,0,0,0,0,0,0,0,0,0,0
2020-12-12,0.3935180062076557,0,0,0,0,0,0,0,0,0,0,0,0,0,0,0,0,0,1,0,none,,0,none,,,0,0,0,none,,0,none,,1,end,497,direction_change,0,Trend Shift,none,0,0,0,0,0,1,0,0,0,0,0,0,0,0,0,0
2020-12-13,0.34151148356658717,0,0,0,0,0,0,0,0,0,0,0,0,0,0,0,0,0,1,0,none,,0,none,,,0,0,0,none,,0,none,,1,end,497,direction_change,0,Trend Shift,none,0,0,0,0,0,1,0,0,0,0,0,0,0,0,0,0
2020-12-14,0.49847683409522847,0,0,0,0,0,0,0,0,0,0,0,0,0,0,0,0,0,1,0,none,,0,none,,,0,0,0,none,,0,none,,1,end,497,direction_change,0,Trend Shift,none,0,0,0,0,0,1,0,0,0,0,0,0,0,0,0,0
2020-12-15,0.4056735175173707,0,0,0,0,0,0,0,0,0,0,0,0,0,0,0,0,0,1,0,none,,0,none,,,0,0,0,none,,0,none,,1,end,497,direction_change,0,Trend Shift,none,0,0,0,0,0,1,0,0,0,0,0,0,0,0,0,0
2020-12-16,0.5082304817773038,0,0,0,0,0,0,0,0,0,0,0,0,0,0,0,0,0,1,0,none,,0,none,,,0,0,0,none,,0,none,,1,end,497,direction_change,0,Trend Shift,none,0,0,0,0,0,1,0,0,0,0,0,0,0,0,0,0
2020-12-17,0.4098412802989563,0,0,0,0,0,0,0,0,0,0,0,0,0,0,0,0,0,1,0,none,,0,none,,,0,0,0,none,,0,none,,1,end,497,direction_change,0,Trend Shift,none,0,0,0,0,0,1,0,0,0,0,0,0,0,0,0,0
2020-12-18,0.4091675351956699,0,0,0,0,0,0,0,0,0,0,0,0,0,0,0,0,0,1,0,none,,0,none,,,0,0,0,none,,0,none,,1,end,497,direction_change,0,Trend Shift,none,0,0,0,0,0,1,0,0,0,0,0,0,0,0,0,0
2020-12-19,0.3975235616096422,0,0,0,0,0,0,0,0,0,0,0,0,0,0,0,0,0,1,0,none,,0,none,,,0,0,0,none,,0,none,,1,end,497,direction_change,0,Trend Shift,none,0,0,0,0,0,1,0,0,0,0,0,0,0,0,0,0
2020-12-20,0.473741009341226,0,0,0,0,0,0,0,0,0,0,0,0,0,0,0,0,0,1,0,none,,0,none,,,0,0,0,none,,0,none,,1,end,497,direction_change,0,Trend Shift,none,0,0,0,0,0,1,0,0,0,0,0,0,0,0,0,0
2020-12-21,0.3674998510206177,0,0,0,0,0,0,0,0,0,0,0,0,0,0,0,0,0,1,0,none,,0,none,,,0,0,0,none,,0,none,,1,end,497,direction_change,0,Trend Shift,none,0,0,0,0,0,1,0,0,0,0,0,0,0,0,0,0
2020-12-22,0.4119345177257685,0,0,0,0,0,0,0,0,0,0,0,0,0,0,0,0,0,1,0,none,,0,none,,,0,0,0,none,,0,none,,1,end,497,direction_change,0,Trend Shift,none,0,0,0,0,0,1,0,0,0,0,0,0,0,0,0,0
2020-12-23,0.4760475793886433,0,0,0,0,0,0,0,0,0,0,0,0,0,0,0,0,0,1,0,none,,0,none,,,0,0,0,none,,0,none,,1,end,497,direction_change,0,Trend Shift,none,0,0,0,0,0,1,0,0,0,0,0,0,0,0,0,0
2020-12-24,0.4764439078693794,0,0,0,0,0,0,0,0,0,0,0,0,0,0,0,0,0,1,0,none,,0,none,,,0,0,0,none,,0,none,,1,end,497,direction_change,0,Trend Shift,none,0,0,0,0,0,1,0,0,0,0,0,0,0,0,0,0
2020-12-25,0.4823482030302495,0,0,0,0,0,0,0,0,0,0,0,0,0,0,0,0,0,1,0,none,,0,none,,,0,0,0,none,,0,none,,1,end,497,direction_change,0,Trend Shift,none,0,0,0,0,0,1,0,0,0,0,0,0,0,0,0,0
2020-12-26,0.5917242638793045,0,0,0,0,0,0,0,0,0,0,0,0,0,0,0,0,0,1,0,none,,0,none,,,0,0,0,none,,0,none,,1,end,497,direction_change,0,Trend Shift,none,0,0,0,0,0,1,0,0,0,0,0,0,0,0,0,0
2020-12-27,0.5698872436233089,0,0,0,0,0,0,0,0,0,0,0,0,0,0,0,0,0,1,0,none,,0,none,,,0,0,0,none,,0,none,,1,end,497,direction_change,0,Trend Shift,none,0,0,0,0,0,1,0,0,0,0,0,0,0,0,0,0
2020-12-28,0.5624204730792646,0,0,0,0,0,0,0,0,0,0,0,0,0,0,0,0,0,1,0,none,,0,none,,,0,0,0,none,,0,none,,1,end,497,direction_change,0,Trend Shift,none,0,0,0,0,0,1,0,0,0,0,0,0,0,0,0,0
2020-12-29,0.5081430673997129,0,0,0,0,0,0,0,0,0,0,0,0,0,0,0,0,0,1,0,none,,0,none,,,0,0,0,none,,0,none,,1,end,497,direction_change,0,Trend Shift,none,0,0,0,0,0,1,0,0,0,0,0,0,0,0,0,0
2020-12-30,0.5030900008540938,0,0,0,0,0,0,0,0,0,0,0,0,0,0,0,0,0,1,0,none,,0,none,,,0,0,0,none,,0,none,,1,end,497,direction_change,0,Trend Shift,none,0,0,0,0,0,1,0,0,0,0,0,0,0,0,0,0
2020-12-31,0.5081178475452227,0,0,0,0,0,0,0,0,0,0,0,0,0,0,0,0,0,1,0,none,,0,none,,,0,0,0,none,,0,none,,1,end,497,direction_change,0,Trend Shift,none,0,0,0,0,0,1,0,0,0,0,0,0,0,0,0,0
2021-01-01,0.4653410387390064,0,0,0,0,0,0,0,0,0,0,0,0,0,0,0,0,0,1,0,none,,0,none,,,0,0,0,none,,0,none,,1,end,497,direction_change,0,Trend Shift,none,0,0,0,0,0,1,0,0,0,0,0,0,0,0,0,0
2021-01-02,0.6403479504956948,0,0,0,0,0,0,0,0,0,0,0,0,0,0,0,0,0,1,0,none,,0,none,,,0,0,0,none,,0,none,,1,end,497,direction_change,0,Trend Shift,none,0,0,0,0,0,1,0,0,0,0,0,0,0,0,0,0
2021-01-03,0.5747665632108347,0,0,0,0,0,0,0,0,0,0,0,0,0,0,0,0,0,1,0,none,,0,none,,,0,0,0,none,,0,none,,1,end,497,direction_change,0,Trend Shift,none,0,0,0,0,0,1,0,0,0,0,0,0,0,0,0,0
2021-01-04,0.555201462558399,0,0,0,0,0,0,0,0,0,0,0,0,0,0,0,0,0,1,0,none,,0,none,,,0,0,0,none,,0,none,,1,end,497,direction_change,0,Trend Shift,none,0,0,0,0,0,1,0,0,0,0,0,0,0,0,0,0
2021-01-05,0.48482083510433893,0,0,0,0,0,0,0,0,0,0,0,0,0,0,0,0,0,1,0,none,,0,none,,,0,0,0,none,,0,none,,1,end,497,direction_change,0,Trend Shift,none,0,0,0,0,0,1,0,0,0,0,0,0,0,0,0,0
2021-01-06,0.5393688507290737,0,0,0,0,0,0,0,0,0,0,0,0,0,0,0,0,0,1,0,none,,0,none,,,0,0,0,none,,0,none,,1,end,497,direction_change,0,Trend Shift,none,0,0,0,0,0,1,0,0,0,0,0,0,0,0,0,0
2021-01-07,0.5106616207363657,0,0,0,0,0,0,0,0,0,0,0,0,0,0,0,0,0,1,0,none,,0,none,,,0,0,0,none,,0,none,,1,end,497,direction_change,0,Trend Shift,none,0,0,0,0,0,1,0,0,0,0,0,0,0,0,0,0
2021-01-08,0.6183740545770379,0,0,0,0,0,0,0,0,0,0,0,0,0,0,0,0,0,1,0,none,,0,none,,,0,0,0,none,,0,none,,1,end,497,direction_change,0,Trend Shift,none,0,0,0,0,0,1,0,0,0,0,0,0,0,0,0,0
2021-01-09,0.6368957962268859,0,0,0,0,0,0,0,0,0,0,0,0,0,0,0,0,0,1,0,none,,0,none,,,0,0,0,none,,0,none,,1,end,497,direction_change,0,Trend Shift,none,0,0,0,0,0,1,0,0,0,0,0,0,0,0,0,0
2021-01-10,0.6077025282788563,0,0,0,0,0,0,0,0,0,0,0,0,0,0,0,0,0,1,0,none,,0,none,,,0,0,0,none,,0,none,,1,end,497,direction_change,0,Trend Shift,none,0,0,0,0,0,1,0,0,0,0,0,0,0,0,0,0
2021-01-11,0.5799946309825054,0,0,0,0,0,0,0,0,0,0,0,0,0,0,0,0,0,1,0,none,,0,none,,,0,0,0,none,,0,none,,1,end,497,direction_change,0,Trend Shift,none,0,0,0,0,0,1,0,0,0,0,0,0,0,0,0,0
2021-01-12,0.5223993041815628,0,0,0,0,0,0,0,0,0,0,0,0,0,0,0,0,0,1,0,none,,0,none,,,0,0,0,none,,0,none,,1,end,497,direction_change,0,Trend Shift,none,0,0,0,0,0,1,0,0,0,0,0,0,0,0,0,0
2021-01-13,0.5726219275811147,0,0,0,0,0,0,0,0,0,0,0,0,0,0,0,0,0,1,0,none,,0,none,,,0,0,0,none,,0,none,,1,end,497,direction_change,0,Trend Shift,none,0,0,0,0,0,1,0,0,0,0,0,0,0,0,0,0
2021-01-14,0.4457257904098832,0,0,0,0,0,0,0,0,0,0,0,0,0,0,0,0,0,1,0,none,,0,none,,,0,0,0,none,,0,none,,1,end,497,direction_change,0,Trend Shift,none,0,0,0,0,0,1,0,0,0,0,0,0,0,0,0,0
2021-01-15,0.6614798776823348,0,0,0,0,0,0,0,0,0,0,0,0,0,0,0,0,0,1,0,none,,0,none,,,0,0,0,none,,0,none,,1,end,497,direction_change,0,Trend Shift,none,0,0,0,0,0,1,0,0,0,0,0,0,0,0,0,0
2021-01-16,0.6695636568515362,0,0,0,0,0,0,0,0,0,0,0,0,0,0,0,0,0,1,0,none,,0,none,,,0,0,0,none,,0,none,,1,end,497,direction_change,0,Trend Shift,none,0,0,0,0,0,1,0,0,0,0,0,0,0,0,0,0
2021-01-17,0.6436045446725401,0,0,0,0,0,0,0,0,0,0,0,0,0,0,0,0,0,1,0,none,,0,none,,,0,0,0,none,,0,none,,1,end,497,direction_change,0,Trend Shift,none,0,0,0,0,0,1,0,0,0,0,0,0,0,0,0,0
2021-01-18,0.6812011707128173,0,0,0,0,0,0,0,0,0,0,0,0,0,0,0,0,0,1,0,none,,0,none,,,0,0,0,none,,0,none,,1,end,497,direction_change,0,Trend Shift,none,0,0,0,0,0,1,0,0,0,0,0,0,0,0,0,0
2021-01-19,0.6713157231382095,0,0,0,0,0,0,0,0,0,0,0,0,0,0,0,0,0,1,0,none,,0,none,,,0,0,0,none,,0,none,,1,end,497,direction_change,0,Trend Shift,none,0,0,0,0,0,1,0,0,0,0,0,0,0,0,0,0
2021-01-20,0.6571194037080277,0,0,0,0,0,0,0,0,0,0,0,0,0,0,0,0,0,1,0,none,,0,none,,,0,0,0,none,,0,none,,1,end,497,direction_change,0,Trend Shift,none,0,0,0,0,0,1,0,0,0,0,0,0,0,0,0,0
2021-01-21,0.5973005303272999,0,0,0,0,0,0,0,0,0,0,0,0,0,0,0,0,0,1,0,none,,0,none,,,0,0,0,none,,0,none,,1,end,497,direction_change,0,Trend Shift,none,0,0,0,0,0,1,0,0,0,0,0,0,0,0,0,0
2021-01-22,0.675117244994168,0,0,0,0,0,0,0,0,0,0,0,0,0,0,0,0,0,1,0,none,,0,none,,,0,0,0,none,,0,none,,1,end,497,direction_change,0,Trend Shift,none,0,0,0,0,0,1,0,0,0,0,0,0,0,0,0,0
2021-01-23,0.5439439676392493,0,0,0,0,0,0,0,0,0,0,0,0,0,0,0,0,0,1,0,none,,0,none,,,0,0,0,none,,0,none,,1,end,497,direction_change,0,Trend Shift,none,0,0,0,0,0,1,0,0,0,0,0,0,0,0,0,0
2021-01-24,0.7695337360933066,0,0,0,0,0,0,0,0,0,0,0,0,0,0,0,0,0,1,0,none,,0,none,,,0,0,0,none,,0,none,,1,end,497,direction_change,0,Trend Shift,none,0,0,0,0,0,1,0,0,0,0,0,0,0,0,0,0
2021-01-25,0.7161116944579881,0,0,0,0,0,0,0,0,0,0,0,0,0,0,0,0,0,1,0,none,,0,none,,,0,0,0,none,,0,none,,1,end,497,direction_change,0,Trend Shift,none,0,0,0,0,0,1,0,0,0,0,0,0,0,0,0,0
2021-01-26,0.8333206705390872,0,0,0,0,0,0,0,0,0,0,0,0,0,0,0,0,0,1,0,none,,0,none,,,0,0,0,none,,0,none,,1,end,497,direction_change,0,Trend Shift,none,0,0,0,0,0,1,0,0,0,0,0,0,0,0,0,0
2021-01-27,0.6466869698858837,0,0,0,0,0,0,0,0,0,0,0,0,0,0,0,0,0,1,0,none,,0,none,,,0,0,0,none,,0,none,,1,end,497,direction_change,0,Trend Shift,none,0,0,0,0,0,1,0,0,0,0,0,0,0,0,0,0
2021-01-28,0.6630198439734202,0,0,0,0,0,0,0,0,0,0,0,0,0,0,0,0,0,1,0,none,,0,none,,,0,0,0,none,,0,none,,1,end,497,direction_change,0,Trend Shift,none,0,0,0,0,0,1,0,0,0,0,0,0,0,0,0,0
2021-01-29,0.7290018249418833,0,0,0,0,0,0,0,0,0,0,0,0,0,0,0,0,0,1,0,none,,0,none,,,0,0,0,none,,0,none,,1,end,497,direction_change,0,Trend Shift,none,0,0,0,0,0,1,0,0,0,0,0,0,0,0,0,0
2021-01-30,0.736475847500578,0,0,0,0,0,0,0,0,0,0,0,0,0,0,0,0,0,1,0,none,,0,none,,,0,0,0,none,,0,none,,1,end,497,direction_change,0,Trend Shift,none,0,0,0,0,0,1,0,0,0,0,0,0,0,0,0,0
2021-01-31,0.6938436583354616,0,0,0,0,0,0,0,0,0,0,0,0,0,0,0,0,0,1,0,none,,0,none,,,0,0,0,none,,0,none,,1,end,497,direction_change,0,Trend Shift,none,0,0,0,0,0,1,0,0,0,0,0,0,0,0,0,0
2021-02-01,0.6661573996528212,0,0,0,0,0,0,0,0,0,0,0,0,0,0,0,0,0,1,0,none,,0,none,,,0,0,0,none,,0,none,,1,end,497,direction_change,0,Trend Shift,none,0,0,0,0,0,1,0,0,0,0,0,0,0,0,0,0
2021-02-02,0.7705635441616199,0,0,0,0,0,0,0,0,0,0,0,0,0,0,0,0,0,1,0,none,,0,none,,,0,0,0,none,,0,none,,1,end,497,direction_change,0,Trend Shift,none,0,0,0,0,0,1,0,0,0,0,0,0,0,0,0,0
2021-02-03,0.867890903986485,0,0,0,0,0,0,0,0,0,0,0,0,0,0,0,0,0,1,0,none,,0,none,,,0,0,0,none,,0,none,,1,end,497,direction_change,0,Trend Shift,none,0,0,0,0,0,1,0,0,0,0,0,0,0,0,0,0
2021-02-04,0.7139233341729257,0,0,0,0,0,0,0,0,0,0,0,0,0,0,0,0,0,1,0,none,,0,none,,,0,0,0,none,,0,none,,1,end,497,direction_change,0,Trend Shift,none,0,0,0,0,0,1,0,0,0,0,0,0,0,0,0,0
2021-02-05,0.8204628519182885,0,0,0,0,0,0,0,0,0,0,0,0,0,0,0,0,0,1,0,none,,0,none,,,0,0,0,none,,0,none,,1,end,497,direction_change,0,Trend Shift,none,0,0,0,0,0,1,0,0,0,0,0,0,0,0,0,0
2021-02-06,0.8652358572800245,0,0,0,0,0,0,0,0,0,0,0,0,0,0,0,0,0,1,0,none,,0,none,,,0,0,0,none,,0,none,,1,end,497,direction_change,0,Trend Shift,none,0,0,0,0,0,1,0,0,0,0,0,0,0,0,0,0
2021-02-07,0.769362584948223,0,0,0,0,0,0,0,0,0,0,0,0,0,0,0,0,0,1,0,none,,0,none,,,0,0,0,none,,0,none,,1,end,497,direction_change,0,Trend Shift,none,0,0,0,0,0,1,0,0,0,0,0,0,0,0,0,0
2021-02-08,0.7341832666579535,0,0,0,0,0,0,0,0,0,0,0,0,0,0,0,0,0,1,0,none,,0,none,,,0,0,0,none,,0,none,,1,end,497,direction_change,0,Trend Shift,none,0,0,0,0,0,1,0,0,0,0,0,0,0,0,0,0
2021-02-09,0.6999892384266734,0,0,0,0,0,0,0,0,0,0,0,0,0,0,0,0,0,1,0,none,,0,none,,,0,0,0,none,,0,none,,1,end,497,direction_change,0,Trend Shift,none,0,0,0,0,0,1,0,0,0,0,0,0,0,0,0,0
2021-02-10,0.8827525941725957,0,0,0,0,0,0,0,0,0,0,0,0,0,0,0,0,0,1,0,none,,0,none,,,0,0,0,none,,0,none,,1,end,497,direction_change,0,Trend Shift,none,0,0,0,0,0,1,0,0,0,0,0,0,0,0,0,0
2021-02-11,0.7834176321401183,0,0,0,0,0,0,0,0,0,0,0,0,0,0,0,0,0,1,0,none,,0,none,,,0,0,0,none,,0,none,,1,end,497,direction_change,0,Trend Shift,none,0,0,0,0,0,1,0,0,0,0,0,0,0,0,0,0
2021-02-12,0.7870573996453717,0,0,0,0,0,0,0,0,0,0,0,0,0,0,0,0,0,1,0,none,,0,none,,,0,0,0,none,,0,none,,1,end,497,direction_change,0,Trend Shift,none,0,0,0,0,0,1,0,0,0,0,0,0,0,0,0,0
2021-02-13,0.861954717112358,0,0,0,0,0,0,0,0,0,0,0,0,0,0,0,0,0,1,0,none,,0,none,,,0,0,0,none,,0,none,,1,end,497,direction_change,0,Trend Shift,none,0,0,0,0,0,1,0,0,0,0,0,0,0,0,0,0
2021-02-14,0.7653148814072623,0,0,0,0,0,0,0,0,0,0,0,0,0,0,0,0,0,1,0,none,,0,none,,,0,0,0,none,,0,none,,1,end,497,direction_change,0,Trend Shift,none,0,0,0,0,0,1,0,0,0,0,0,0,0,0,0,0
2021-02-15,0.826478342465401,0,0,0,0,0,0,0,0,0,0,0,0,0,0,0,0,0,1,0,none,,0,none,,,0,0,0,none,,0,none,,1,end,497,direction_change,0,Trend Shift,none,0,0,0,0,0,1,0,0,0,0,0,0,0,0,0,0
2021-02-16,0.8669522099347925,0,0,0,0,0,0,0,0,0,0,0,0,0,0,0,0,0,1,0,none,,0,none,,,0,0,0,none,,0,none,,1,end,497,direction_change,0,Trend Shift,none,0,0,0,0,0,1,0,0,0,0,0,0,0,0,0,0
2021-02-17,0.8732100342307546,0,0,0,0,0,0,0,0,0,0,0,0,0,0,0,0,0,1,0,none,,0,none,,,0,0,0,none,,0,none,,1,end,497,direction_change,0,Trend Shift,none,0,0,0,0,0,1,0,0,0,0,0,0,0,0,0,0
2021-02-18,0.8521900320403896,0,0,0,0,0,0,0,0,0,0,0,0,0,0,0,0,0,1,0,none,,0,none,,,0,0,0,none,,0,none,,1,end,497,direction_change,0,Trend Shift,none,0,0,0,0,0,1,0,0,0,0,0,0,0,0,0,0
2021-02-19,0.9067042939936832,0,0,0,0,0,0,0,0,0,0,0,0,0,0,0,0,0,1,0,none,,0,none,,,0,0,0,none,,0,none,,1,end,497,direction_change,0,Trend Shift,none,0,0,0,0,0,1,0,0,0,0,0,0,0,0,0,0
2021-02-20,0.882660711446372,0,0,0,0,0,0,0,0,0,0,0,0,0,0,0,0,0,1,0,none,,0,none,,,0,0,0,none,,0,none,,1,end,497,direction_change,0,Trend Shift,none,0,0,0,0,0,1,0,0,0,0,0,0,0,0,0,0
2021-02-21,0.9672749167613293,0,0,0,0,0,0,0,0,0,0,0,0,0,0,0,0,0,1,0,none,,0,none,,,0,0,0,none,,0,none,,1,end,497,direction_change,0,Trend Shift,none,0,0,0,0,0,1,0,0,0,0,0,0,0,0,0,0
2021-02-22,0.8857071681383758,0,0,0,0,0,0,0,0,0,0,0,0,0,0,0,0,0,1,0,none,,0,none,,,0,0,0,none,,0,none,,1,end,497,direction_change,0,Trend Shift,none,0,0,0,0,0,1,0,0,0,0,0,0,0,0,0,0
2021-02-23,0.870129245043295,0,0,0,0,0,0,0,0,0,0,0,0,0,0,0,0,0,1,0,none,,0,none,,,0,0,0,none,,0,none,,1,end,497,direction_change,0,Trend Shift,none,0,0,0,0,0,1,0,0,0,0,0,0,0,0,0,0
2021-02-24,0.8632067082620207,0,0,0,0,0,0,0,0,0,0,0,0,0,0,0,0,0,1,0,none,,0,none,,,0,0,0,none,,0,none,,1,end,497,direction_change,0,Trend Shift,none,0,0,0,0,0,1,0,0,0,0,0,0,0,0,0,0
2021-02-25,0.79699877757332,0,0,0,0,0,0,0,0,0,0,0,0,0,0,0,0,0,1,0,none,,0,none,,,0,0,0,none,,0,none,,1,end,497,direction_change,0,Trend Shift,none,0,0,0,0,0,1,0,0,0,0,0,0,0,0,0,0
2021-02-26,0.9578539632093886,0,0,0,0,0,0,0,0,0,0,0,0,0,0,0,0,0,1,0,none,,0,none,,,0,0,0,none,,0,none,,1,end,497,direction_change,0,Trend Shift,none,0,0,0,0,0,1,0,0,0,0,0,0,0,0,0,0
2021-02-27,0.8945951777930266,0,0,0,0,0,0,0,0,0,0,0,0,0,0,0,0,0,1,0,none,,0,none,,,0,0,0,none,,0,none,,1,end,497,direction_change,0,Trend Shift,none,0,0,0,0,0,1,0,0,0,0,0,0,0,0,0,0
2021-02-28,0.9592736333071001,0,0,0,0,0,0,0,0,0,0,0,0,0,0,0,0,0,1,0,none,,0,none,,,0,0,0,none,,0,none,,1,end,497,direction_change,0,Trend Shift,none,0,0,0,0,0,1,0,0,0,0,0,0,0,0,0,0
2021-03-01,0.8481355458410246,0,0,0,0,0,0,0,0,0,0,0,0,0,0,0,0,0,1,0,none,,0,none,,,0,0,0,none,,0,none,,1,end,497,direction_change,0,Trend Shift,none,0,0,0,0,0,1,0,0,0,0,0,0,0,0,0,0
2021-03-02,0.9611700621284417,0,0,0,0,0,0,0,0,0,0,0,0,0,0,0,0,0,1,0,none,,0,none,,,0,0,0,none,,0,none,,1,end,497,direction_change,0,Trend Shift,none,0,0,0,0,0,1,0,0,0,0,0,0,0,0,0,0
2021-03-03,1.0603236814830204,0,0,0,0,0,0,0,0,0,0,0,0,0,0,0,0,0,1,0,none,,0,none,,,0,0,0,none,,0,none,,1,end,497,direction_change,0,Trend Shift,none,0,0,0,0,0,1,0,0,0,0,0,0,0,0,0,0
2021-03-04,0.8505229356205868,0,0,0,0,0,0,0,0,0,0,0,0,0,0,0,0,0,1,0,none,,0,none,,,0,0,0,none,,0,none,,1,end,497,direction_change,0,Trend Shift,none,0,0,0,0,0,1,0,0,0,0,0,0,0,0,0,0
2021-03-05,1.016727191488323,0,0,0,0,0,0,0,0,0,0,0,0,0,0,0,0,0,1,0,none,,0,none,,,0,0,0,none,,0,none,,1,end,497,direction_change,0,Trend Shift,none,0,0,0,0,0,1,0,0,0,0,0,0,0,0,0,0
2021-03-06,1.0112104137442497,0,0,0,0,0,0,0,0,0,0,0,0,0,0,0,0,0,1,0,none,,0,none,,,0,0,0,none,,0,none,,1,end,497,direction_change,0,Trend Shift,none,0,0,0,0,0,1,0,0,0,0,0,0,0,0,0,0
2021-03-07,0.8922862432391977,0,0,0,0,0,0,0,0,0,0,0,0,0,0,0,0,0,1,0,none,,0,none,,,0,0,0,none,,0,none,,1,end,497,direction_change,0,Trend Shift,none,0,0,0,0,0,1,0,0,0,0,0,0,0,0,0,0
2021-03-08,0.9795874000984083,0,0,0,0,0,0,0,0,0,0,0,0,0,0,0,0,0,1,0,none,,0,none,,,0,0,0,none,,0,none,,1,end,497,direction_change,0,Trend Shift,none,0,0,0,0,0,1,0,0,0,0,0,0,0,0,0,0
2021-03-09,1.040413879812535,0,0,0,0,0,0,0,0,0,0,0,0,0,0,0,0,0,1,0,none,,0,none,,,0,0,0,none,,0,none,,1,end,497,direction_change,0,Trend Shift,none,0,0,0,0,0,1,0,0,0,0,0,0,0,0,0,0
2021-03-10,0.9761601491791794,0,0,0,0,0,0,0,0,0,0,0,0,0,0,0,0,0,1,0,none,,0,none,,,0,0,0,none,,0,none,,1,end,497,direction_change,0,Trend Shift,none,0,0,0,0,0,1,0,0,0,0,0,0,0,0,0,0
2021-03-11,1.0294102651449404,0,0,0,0,0,0,0,0,0,0,0,0,0,0,0,0,0,1,0,none,,0,none,,,0,0,0,none,,0,none,,1,end,497,direction_change,0,Trend Shift,none,0,0,0,0,0,1,0,0,0,0,0,0,0,0,0,0
2021-03-12,0.9443752616703203,0,0,0,0,0,0,0,0,0,0,0,0,0,0,0,0,0,1,0,none,,0,none,,,0,0,0,none,,0,none,,1,end,497,direction_change,0,Trend Shift,none,0,0,0,0,0,1,0,0,0,0,0,0,0,0,0,0
2021-03-13,0.9805748685268156,0,0,0,0,0,0,0,0,0,0,0,0,0,0,0,0,0,1,0,none,,0,none,,,0,0,0,none,,0,none,,1,end,497,direction_change,0,Trend Shift,none,0,0,0,0,0,1,0,0,0,0,0,0,0,0,0,0
2021-03-14,1.13861137023051,0,0,0,0,0,0,0,0,0,0,0,0,0,0,0,0,0,1,0,none,,0,none,,,0,0,0,none,,0,none,,1,end,497,direction_change,0,Trend Shift,none,0,0,0,0,0,1,0,0,0,0,0,0,0,0,0,0
2021-03-15,0.9969036345694463,0,0,0,0,0,0,0,0,0,0,0,0,0,0,0,0,0,1,0,none,,0,none,,,0,0,0,none,,0,none,,1,end,497,direction_change,0,Trend Shift,none,0,0,0,0,0,1,0,0,0,0,0,0,0,0,0,0
2021-03-16,0.98499155272159,0,0,0,0,0,0,0,0,0,0,0,0,0,0,0,0,0,1,0,none,,0,none,,,0,0,0,none,,0,none,,1,end,497,direction_change,0,Trend Shift,none,0,0,0,0,0,1,0,0,0,0,0,0,0,0,0,0
2021-03-17,1.024839431683232,0,0,0,0,0,0,0,0,0,0,0,0,0,0,0,0,0,1,0,none,,0,none,,,0,0,0,none,,0,none,,1,end,497,direction_change,0,Trend Shift,none,0,0,0,0,0,1,0,0,0,0,0,0,0,0,0,0
2021-03-18,1.0236210888395254,0,0,0,0,0,0,0,0,0,0,0,0,0,0,0,0,0,1,0,none,,0,none,,,0,0,0,none,,0,none,,1,end,497,direction_change,0,Trend Shift,none,0,0,0,0,0,1,0,0,0,0,0,0,0,0,0,0
2021-03-19,1.066053040099012,0,0,0,0,0,0,0,0,0,0,0,0,0,0,0,0,0,1,0,none,,0,none,,,0,0,0,none,,0,none,,1,end,497,direction_change,0,Trend Shift,none,0,0,0,0,0,1,0,0,0,0,0,0,0,0,0,0
2021-03-20,1.0841872985694772,0,0,0,0,0,0,0,0,0,0,0,0,0,0,0,0,0,1,0,none,,0,none,,,0,0,0,none,,0,none,,1,end,497,direction_change,0,Trend Shift,none,0,0,0,0,0,1,0,0,0,0,0,0,0,0,0,0
2021-03-21,1.0175130544528999,0,0,0,0,0,0,0,0,0,0,0,0,0,0,0,0,0,1,0,none,,0,none,,,0,0,0,none,,0,none,,1,end,497,direction_change,0,Trend Shift,none,0,0,0,0,0,1,0,0,0,0,0,0,0,0,0,0
2021-03-22,1.0448133578977474,0,0,0,0,0,0,0,0,0,0,0,0,0,0,0,0,0,1,0,none,,0,none,,,0,0,0,none,,0,none,,1,end,497,direction_change,0,Trend Shift,none,0,0,0,0,0,1,0,0,0,0,0,0,0,0,0,0
2021-03-23,1.04139091042998,0,0,0,0,0,0,0,0,0,0,0,0,0,0,0,0,0,1,0,none,,0,none,,,0,0,0,none,,0,none,,1,end,497,direction_change,0,Trend Shift,none,0,0,0,0,0,1,0,0,0,0,0,0,0,0,0,0
2021-03-24,1.1105106987599902,0,0,0,0,0,0,0,0,0,0,0,0,0,0,0,0,0,1,0,none,,0,none,,,0,0,0,none,,0,none,,1,end,497,direction_change,0,Trend Shift,none,0,0,0,0,0,1,0,0,0,0,0,0,0,0,0,0
2021-03-25,1.2948479619728468,0,0,0,0,0,0,0,0,0,0,0,0,0,0,0,0,0,1,0,none,,0,none,,,0,0,0,none,,0,none,,1,end,497,direction_change,0,Trend Shift,none,0,0,0,0,0,1,0,0,0,0,0,0,0,0,0,0
2021-03-26,1.0366120338234384,0,0,0,0,0,0,0,0,0,0,0,0,0,0,0,0,0,1,0,none,,0,none,,,0,0,0,none,,0,none,,1,end,497,direction_change,0,Trend Shift,none,0,0,0,0,0,1,0,0,0,0,0,0,0,0,0,0
2021-03-27,1.1943517102590022,0,0,0,0,0,0,0,0,0,0,0,0,0,0,0,0,0,1,0,none,,0,none,,,0,0,0,none,,0,none,,1,end,497,direction_change,0,Trend Shift,none,0,0,0,0,0,1,0,0,0,0,0,0,0,0,0,0
2021-03-28,1.0784394219499709,0,0,0,0,0,0,0,0,0,0,0,0,0,0,0,0,0,1,0,none,,0,none,,,0,0,0,none,,0,none,,1,end,497,direction_change,0,Trend Shift,none,0,0,0,0,0,1,0,0,0,0,0,0,0,0,0,0
2021-03-29,1.1981023940135735,0,0,0,0,0,0,0,0,0,0,0,0,0,0,0,0,0,1,0,none,,0,none,,,0,0,0,none,,0,none,,1,end,497,direction_change,0,Trend Shift,none,0,0,0,0,0,1,0,0,0,0,0,0,0,0,0,0
2021-03-30,1.0945922536271409,0,0,0,0,0,0,0,0,0,0,0,0,0,0,0,0,0,1,0,none,,0,none,,,0,0,0,none,,0,none,,1,end,497,direction_change,0,Trend Shift,none,0,0,0,0,0,1,0,0,0,0,0,0,0,0,0,0
2021-03-31,1.1343029787761294,0,0,0,0,0,0,0,0,0,0,0,0,0,0,0,0,0,1,0,none,,0,none,,,0,0,0,none,,0,none,,1,end,497,direction_change,0,Trend Shift,none,0,0,0,0,0,1,0,0,0,0,0,0,0,0,0,0
2021-04-01,1.2028212521479975,0,0,0,0,0,0,0,0,0,0,0,0,0,0,0,0,0,1,0,none,,0,none,,,0,0,0,none,,0,none,,1,end,497,direction_change,0,Trend Shift,none,0,0,0,0,0,1,0,0,0,0,0,0,0,0,0,0
2021-04-02,1.211415491666519,0,0,0,0,0,0,0,0,0,0,0,0,0,0,0,0,0,1,0,none,,0,none,,,0,0,0,none,,0,none,,1,end,497,direction_change,0,Trend Shift,none,0,0,0,0,0,1,0,0,0,0,0,0,0,0,0,0
2021-04-03,1.1168732172431022,0,0,0,0,0,0,0,0,0,0,0,0,0,0,0,0,0,1,0,none,,0,none,,,0,0,0,none,,0,none,,1,end,497,direction_change,0,Trend Shift,none,0,0,0,0,0,1,0,0,0,0,0,0,0,0,0,0
2021-04-04,1.182652940668577,0,0,0,0,0,0,0,0,0,0,0,0,0,0,0,0,0,1,0,none,,0,none,,,0,0,0,none,,0,none,,1,end,497,direction_change,0,Trend Shift,none,0,0,0,0,0,1,0,0,0,0,0,0,0,0,0,0
2021-04-05,1.2302802674176774,0,0,0,0,0,0,0,0,0,0,0,0,0,0,0,0,0,1,0,none,,0,none,,,0,0,0,none,,0,none,,1,end,497,direction_change,0,Trend Shift,none,0,0,0,0,0,1,0,0,0,0,0,0,0,0,0,0
2021-04-06,1.2067611873173882,0,0,0,0,0,0,0,0,0,0,0,0,0,0,0,0,0,1,0,none,,0,none,,,0,0,0,none,,0,none,,1,end,497,direction_change,0,Trend Shift,none,0,0,0,0,0,1,0,0,0,0,0,0,0,0,0,0
2021-04-07,1.2774497789163977,0,0,0,0,0,0,0,0,0,0,0,0,0,0,0,0,0,1,0,none,,0,none,,,0,0,0,none,,0,none,,1,end,497,direction_change,0,Trend Shift,none,0,0,0,0,0,1,0,0,0,0,0,0,0,0,0,0
2021-04-08,1.297024233625658,0,0,0,0,0,0,0,0,0,0,0,0,0,0,0,0,0,1,0,none,,0,none,,,0,0,0,none,,0,none,,1,end,497,direction_change,0,Trend Shift,none,0,0,0,0,0,1,0,0,0,0,0,0,0,0,0,0
2021-04-09,1.1908484880773706,0,0,0,0,0,0,0,0,0,0,0,0,0,0,0,0,0,1,0,none,,0,none,,,0,0,0,none,,0,none,,1,end,497,direction_change,0,Trend Shift,none,0,0,0,0,0,1,0,0,0,0,0,0,0,0,0,0
2021-04-10,1.2592888758729162,0,0,0,0,0,0,0,0,0,0,0,0,0,0,0,0,0,1,0,none,,0,none,,,0,0,0,none,,0,none,,1,end,497,direction_change,0,Trend Shift,none,0,0,0,0,0,1,0,0,0,0,0,0,0,0,0,0
2021-04-11,1.1674950899764855,0,0,0,0,0,0,0,0,0,0,0,0,0,0,0,0,0,1,0,none,,0,none,,,0,0,0,none,,0,none,,1,end,497,direction_change,0,Trend Shift,none,0,0,0,0,0,1,0,0,0,0,0,0,0,0,0,0
2021-04-12,1.1753039322310241,0,0,0,0,0,0,0,0,0,0,0,0,0,0,0,0,0,1,0,none,,0,none,,,0,0,0,none,,0,none,,1,end,497,direction_change,0,Trend Shift,none,0,0,0,0,0,1,0,0,0,0,0,0,0,0,0,0
2021-04-13,1.2617961508673607,0,0,0,0,0,0,0,0,0,0,0,0,0,0,0,0,0,1,0,none,,0,none,,,0,0,0,none,,0,none,,1,end,497,direction_change,0,Trend Shift,none,0,0,0,0,0,1,0,0,0,0,0,0,0,0,0,0
2021-04-14,1.126927746272582,0,0,0,0,0,0,0,0,0,0,0,0,0,0,0,0,0,1,0,none,,0,none,,,0,0,0,none,,0,none,,1,end,497,direction_change,0,Trend Shift,none,0,0,0,0,0,1,0,0,0,0,0,0,0,0,0,0
2021-04-15,1.2296690984697136,0,0,0,0,0,0,0,0,0,0,0,0,0,0,0,0,0,1,0,none,,0,none,,,0,0,0,none,,0,none,,1,end,497,direction_change,0,Trend Shift,none,0,0,0,0,0,1,0,0,0,0,0,0,0,0,0,0
2021-04-16,1.1644967102308827,0,0,0,0,0,0,0,0,0,0,0,0,0,0,0,0,0,1,0,none,,0,none,,,0,0,0,none,,0,none,,1,end,497,direction_change,0,Trend Shift,none,0,0,0,0,0,1,0,0,0,0,0,0,0,0,0,0
2021-04-17,1.3080334760417691,0,0,0,0,0,0,0,0,0,0,0,0,0,0,0,0,0,1,0,none,,0,none,,,0,0,0,none,,0,none,,1,end,497,direction_change,0,Trend Shift,none,0,0,0,0,0,1,0,0,0,0,0,0,0,0,0,0
2021-04-18,1.2362582581394848,0,0,0,0,0,0,0,0,0,0,0,0,0,0,0,0,0,1,0,none,,0,none,,,0,0,0,none,,0,none,,1,end,497,direction_change,0,Trend Shift,none,0,0,0,0,0,1,0,0,0,0,0,0,0,0,0,0
2021-04-19,1.1719301677153047,0,0,0,0,0,0,0,0,0,0,0,0,0,0,0,0,0,1,0,none,,0,none,,,0,0,0,none,,0,none,,1,end,497,direction_change,0,Trend Shift,none,0,0,0,0,0,1,0,0,0,0,0,0,0,0,0,0
2021-04-20,1.3929183267674599,0,0,0,0,0,0,0,0,0,0,0,0,0,0,0,0,0,1,0,none,,0,none,,,0,0,0,none,,0,none,,1,end,497,direction_change,0,Trend Shift,none,0,0,0,0,0,1,0,0,0,0,0,0,0,0,0,0
2021-04-21,1.1930790924509764,0,0,0,0,0,0,0,0,0,0,0,0,0,0,0,0,0,1,0,none,,0,none,,,0,0,0,none,,0,none,,1,end,497,direction_change,0,Trend Shift,none,0,0,0,0,0,1,0,0,0,0,0,0,0,0,0,0
2021-04-22,1.2543163501715597,0,0,0,0,0,0,0,0,0,0,0,0,0,0,0,0,0,1,0,none,,0,none,,,0,0,0,none,,0,none,,1,end,497,direction_change,0,Trend Shift,none,0,0,0,0,0,1,0,0,0,0,0,0,0,0,0,0
2021-04-23,1.4001528947461659,0,0,0,0,0,0,0,0,0,0,0,0,0,0,0,0,0,1,0,none,,0,none,,,0,0,0,none,,0,none,,1,end,497,direction_change,0,Trend Shift,none,0,0,0,0,0,1,0,0,0,0,0,0,0,0,0,0
2021-04-24,1.2615914564244464,0,0,0,0,0,0,0,0,0,0,0,0,0,0,0,0,0,1,0,none,,0,none,,,0,0,0,none,,0,none,,1,end,497,direction_change,0,Trend Shift,none,0,0,0,0,0,1,0,0,0,0,0,0,0,0,0,0
2021-04-25,1.2765000601119307,0,0,0,0,0,0,0,0,0,0,0,0,0,0,0,0,0,1,0,none,,0,none,,,0,0,0,none,,0,none,,1,end,497,direction_change,0,Trend Shift,none,0,0,0,0,0,1,0,0,0,0,0,0,0,0,0,0
2021-04-26,1.327833069621967,0,0,0,0,0,0,0,0,0,0,0,0,0,0,0,0,0,1,0,none,,0,none,,,0,0,0,none,,0,none,,1,end,497,direction_change,0,Trend Shift,none,0,0,0,0,0,1,0,0,0,0,0,0,0,0,0,0
2021-04-27,1.3616004455818456,0,0,0,0,0,0,0,0,0,0,0,0,0,0,0,0,0,1,0,none,,0,none,,,0,0,0,none,,0,none,,1,end,497,direction_change,0,Trend Shift,none,0,0,0,0,0,1,0,0,0,0,0,0,0,0,0,0
2021-04-28,1.3341244791043618,0,0,0,0,0,0,0,0,0,0,0,0,0,0,0,0,0,1,0,none,,0,none,,,0,0,0,none,,0,none,,1,end,497,direction_change,0,Trend Shift,none,0,0,0,0,0,1,0,0,0,0,0,0,0,0,0,0
2021-04-29,1.3184883427087781,0,0,0,0,0,0,0,0,0,0,0,0,0,0,0,0,0,1,0,none,,0,none,,,0,0,0,none,,0,none,,1,end,497,direction_change,0,Trend Shift,none,0,0,0,0,0,1,0,0,0,0,0,0,0,0,0,0
2021-04-30,1.3690576750250087,0,0,0,0,0,0,0,0,0,0,0,0,0,0,0,0,0,1,0,none,,0,none,,,0,0,0,none,,0,none,,1,end,497,direction_change,0,Trend Shift,none,0,0,0,0,0,1,0,0,0,0,0,0,0,0,0,0
2021-05-01,1.3132420517590184,0,0,0,0,0,0,0,0,0,0,0,0,0,0,0,0,0,1,0,none,,0,none,,,0,0,0,none,,0,none,,1,end,497,direction_change,0,Trend Shift,none,0,0,0,0,0,1,0,0,0,0,0,0,0,0,0,0
2021-05-02,1.2544206577047914,0,0,0,0,0,0,0,0,0,0,0,0,0,0,0,0,0,1,0,none,,0,none,,,0,0,0,none,,0,none,,1,end,497,direction_change,0,Trend Shift,none,0,0,0,0,0,1,0,0,0,0,0,0,0,0,0,0
2021-05-03,1.387371000207177,0,0,0,0,0,0,0,0,0,0,0,0,0,0,0,0,0,1,0,none,,0,none,,,0,0,0,none,,0,none,,1,end,497,direction_change,0,Trend Shift,none,0,0,0,0,0,1,0,0,0,0,0,0,0,0,0,0
2021-05-04,1.4417190985231993,0,0,0,0,0,0,0,0,0,0,0,0,0,0,0,0,0,1,0,none,,0,none,,,0,0,0,none,,0,none,,1,end,497,direction_change,0,Trend Shift,none,0,0,0,0,0,1,0,0,0,0,0,0,0,0,0,0
2021-05-05,1.4171380303371925,0,0,0,0,0,0,0,0,0,0,0,0,0,0,0,0,0,1,0,none,,0,none,,,0,0,0,none,,0,none,,1,end,497,direction_change,0,Trend Shift,none,0,0,0,0,0,1,0,0,0,0,0,0,0,0,0,0
2021-05-06,1.3978179571120808,0,0,0,0,0,0,0,0,0,0,0,0,0,0,0,0,0,1,0,none,,0,none,,,0,0,0,none,,0,none,,1,end,497,direction_change,0,Trend Shift,none,0,0,0,0,0,1,0,0,0,0,0,0,0,0,0,0
2021-05-07,1.4374449026761646,0,0,0,0,0,0,0,0,0,0,0,0,0,0,0,0,0,1,0,none,,0,none,,,0,0,0,none,,0,none,,1,end,497,direction_change,0,Trend Shift,none,0,0,0,0,0,1,0,0,0,0,0,0,0,0,0,0
2021-05-08,1.3071532593813082,0,0,0,0,0,0,0,0,0,0,0,0,0,0,0,0,0,1,0,none,,0,none,,,0,0,0,none,,0,none,,1,end,497,direction_change,0,Trend Shift,none,0,0,0,0,0,1,0,0,0,0,0,0,0,0,0,0
2021-05-09,1.448923802162016,0,0,0,0,0,0,0,0,0,0,0,0,0,0,0,0,0,1,0,none,,0,none,,,0,0,0,none,,0,none,,1,end,497,direction_change,0,Trend Shift,none,0,0,0,0,0,1,0,0,0,0,0,0,0,0,0,0
2021-05-10,1.378070913940137,0,0,0,0,0,0,0,0,0,0,0,0,0,0,0,0,0,1,0,none,,0,none,,,0,0,0,none,,0,none,,1,end,497,direction_change,0,Trend Shift,none,0,0,0,0,0,1,0,0,0,0,0,0,0,0,0,0
2021-05-11,1.4211532696538571,0,0,0,0,0,0,0,0,0,0,0,0,0,0,0,0,0,1,0,none,,0,none,,,0,0,0,none,,0,none,,1,end,497,direction_change,0,Trend Shift,none,0,0,0,0,0,1,0,0,0,0,0,0,0,0,0,0
2021-05-12,1.4542786241692476,0,0,0,0,0,0,0,0,0,0,0,0,0,0,0,0,0,1,0,none,,0,none,,,0,0,0,none,,0,none,,1,end,497,direction_change,0,Trend Shift,none,0,0,0,0,0,1,0,0,0,0,0,0,0,0,0,0
2021-05-13,1.5045561475421845,0,0,0,0,0,0,0,0,0,0,0,0,0,0,0,0,0,1,0,none,,0,none,,,0,0,0,none,,0,none,,1,end,497,direction_change,0,Trend Shift,none,0,0,0,0,0,1,0,0,0,0,0,0,0,0,0,0
2021-05-14,1.3254779271690464,0,0,0,0,0,0,0,0,0,0,0,0,0,0,0,0,0,1,0,none,,0,none,,,0,0,0,none,,0,none,,1,end,497,direction_change,0,Trend Shift,none,0,0,0,0,0,1,0,0,0,0,0,0,0,0,0,0
2021-05-15,1.4528528817580078,0,0,0,0,0,0,0,0,0,0,0,0,0,0,0,0,0,1,0,none,,0,none,,,0,0,0,none,,0,none,,1,end,497,direction_change,0,Trend Shift,none,0,0,0,0,0,1,0,0,0,0,0,0,0,0,0,0
2021-05-16,1.425568488627337,0,0,0,0,0,0,0,0,0,0,0,0,0,0,0,0,0,1,0,none,,0,none,,,0,0,0,none,,0,none,,1,end,497,direction_change,0,Trend Shift,none,0,0,0,0,0,1,0,0,0,0,0,0,0,0,0,0
2021-05-17,1.3289903931489533,0,0,0,0,0,0,0,0,0,0,0,0,0,0,0,0,0,1,0,none,,0,none,,,0,0,0,none,,0,none,,1,end,497,direction_change,0,Trend Shift,none,0,0,0,0,0,1,0,0,0,0,0,0,0,0,0,0
2021-05-18,1.3352267960780146,0,0,0,0,0,0,0,0,0,0,0,0,0,0,0,0,0,1,0,none,,0,none,,,0,0,0,none,,0,none,,1,end,497,direction_change,0,Trend Shift,none,0,0,0,0,0,1,0,0,0,0,0,0,0,0,0,0
2021-05-19,1.3738035484931355,0,0,0,0,0,0,0,0,0,0,0,0,0,0,0,0,0,1,0,none,,0,none,,,0,0,0,none,,0,none,,1,end,497,direction_change,0,Trend Shift,none,0,0,0,0,0,1,0,0,0,0,0,0,0,0,0,0
2021-05-20,1.34429299160905,0,0,0,0,0,0,0,0,0,0,0,0,0,0,0,0,0,1,0,none,,0,none,,,0,0,0,none,,0,none,,1,end,497,direction_change,0,Trend Shift,none,0,0,0,0,0,1,0,0,0,0,0,0,0,0,0,0
2021-05-21,1.317079423308165,0,0,0,0,0,0,0,0,0,0,0,0,0,0,0,0,0,1,0,none,,0,none,,,0,0,0,none,,0,none,,1,end,497,direction_change,0,Trend Shift,none,0,0,0,0,0,1,0,0,0,0,0,0,0,0,0,0
2021-05-22,1.241287706705531,0,0,0,0,0,0,0,0,0,0,0,0,0,0,0,0,0,1,0,none,,0,none,,,0,0,0,none,,0,none,,1,end,497,direction_change,0,Trend Shift,none,0,0,0,0,0,1,0,0,0,0,0,0,0,0,0,0
2021-05-23,1.4045364391087454,0,0,0,0,0,0,0,0,0,0,0,0,0,0,0,0,0,1,0,none,,0,none,,,0,0,0,none,,0,none,,1,end,497,direction_change,0,Trend Shift,none,0,0,0,0,0,1,0,0,0,0,0,0,0,0,0,0
2021-05-24,1.339278156138142,0,0,0,0,0,0,0,0,0,0,0,0,0,0,0,0,0,1,0,none,,0,none,,,0,0,0,none,,0,none,,1,end,497,direction_change,0,Trend Shift,none,0,0,0,0,0,1,0,0,0,0,0,0,0,0,0,0
2021-05-25,1.3183434558156013,0,0,0,0,0,0,0,0,0,0,0,0,0,0,0,0,0,1,0,none,,0,none,,,0,0,0,none,,0,none,,1,end,497,direction_change,0,Trend Shift,none,0,0,0,0,0,1,0,0,0,0,0,0,0,0,0,0
2021-05-26,1.314500118348271,0,0,0,0,0,0,0,0,0,0,0,0,0,0,0,0,0,1,0,none,,0,none,,,0,0,0,none,,0,none,,1,end,497,direction_change,0,Trend Shift,none,0,0,0,0,0,1,0,0,0,0,0,0,0,0,0,0
2021-05-27,1.308966982543655,0,0,0,0,0,0,0,0,0,0,0,0,0,0,0,0,0,1,0,none,,0,none,,,0,0,0,none,,0,none,,1,end,497,direction_change,0,Trend Shift,none,0,0,0,0,0,1,0,0,0,0,0,0,0,0,0,0
2021-05-28,1.3740543969111936,0,0,0,0,0,0,0,0,0,0,0,0,0,0,0,0,0,1,0,none,,0,none,,,0,0,0,none,,0,none,,1,end,497,direction_change,0,Trend Shift,none,0,0,0,0,0,1,0,0,0,0,0,0,0,0,0,0
2021-05-29,1.1867086802469013,0,0,0,0,0,0,0,0,0,0,0,0,0,0,0,0,0,1,0,none,,0,none,,,0,0,0,none,,0,none,,1,end,497,direction_change,0,Trend Shift,none,0,0,0,0,0,1,0,0,0,0,0,0,0,0,0,0
2021-05-30,1.260112380107419,0,0,0,0,0,0,0,0,0,0,0,0,0,0,0,0,0,1,0,none,,0,none,,,0,0,0,none,,0,none,,1,end,497,direction_change,0,Trend Shift,none,0,0,0,0,0,1,0,0,0,0,0,0,0,0,0,0
2021-05-31,1.3653439186526977,0,0,0,0,0,0,0,0,0,0,0,0,0,0,0,0,0,1,0,none,,0,none,,,0,0,0,none,,0,none,,1,end,497,direction_change,0,Trend Shift,none,0,0,0,0,0,1,0,0,0,0,0,0,0,0,0,0
2021-06-01,1.3348917784441146,0,0,0,0,0,0,0,0,0,0,0,0,0,0,0,0,0,1,0,none,,0,none,,,0,0,0,none,,0,none,,1,end,497,direction_change,0,Trend Shift,none,0,0,0,0,0,1,0,0,0,0,0,0,0,0,0,0
2021-06-02,1.3942327498354672,0,0,0,0,0,0,0,0,0,0,0,0,0,0,0,0,0,1,0,none,,0,none,,,0,0,0,none,,0,none,,1,end,497,direction_change,0,Trend Shift,none,0,0,0,0,0,1,0,0,0,0,0,0,0,0,0,0
2021-06-03,1.218514411752855,0,0,0,0,0,0,0,0,0,0,0,0,0,0,0,0,0,1,0,none,,0,none,,,0,0,0,none,,0,none,,1,end,497,direction_change,0,Trend Shift,none,0,0,0,0,0,1,0,0,0,0,0,0,0,0,0,0
2021-06-04,1.2508842589803013,0,0,0,0,0,0,0,0,0,0,0,0,0,0,0,0,0,1,0,none,,0,none,,,0,0,0,none,,0,none,,1,end,497,direction_change,0,Trend Shift,none,0,0,0,0,0,1,0,0,0,0,0,0,0,0,0,0
2021-06-05,1.287835970339782,0,0,0,0,0,0,0,0,0,0,0,0,0,0,0,0,0,1,0,none,,0,none,,,0,0,0,none,,0,none,,1,end,497,direction_change,0,Trend Shift,none,0,0,0,0,0,1,0,0,0,0,0,0,0,0,0,0
2021-06-06,1.324255637012285,0,0,0,0,0,0,0,0,0,0,0,0,0,0,0,0,0,1,0,none,,0,none,,,0,0,0,none,,0,none,,1,end,497,direction_change,0,Trend Shift,none,0,0,0,0,0,1,0,0,0,0,0,0,0,0,0,0
2021-06-07,1.2436999410765694,0,0,0,0,0,0,0,0,0,0,0,0,0,0,0,0,0,1,0,none,,0,none,,,0,0,0,none,,0,none,,1,end,497,direction_change,0,Trend Shift,none,0,0,0,0,0,1,0,0,0,0,0,0,0,0,0,0
2021-06-08,1.3471371228333155,0,0,0,0,0,0,0,0,0,0,0,0,0,0,0,0,0,1,0,none,,0,none,,,0,0,0,none,,0,none,,1,end,497,direction_change,0,Trend Shift,none,0,0,0,0,0,1,0,0,0,0,0,0,0,0,0,0
2021-06-09,1.2000245516686248,0,0,0,0,0,0,0,0,0,0,0,0,0,0,0,0,0,1,0,none,,0,none,,,0,0,0,none,,0,none,,1,end,497,direction_change,0,Trend Shift,none,0,0,0,0,0,1,0,0,0,0,0,0,0,0,0,0
2021-06-10,1.2277524080748998,0,0,0,0,0,0,0,0,0,0,0,0,0,0,0,0,0,1,0,none,,0,none,,,0,0,0,none,,0,none,,1,end,497,direction_change,0,Trend Shift,none,0,0,0,0,0,1,0,0,0,0,0,0,0,0,0,0
2021-06-11,1.2294019837140282,0,0,0,0,0,0,0,0,0,0,0,0,0,0,0,0,0,1,0,none,,0,none,,,0,0,0,none,,0,none,,1,end,497,direction_change,0,Trend Shift,none,0,0,0,0,0,1,0,0,0,0,0,0,0,0,0,0
2021-06-12,1.1970965862722693,0,0,0,0,0,0,0,0,0,0,0,0,0,0,0,0,0,1,0,none,,0,none,,,0,0,0,none,,0,none,,1,end,497,direction_change,0,Trend Shift,none,0,0,0,0,0,1,0,0,0,0,0,0,0,0,0,0
2021-06-13,1.2420261463988354,0,0,0,0,0,0,0,0,0,0,0,0,0,0,0,0,0,1,0,none,,0,none,,,0,0,0,none,,0,none,,1,end,497,direction_change,0,Trend Shift,none,0,0,0,0,0,1,0,0,0,0,0,0,0,0,0,0
2021-06-14,1.055350291258841,0,0,0,0,0,0,0,0,0,0,0,0,0,0,0,0,0,1,0,none,,0,none,,,0,0,0,none,,0,none,,1,end,497,direction_change,0,Trend Shift,none,0,0,0,0,0,1,0,0,0,0,0,0,0,0,0,0
2021-06-15,1.1403120358174568,0,0,0,0,0,0,0,0,0,0,0,0,0,0,0,0,0,1,0,none,,0,none,,,0,0,0,none,,0,none,,1,end,497,direction_change,0,Trend Shift,none,0,0,0,0,0,1,0,0,0,0,0,0,0,0,0,0
2021-06-16,1.0853962925190608,0,0,0,0,0,0,0,0,0,0,0,0,0,0,0,0,0,1,0,none,,0,none,,,0,0,0,none,,0,none,,1,end,497,direction_change,0,Trend Shift,none,0,0,0,0,0,1,0,0,0,0,0,0,0,0,0,0
2021-06-17,1.2376017862060236,0,0,0,0,0,0,0,0,0,0,0,0,0,0,0,0,0,1,0,none,,0,none,,,0,0,0,none,,0,none,,1,end,497,direction_change,0,Trend Shift,none,0,0,0,0,0,1,0,0,0,0,0,0,0,0,0,0
2021-06-18,1.1598741938303523,0,0,0,0,0,0,0,0,0,0,0,0,0,0,0,0,0,1,0,none,,0,none,,,0,0,0,none,,0,none,,1,end,497,direction_change,0,Trend Shift,none,0,0,0,0,0,1,0,0,0,0,0,0,0,0,0,0
2021-06-19,1.1807040065044085,0,0,0,0,0,0,0,0,0,0,0,0,0,0,0,0,0,1,0,none,,0,none,,,0,0,0,none,,0,none,,1,end,497,direction_change,0,Trend Shift,none,0,0,0,0,0,1,0,0,0,0,0,0,0,0,0,0
2021-06-20,1.1824469369379735,0,0,0,0,0,0,0,0,0,0,0,0,0,0,0,0,0,1,0,none,,0,none,,,0,0,0,none,,0,none,,1,end,497,direction_change,0,Trend Shift,none,0,0,0,0,0,1,0,0,0,0,0,0,0,0,0,0
2021-06-21,1.2163515853627251,0,0,0,0,0,0,0,0,0,0,0,0,0,0,0,0,0,1,0,none,,0,none,,,0,0,0,none,,0,none,,1,end,497,direction_change,0,Trend Shift,none,0,0,0,0,0,1,0,0,0,0,0,0,0,0,0,0
2021-06-22,1.0941416357558866,0,0,0,0,0,0,0,0,0,0,0,0,0,0,0,0,0,1,0,none,,0,none,,,0,0,0,none,,0,none,,1,end,497,direction_change,0,Trend Shift,none,0,0,0,0,0,1,0,0,0,0,0,0,0,0,0,0
2021-06-23,1.1171251198978296,0,0,0,0,0,0,0,0,0,0,0,0,0,0,0,0,0,1,0,none,,0,none,,,0,0,0,none,,0,none,,1,end,497,direction_change,0,Trend Shift,none,0,0,0,0,0,1,0,0,0,0,0,0,0,0,0,0
2021-06-24,1.0873683491239943,0,0,0,0,0,0,0,0,0,0,0,0,0,0,0,0,0,1,0,none,,0,none,,,0,0,0,none,,0,none,,1,end,497,direction_change,0,Trend Shift,none,0,0,0,0,0,1,0,0,0,0,0,0,0,0,0,0
2021-06-25,1.1257529068660241,0,0,0,0,0,0,0,0,0,0,0,0,0,0,0,0,0,1,0,none,,0,none,,,0,0,0,none,,0,none,,1,end,497,direction_change,0,Trend Shift,none,0,0,0,0,0,1,0,0,0,0,0,0,0,0,0,0
2021-06-26,1.0673603723789302,0,0,0,0,0,0,0,0,0,0,0,0,0,0,0,0,0,1,0,none,,0,none,,,0,0,0,none,,0,none,,1,end,497,direction_change,0,Trend Shift,none,0,0,0,0,0,1,0,0,0,0,0,0,0,0,0,0
2021-06-27,1.0573609883955621,0,0,0,0,0,0,0,0,0,0,0,0,0,0,0,0,0,1,0,none,,0,none,,,0,0,0,none,,0,none,,1,end,497,direction_change,0,Trend Shift,none,0,0,0,0,0,1,0,0,0,0,0,0,0,0,0,0
2021-06-28,1.1128296358547833,0,0,0,0,0,0,0,0,0,0,0,0,0,0,0,0,0,1,0,none,,0,none,,,0,0,0,none,,0,none,,1,end,497,direction_change,0,Trend Shift,none,0,0,0,0,0,1,0,0,0,0,0,0,0,0,0,0
2021-06-29,1.0950121848294945,0,0,0,0,0,0,0,0,0,0,0,0,0,0,0,0,0,1,0,none,,0,none,,,0,0,0,none,,0,none,,1,end,497,direction_change,0,Trend Shift,none,0,0,0,0,0,1,0,0,0,0,0,0,0,0,0,0
2021-06-30,0.9749897338609373,0,0,0,0,0,0,0,0,0,0,0,0,0,0,0,0,0,1,0,none,,0,none,,,0,0,0,none,,0,none,,1,end,497,direction_change,0,Trend Shift,none,0,0,0,0,0,1,0,0,0,0,0,0,0,0,0,0
2021-07-01,1.0612294949696406,0,0,0,0,0,0,0,0,0,0,0,0,0,0,0,0,0,1,0,none,,0,none,,,0,0,0,none,,0,none,,1,end,497,direction_change,0,Trend Shift,none,0,0,0,0,0,1,0,0,0,0,0,0,0,0,0,0
2021-07-02,1.0203478792082263,0,0,0,0,0,0,0,0,0,0,0,0,0,0,0,0,0,1,0,none,,0,none,,,0,0,0,none,,0,none,,1,end,497,direction_change,0,Trend Shift,none,0,0,0,0,0,1,0,0,0,0,0,0,0,0,0,0
2021-07-03,1.120594645661743,0,0,0,0,0,0,0,0,0,0,0,0,0,0,0,0,0,1,0,none,,0,none,,,0,0,0,none,,0,none,,1,end,497,direction_change,0,Trend Shift,none,0,0,0,0,0,1,0,0,0,0,0,0,0,0,0,0
2021-07-04,1.0677906148135305,0,0,0,0,0,0,0,0,0,0,0,0,0,0,0,0,0,1,0,none,,0,none,,,0,0,0,none,,0,none,,1,end,497,direction_change,0,Trend Shift,none,0,0,0,0,0,1,0,0,0,0,0,0,0,0,0,0
2021-07-05,0.9902227581115183,0,0,0,0,0,0,0,0,0,0,0,0,0,0,0,0,0,1,0,none,,0,none,,,0,0,0,none,,0,none,,1,end,497,direction_change,0,Trend Shift,none,0,0,0,0,0,1,0,0,0,0,0,0,0,0,0,0
2021-07-06,0.9529053342407099,0,0,0,0,0,0,0,0,0,0,0,0,0,0,0,0,0,1,0,none,,0,none,,,0,0,0,none,,0,none,,1,end,497,direction_change,0,Trend Shift,none,0,0,0,0,0,1,0,0,0,0,0,0,0,0,0,0
2021-07-07,1.088258590696754,0,0,0,0,0,0,0,0,0,0,0,0,0,0,0,0,0,1,0,none,,0,none,,,0,0,0,none,,0,none,,1,end,497,direction_change,0,Trend Shift,none,0,0,0,0,0,1,0,0,0,0,0,0,0,0,0,0
2021-07-08,1.0868936760188241,0,0,0,0,0,0,0,0,0,0,0,0,0,0,0,0,0,1,0,none,,0,none,,,0,0,0,none,,0,none,,1,end,497,direction_change,0,Trend Shift,none,0,0,0,0,0,1,0,0,0,0,0,0,0,0,0,0
2021-07-09,1.1645421983304183,0,0,0,0,0,0,0,0,0,0,0,0,0,0,0,0,0,1,0,none,,0,none,,,0,0,0,none,,0,none,,1,end,497,direction_change,0,Trend Shift,none,0,0,0,0,0,1,0,0,0,0,0,0,0,0,0,0
2021-07-10,0.9080382945132118,0,0,0,0,0,0,0,0,0,0,0,0,0,0,0,0,0,1,0,none,,0,none,,,0,0,0,none,,0,none,,1,end,497,direction_change,0,Trend Shift,none,0,0,0,0,0,1,0,0,0,0,0,0,0,0,0,0
2021-07-11,1.0081842072097649,0,0,0,0,0,0,0,0,0,0,0,0,0,0,0,0,0,1,0,none,,0,none,,,0,0,0,none,,0,none,,1,end,497,direction_change,0,Trend Shift,none,0,0,0,0,0,1,0,0,0,0,0,0,0,0,0,0
2021-07-12,1.0104380398815118,0,0,0,0,0,0,0,0,0,0,0,0,0,0,0,0,0,1,0,none,,0,none,,,0,0,0,none,,0,none,,1,end,497,direction_change,0,Trend Shift,none,0,0,0,0,0,1,0,0,0,0,0,0,0,0,0,0
2021-07-13,0.9473529291304056,0,0,0,0,0,0,0,0,0,0,0,0,0,0,0,0,0,1,0,none,,0,none,,,0,0,0,none,,0,none,,1,end,497,direction_change,0,Trend Shift,none,0,0,0,0,0,1,0,0,0,0,0,0,0,0,0,0
2021-07-14,0.9022165527616929,0,0,0,0,0,0,0,0,0,0,0,0,0,0,0,0,0,1,0,none,,0,none,,,0,0,0,none,,0,none,,1,end,497,direction_change,0,Trend Shift,none,0,0,0,0,0,1,0,0,0,0,0,0,0,0,0,0
2021-07-15,1.0717092495043774,0,0,0,0,0,0,0,0,0,0,0,0,0,0,0,0,0,1,0,none,,0,none,,,0,0,0,none,,0,none,,1,end,497,direction_change,0,Trend Shift,none,0,0,0,0,0,1,0,0,0,0,0,0,0,0,0,0
2021-07-16,0.9814656889990859,0,0,0,0,0,0,0,0,0,0,0,0,0,0,0,0,0,1,0,none,,0,none,,,0,0,0,none,,0,none,,1,end,497,direction_change,0,Trend Shift,none,0,0,0,0,0,1,0,0,0,0,0,0,0,0,0,0
2021-07-17,0.958239256111302,0,0,0,0,0,0,0,0,0,0,0,0,0,0,0,0,0,1,0,none,,0,none,,,0,0,0,none,,0,none,,1,end,497,direction_change,0,Trend Shift,none,0,0,0,0,0,1,0,0,0,0,0,0,0,0,0,0
2021-07-18,0.9679882264992888,0,0,0,0,0,0,0,0,0,0,0,0,0,0,0,0,0,1,0,none,,0,none,,,0,0,0,none,,0,none,,1,end,497,direction_change,0,Trend Shift,none,0,0,0,0,0,1,0,0,0,0,0,0,0,0,0,0
2021-07-19,0.8876347460742331,0,0,0,0,0,0,0,0,0,0,0,0,0,0,0,0,0,1,0,none,,0,none,,,0,0,0,none,,0,none,,1,end,497,direction_change,0,Trend Shift,none,0,0,0,0,0,1,0,0,0,0,0,0,0,0,0,0
2021-07-20,0.9870976455568755,0,0,0,0,0,0,0,0,0,0,0,0,0,0,0,0,0,1,0,none,,0,none,,,0,0,0,none,,0,none,,1,end,497,direction_change,0,Trend Shift,none,0,0,0,0,0,1,0,0,0,0,0,0,0,0,0,0
2021-07-21,0.8512677301737854,0,0,0,0,0,0,0,0,0,0,0,0,0,0,0,0,0,1,0,none,,0,none,,,0,0,0,none,,0,none,,1,end,497,direction_change,0,Trend Shift,none,0,0,0,0,0,1,0,0,0,0,0,0,0,0,0,0
2021-07-22,0.9058649248465703,0,0,0,0,0,0,0,0,0,0,0,0,0,0,0,0,0,1,0,none,,0,none,,,0,0,0,none,,0,none,,1,end,497,direction_change,0,Trend Shift,none,0,0,0,0,0,1,0,0,0,0,0,0,0,0,0,0
2021-07-23,0.9109084317922747,0,0,0,0,0,0,0,0,0,0,0,0,0,0,0,0,0,1,0,none,,0,none,,,0,0,0,none,,0,none,,1,end,497,direction_change,0,Trend Shift,none,0,0,0,0,0,1,0,0,0,0,0,0,0,0,0,0
2021-07-24,0.7612582638402332,0,0,0,0,0,0,0,0,0,0,0,0,0,0,0,0,0,1,0,none,,0,none,,,0,0,0,none,,0,none,,1,end,497,direction_change,0,Trend Shift,none,0,0,0,0,0,1,0,0,0,0,0,0,0,0,0,0
2021-07-25,0.9416542593753808,0,0,0,0,0,0,0,0,0,0,0,0,0,0,0,0,0,1,0,none,,0,none,,,0,0,0,none,,0,none,,1,end,497,direction_change,0,Trend Shift,none,0,0,0,0,0,1,0,0,0,0,0,0,0,0,0,0
2021-07-26,0.9322508097246337,0,0,0,0,0,0,0,0,0,0,0,0,0,0,0,0,0,1,0,none,,0,none,,,0,0,0,none,,0,none,,1,end,497,direction_change,0,Trend Shift,none,0,0,0,0,0,1,0,0,0,0,0,0,0,0,0,0
2021-07-27,1.0197888406947568,0,0,0,0,0,0,0,0,0,0,0,0,0,0,0,0,0,1,0,none,,0,none,,,0,0,0,none,,0,none,,1,end,497,direction_change,0,Trend Shift,none,0,0,0,0,0,1,0,0,0,0,0,0,0,0,0,0
2021-07-28,0.893703252598768,0,0,0,0,0,0,0,0,0,0,0,0,0,0,0,0,0,1,0,none,,0,none,,,0,0,0,none,,0,none,,1,end,497,direction_change,0,Trend Shift,none,0,0,0,0,0,1,0,0,0,0,0,0,0,0,0,0
2021-07-29,0.8103184448703125,0,0,0,0,0,0,0,0,0,0,0,0,0,0,0,0,0,1,0,none,,0,none,,,0,0,0,none,,0,none,,1,end,497,direction_change,0,Trend Shift,none,0,0,0,0,0,1,0,0,0,0,0,0,0,0,0,0
2021-07-30,0.8502000530813187,0,0,0,0,0,0,0,0,0,0,0,0,0,0,0,0,0,1,0,none,,0,none,,,0,0,0,none,,0,none,,1,end,497,direction_change,0,Trend Shift,none,0,0,0,0,0,1,0,0,0,0,0,0,0,0,0,0
2021-07-31,0.934208475291702,0,0,0,0,0,0,0,0,0,0,0,0,0,0,0,0,0,1,0,none,,0,none,,,0,0,0,none,,0,none,,1,end,497,direction_change,0,Trend Shift,none,0,0,0,0,0,1,0,0,0,0,0,0,0,0,0,0
2021-08-01,0.8699221693914397,0,0,0,0,0,0,0,0,0,0,0,0,0,0,0,0,0,1,0,none,,0,none,,,0,0,0,none,,0,none,,1,end,497,direction_change,0,Trend Shift,none,0,0,0,0,0,1,0,0,0,0,0,0,0,0,0,0
2021-08-02,0.8693463639115447,0,0,0,0,0,0,0,0,0,0,0,0,0,0,0,0,0,1,0,none,,0,none,,,0,0,0,none,,0,none,,1,end,497,direction_change,0,Trend Shift,none,0,0,0,0,0,1,0,0,0,0,0,0,0,0,0,0
2021-08-03,0.9050287840325827,0,0,0,0,0,0,0,0,0,0,0,0,0,0,0,0,0,1,0,none,,0,none,,,0,0,0,none,,0,none,,1,end,497,direction_change,0,Trend Shift,none,0,0,0,0,0,1,0,0,0,0,0,0,0,0,0,0
2021-08-04,0.7233381481857444,0,0,0,0,0,0,0,0,0,0,0,0,0,0,0,0,0,1,0,none,,0,none,,,0,0,0,none,,0,none,,1,end,497,direction_change,0,Trend Shift,none,0,0,0,0,0,1,0,0,0,0,0,0,0,0,0,0
2021-08-05,0.729874801155558,0,0,0,0,0,0,0,0,0,0,0,0,0,0,0,0,0,1,0,none,,0,none,,,0,0,0,none,,0,none,,1,end,497,direction_change,0,Trend Shift,none,0,0,0,0,0,1,0,0,0,0,0,0,0,0,0,0
2021-08-06,0.9015188633877458,0,0,0,0,0,0,0,0,0,0,0,0,0,0,0,0,0,1,0,none,,0,none,,,0,0,0,none,,0,none,,1,end,497,direction_change,0,Trend Shift,none,0,0,0,0,0,1,0,0,0,0,0,0,0,0,0,0
2021-08-07,0.8380301623226654,0,0,0,0,0,0,0,0,0,0,0,0,0,0,0,0,0,1,0,none,,0,none,,,0,0,0,none,,0,none,,1,end,497,direction_change,0,Trend Shift,none,0,0,0,0,0,1,0,0,0,0,0,0,0,0,0,0
2021-08-08,0.7047698476346206,0,0,0,0,0,0,0,0,0,0,0,0,0,0,0,0,0,1,0,none,,0,none,,,0,0,0,none,,0,none,,1,end,497,direction_change,0,Trend Shift,none,0,0,0,0,0,1,0,0,0,0,0,0,0,0,0,0
2021-08-09,0.8923341969565931,0,0,0,0,0,0,0,0,0,0,0,0,0,0,0,0,0,1,0,none,,0,none,,,0,0,0,none,,0,none,,1,end,497,direction_change,0,Trend Shift,none,0,0,0,0,0,1,0,0,0,0,0,0,0,0,0,0
2021-08-10,0.7746980351717792,0,0,0,0,0,0,0,0,0,0,0,0,0,0,0,0,0,1,0,none,,0,none,,,0,0,0,none,,0,none,,1,end,497,direction_change,0,Trend Shift,none,0,0,0,0,0,1,0,0,0,0,0,0,0,0,0,0
2021-08-11,0.7522023949552268,0,0,0,0,0,0,0,0,0,0,0,0,0,0,0,0,0,1,0,none,,0,none,,,0,0,0,none,,0,none,,1,end,497,direction_change,0,Trend Shift,none,0,0,0,0,0,1,0,0,0,0,0,0,0,0,0,0
2021-08-12,0.8559794306820329,0,0,0,0,0,0,0,0,0,0,0,0,0,0,0,0,0,1,0,none,,0,none,,,0,0,0,none,,0,none,,1,end,497,direction_change,0,Trend Shift,none,0,0,0,0,0,1,0,0,0,0,0,0,0,0,0,0
2021-08-13,0.7666766916157881,0,0,0,0,0,0,0,0,0,0,0,0,0,0,0,0,0,1,0,none,,0,none,,,0,0,0,none,,0,none,,1,end,497,direction_change,0,Trend Shift,none,0,0,0,0,0,1,0,0,0,0,0,0,0,0,0,0
2021-08-14,0.6753501320418676,0,0,0,0,0,0,0,0,0,0,0,0,0,0,0,0,0,1,0,none,,0,none,,,0,0,0,none,,0,none,,1,end,497,direction_change,0,Trend Shift,none,0,0,0,0,0,1,0,0,0,0,0,0,0,0,0,0
2021-08-15,0.7736532296211894,0,0,0,0,0,0,0,0,0,0,0,0,0,0,0,0,0,1,0,none,,0,none,,,0,0,0,none,,0,none,,1,end,497,direction_change,0,Trend Shift,none,0,0,0,0,0,1,0,0,0,0,0,0,0,0,0,0
2021-08-16,0.7486655360184734,0,0,0,0,0,0,0,0,0,0,0,0,0,0,0,0,0,1,0,none,,0,none,,,0,0,0,none,,0,none,,1,end,497,direction_change,0,Trend Shift,none,0,0,0,0,0,1,0,0,0,0,0,0,0,0,0,0
2021-08-17,0.848240143982683,0,0,0,0,0,0,0,0,0,0,0,0,0,0,0,0,0,1,0,none,,0,none,,,0,0,0,none,,0,none,,1,end,497,direction_change,0,Trend Shift,none,0,0,0,0,0,1,0,0,0,0,0,0,0,0,0,0
2021-08-18,0.7874183964356309,0,0,0,0,0,0,0,0,0,0,0,0,0,0,0,0,0,1,0,none,,0,none,,,0,0,0,none,,0,none,,1,end,497,direction_change,0,Trend Shift,none,0,0,0,0,0,1,0,0,0,0,0,0,0,0,0,0
2021-08-19,0.8473388193752094,0,0,0,0,0,0,0,0,0,0,0,0,0,0,0,0,0,1,0,none,,0,none,,,0,0,0,none,,0,none,,1,end,497,direction_change,0,Trend Shift,none,0,0,0,0,0,1,0,0,0,0,0,0,0,0,0,0
2021-08-20,0.6615106686700964,0,0,0,0,0,0,0,0,0,0,0,0,0,0,0,0,0,1,0,none,,0,none,,,0,0,0,none,,0,none,,1,end,497,direction_change,0,Trend Shift,none,0,0,0,0,0,1,0,0,0,0,0,0,0,0,0,0
2021-08-21,0.6961078790719236,0,0,0,0,0,0,0,0,0,0,0,0,0,0,0,0,0,1,0,none,,0,none,,,0,0,0,none,,0,none,,1,end,497,direction_change,0,Trend Shift,none,0,0,0,0,0,1,0,0,0,0,0,0,0,0,0,0
2021-08-22,0.75034121875809,0,0,0,0,0,0,0,0,0,0,0,0,0,0,0,0,0,1,0,none,,0,none,,,0,0,0,none,,0,none,,1,end,497,direction_change,0,Trend Shift,none,0,0,0,0,0,1,0,0,0,0,0,0,0,0,0,0
2021-08-23,0.6647147317662563,0,0,0,0,0,0,0,0,0,0,0,0,0,0,0,0,0,1,0,none,,0,none,,,0,0,0,none,,0,none,,1,end,497,direction_change,0,Trend Shift,none,0,0,0,0,0,1,0,0,0,0,0,0,0,0,0,0
2021-08-24,0.6310025182452133,0,0,0,0,0,0,0,0,0,0,0,0,0,0,0,0,0,1,0,none,,0,none,,,0,0,0,none,,0,none,,1,end,497,direction_change,0,Trend Shift,none,0,0,0,0,0,1,0,0,0,0,0,0,0,0,0,0
2021-08-25,0.7550403125065686,0,0,0,0,0,0,0,0,0,0,0,0,0,0,0,0,0,1,0,none,,0,none,,,0,0,0,none,,0,none,,1,end,497,direction_change,0,Trend Shift,none,0,0,0,0,0,1,0,0,0,0,0,0,0,0,0,0
2021-08-26,0.7315632899042646,0,0,0,0,0,0,0,0,0,0,0,0,0,0,0,0,0,1,0,none,,0,none,,,0,0,0,none,,0,none,,1,end,497,direction_change,0,Trend Shift,none,0,0,0,0,0,1,0,0,0,0,0,0,0,0,0,0
2021-08-27,0.6654519089611953,0,0,0,0,0,0,0,0,0,0,0,0,0,0,0,0,0,1,0,none,,0,none,,,0,0,0,none,,0,none,,1,end,497,direction_change,0,Trend Shift,none,0,0,0,0,0,1,0,0,0,0,0,0,0,0,0,0
2021-08-28,0.6255823592269234,0,0,0,0,0,0,0,0,0,0,0,0,0,0,0,0,0,1,0,none,,0,none,,,0,0,0,none,,0,none,,1,end,497,direction_change,0,Trend Shift,none,0,0,0,0,0,1,0,0,0,0,0,0,0,0,0,0
2021-08-29,0.7356109454889685,0,0,0,0,0,0,0,0,0,0,0,0,0,0,0,0,0,1,0,none,,0,none,,,0,0,0,none,,0,none,,1,end,497,direction_change,0,Trend Shift,none,0,0,0,0,0,1,0,0,0,0,0,0,0,0,0,0
2021-08-30,0.6202024248127689,0,0,0,0,0,0,0,0,0,0,0,0,0,0,0,0,0,1,0,none,,0,none,,,0,0,0,none,,0,none,,1,end,497,direction_change,0,Trend Shift,none,0,0,0,0,0,1,0,0,0,0,0,0,0,0,0,0
2021-08-31,0.6642117839371028,0,0,0,0,0,0,0,0,0,0,0,0,0,0,0,0,0,1,0,none,,0,none,,,0,0,0,none,,0,none,,1,end,497,direction_change,0,Trend Shift,none,0,0,0,0,0,1,0,0,0,0,0,0,0,0,0,0
2021-09-01,0.7218238027748177,0,0,0,0,0,0,0,0,0,0,0,0,0,0,0,0,0,1,0,none,,0,none,,,0,0,0,none,,0,none,,1,end,497,direction_change,0,Trend Shift,none,0,0,0,0,0,1,0,0,0,0,0,0,0,0,0,0
2021-09-02,0.6210399022130532,0,0,0,0,0,0,0,0,0,0,0,0,0,0,0,0,0,1,0,none,,0,none,,,0,0,0,none,,0,none,,1,end,497,direction_change,0,Trend Shift,none,0,0,0,0,0,1,0,0,0,0,0,0,0,0,0,0
2021-09-03,0.6904708823066089,0,0,0,0,0,0,0,0,0,0,0,0,0,0,0,0,0,1,0,none,,0,none,,,0,0,0,none,,0,none,,1,end,497,direction_change,0,Trend Shift,none,0,0,0,0,0,1,0,0,0,0,0,0,0,0,0,0
2021-09-04,0.5199122709507829,0,0,0,0,0,0,0,0,0,0,0,0,0,0,0,0,0,1,0,none,,0,none,,,0,0,0,none,,0,none,,1,end,497,direction_change,0,Trend Shift,none,0,0,0,0,0,1,0,0,0,0,0,0,0,0,0,0
2021-09-05,0.6224470554980441,0,0,0,0,0,0,0,0,0,0,0,0,0,0,0,0,0,1,0,none,,0,none,,,0,0,0,none,,0,none,,1,end,497,direction_change,0,Trend Shift,none,0,0,0,0,0,1,0,0,0,0,0,0,0,0,0,0
2021-09-06,0.6499874058687696,0,0,0,0,0,0,0,0,0,0,0,0,0,0,0,0,0,1,0,none,,0,none,,,0,0,0,none,,0,none,,1,end,497,direction_change,0,Trend Shift,none,0,0,0,0,0,1,0,0,0,0,0,0,0,0,0,0
2021-09-07,0.5712879265947476,0,0,0,0,0,0,0,0,0,0,0,0,0,0,0,0,0,1,0,none,,0,none,,,0,0,0,none,,0,none,,1,end,497,direction_change,0,Trend Shift,none,0,0,0,0,0,1,0,0,0,0,0,0,0,0,0,0
2021-09-08,0.4753639379184491,0,0,0,0,0,0,0,0,0,0,0,0,0,0,0,0,0,1,0,none,,0,none,,,0,0,0,none,,0,none,,1,end,497,direction_change,0,Trend Shift,none,0,0,0,0,0,1,0,0,0,0,0,0,0,0,0,0
2021-09-09,0.576518108684993,0,0,0,0,0,0,0,0,0,0,0,0,0,0,0,0,0,1,0,none,,0,none,,,0,0,0,none,,0,none,,1,end,497,direction_change,0,Trend Shift,none,0,0,0,0,0,1,0,0,0,0,0,0,0,0,0,0
2021-09-10,0.6235362748794365,0,0,0,0,0,0,0,0,0,0,0,0,0,0,0,0,0,1,0,none,,0,none,,,0,0,0,none,,0,none,,1,end,497,direction_change,0,Trend Shift,none,0,0,0,0,0,1,0,0,0,0,0,0,0,0,0,0
2021-09-11,0.5896753999489369,0,0,0,0,0,0,0,0,0,0,0,0,0,0,0,0,0,1,0,none,,0,none,,,0,0,0,none,,0,none,,1,end,497,direction_change,0,Trend Shift,none,0,0,0,0,0,1,0,0,0,0,0,0,0,0,0,0
2021-09-12,0.5411063572594909,0,0,0,0,0,0,0,0,0,0,0,0,0,0,0,0,0,1,0,none,,0,none,,,0,0,0,none,,0,none,,1,end,497,direction_change,0,Trend Shift,none,0,0,0,0,0,1,0,0,0,0,0,0,0,0,0,0
2021-09-13,0.5459060431494422,0,0,0,0,0,0,0,0,0,0,0,0,0,0,0,0,0,1,0,none,,0,none,,,0,0,0,none,,0,none,,1,end,497,direction_change,0,Trend Shift,none,0,0,0,0,0,1,0,0,0,0,0,0,0,0,0,0
2021-09-14,0.5909915064832907,0,0,0,0,0,0,0,0,0,0,0,0,0,0,0,0,0,1,0,none,,0,none,,,0,0,0,none,,0,none,,1,end,497,direction_change,0,Trend Shift,none,0,0,0,0,0,1,0,0,0,0,0,0,0,0,0,0
2021-09-15,0.5522237404248407,0,0,0,0,0,0,0,0,0,0,0,0,0,0,0,0,0,1,0,none,,0,none,,,0,0,0,none,,0,none,,1,end,497,direction_change,0,Trend Shift,none,0,0,0,0,0,1,0,0,0,0,0,0,0,0,0,0
2021-09-16,0.5528506671496731,0,0,0,0,0,0,0,0,0,0,0,0,0,0,0,0,0,1,0,none,,0,none,,,0,0,0,none,,0,none,,1,end,497,direction_change,0,Trend Shift,none,0,0,0,0,0,1,0,0,0,0,0,0,0,0,0,0
2021-09-17,0.5510211532406576,0,0,0,0,0,0,0,0,0,0,0,0,0,0,0,0,0,1,0,none,,0,none,,,0,0,0,none,,0,none,,1,end,497,direction_change,0,Trend Shift,none,0,0,0,0,0,1,0,0,0,0,0,0,0,0,0,0
2021-09-18,0.5026029386584723,0,0,0,0,0,0,0,0,0,0,0,0,0,0,0,0,0,1,0,none,,0,none,,,0,0,0,none,,0,none,,1,end,497,direction_change,0,Trend Shift,none,0,0,0,0,0,1,0,0,0,0,0,0,0,0,0,0
2021-09-19,0.6230790956274433,0,0,0,0,0,0,0,0,0,0,0,0,0,0,0,0,0,1,0,none,,0,none,,,0,0,0,none,,0,none,,1,end,497,direction_change,0,Trend Shift,none,0,0,0,0,0,1,0,0,0,0,0,0,0,0,0,0
2021-09-20,0.45092215622478116,0,0,0,0,0,0,0,0,0,0,0,0,0,0,0,0,0,1,0,none,,0,none,,,0,0,0,none,,0,none,,1,end,497,direction_change,0,Trend Shift,none,0,0,0,0,0,1,0,0,0,0,0,0,0,0,0,0
2021-09-21,0.5399731726224737,0,0,0,0,0,0,0,0,0,0,0,0,0,0,0,0,0,1,0,none,,0,none,,,0,0,0,none,,0,none,,1,end,497,direction_change,0,Trend Shift,none,0,0,0,0,0,1,0,0,0,0,0,0,0,0,0,0
2021-09-22,0.4564714342157905,0,0,0,0,0,0,0,0,0,0,0,0,0,0,0,0,0,1,0,none,,0,none,,,0,0,0,none,,0,none,,1,end,497,direction_change,0,Trend Shift,none,0,0,0,0,0,1,0,0,0,0,0,0,0,0,0,0
2021-09-23,0.5822801728404321,0,0,0,0,0,0,0,0,0,0,0,0,0,0,0,0,0,1,0,none,,0,none,,,0,0,0,none,,0,none,,1,end,497,direction_change,0,Trend Shift,none,0,0,0,0,0,1,0,0,0,0,0,0,0,0,0,0
2021-09-24,0.48697890722192283,0,0,0,0,0,0,0,0,0,0,0,0,0,0,0,0,0,1,0,none,,0,none,,,0,0,0,none,,0,none,,1,end,497,direction_change,0,Trend Shift,none,0,0,0,0,0,1,0,0,0,0,0,0,0,0,0,0
2021-09-25,0.5057668973648766,0,0,0,0,0,0,0,0,0,0,0,0,0,0,0,0,0,1,0,none,,0,none,,,0,0,0,none,,0,none,,1,end,497,direction_change,0,Trend Shift,none,0,0,0,0,0,1,0,0,0,0,0,0,0,0,0,0
2021-09-26,0.4305407715716811,0,0,0,0,0,0,0,0,0,0,0,0,0,0,0,0,0,1,0,none,,0,none,,,0,0,0,none,,0,none,,1,end,497,direction_change,0,Trend Shift,none,0,0,0,0,0,1,0,0,0,0,0,0,0,0,0,0
2021-09-27,0.4576387965895929,0,0,0,0,0,0,0,0,0,0,0,0,0,0,0,0,0,1,0,none,,0,none,,,0,0,0,none,,0,none,,1,end,497,direction_change,0,Trend Shift,none,0,0,0,0,0,1,0,0,0,0,0,0,0,0,0,0
2021-09-28,0.46869172004604637,0,0,0,0,0,0,0,0,0,0,0,0,0,0,0,0,0,1,0,none,,0,none,,,0,0,0,none,,0,none,,1,end,497,direction_change,0,Trend Shift,none,0,0,0,0,0,1,0,0,0,0,0,0,0,0,0,0
2021-09-29,0.3828940327850999,0,0,0,0,0,0,0,0,0,0,0,0,0,0,0,0,0,1,0,none,,0,none,,,0,0,0,none,,0,none,,1,end,497,direction_change,0,Trend Shift,none,0,0,0,0,0,1,0,0,0,0,0,0,0,0,0,0
2021-09-30,0.5880627340581958,0,0,0,0,0,0,0,0,0,0,0,0,0,0,0,0,0,1,0,none,,0,none,,,0,0,0,none,,0,none,,1,end,497,direction_change,0,Trend Shift,none,0,0,0,0,0,1,0,0,0,0,0,0,0,0,0,0
2021-10-01,0.46139911783366727,0,0,0,0,0,0,0,0,0,0,0,0,0,0,0,0,0,1,0,none,,0,none,,,0,0,0,none,,0,none,,1,end,497,direction_change,0,Trend Shift,none,0,0,0,0,0,1,0,0,0,0,0,0,0,0,0,0
2021-10-02,0.4538758258187851,0,0,0,0,0,0,0,0,0,0,0,0,0,0,0,0,0,1,0,none,,0,none,,,0,0,0,none,,0,none,,1,end,497,direction_change,0,Trend Shift,none,0,0,0,0,0,1,0,0,0,0,0,0,0,0,0,0
2021-10-03,0.48937900036873183,0,0,0,0,0,0,0,0,0,0,0,0,0,0,0,0,0,1,0,none,,0,none,,,0,0,0,none,,0,none,,1,end,497,direction_change,0,Trend Shift,none,0,0,0,0,0,1,0,0,0,0,0,0,0,0,0,0
2021-10-04,0.3723392764643265,0,0,0,0,0,0,0,0,0,0,0,0,0,0,0,0,0,1,0,none,,0,none,,,0,0,0,none,,0,none,,1,end,497,direction_change,0,Trend Shift,none,0,0,0,0,0,1,0,0,0,0,0,0,0,0,0,0
2021-10-05,0.3366819509690224,0,0,0,0,0,0,0,0,0,0,0,0,0,0,0,0,0,1,0,none,,0,none,,,0,0,0,none,,0,none,,1,end,497,direction_change,0,Trend Shift,none,0,0,0,0,0,1,0,0,0,0,0,0,0,0,0,0
2021-10-06,0.36574502759081573,0,0,0,0,0,0,0,0,0,0,0,0,0,0,0,0,0,1,0,none,,0,none,,,0,0,0,none,,0,none,,1,end,497,direction_change,0,Trend Shift,none,0,0,0,0,0,1,0,0,0,0,0,0,0,0,0,0
2021-10-07,0.43831256008236963,0,0,0,0,0,0,0,0,0,0,0,0,0,0,0,0,0,1,0,none,,0,none,,,0,0,0,none,,0,none,,1,end,497,direction_change,0,Trend Shift,none,0,0,0,0,0,1,0,0,0,0,0,0,0,0,0,0
2021-10-08,0.35972899643087974,0,0,0,0,0,0,0,0,0,0,0,0,0,0,0,0,0,1,0,none,,0,none,,,0,0,0,none,,0,none,,1,end,497,direction_change,0,Trend Shift,none,0,0,0,0,0,1,0,0,0,0,0,0,0,0,0,0
2021-10-09,0.2933191034753019,0,0,0,0,0,0,0,0,0,0,0,0,0,0,0,0,0,1,0,none,,0,none,,,0,0,0,none,,0,none,,1,end,497,direction_change,0,Trend Shift,none,0,0,0,0,0,1,0,0,0,0,0,0,0,0,0,0
